{"type":"FeatureCollection","features":[
{"type":"Feature","properties":{"slug":"bantaeng","nama":"Kabupaten Bantaeng","osm":"relation/12573476","pusat":[-5.49645539944904,119.98744650137752]},"geometry":{"type":"Polygon","coordinates":[[[120.09622,-5.56179],[120.096,-5.56304],[120.09728,-5.56469],[120.09957,-5.56509],[120.10021,-5.56578],[120.09822,-5.56694],[120.09893,-5.5677],[120.09853,-5.57018],[120.1005,-5.57172],[120.09836,-5.57416],[120.10023,-5.57512],[120.09868,-5.57729],[120.0993,-5.57952],[120.09875,-5.58024],[120.0997,-5.58089],[120.10124,-5.58565],[120.09731,-5.58421],[120.09303,-5.58401],[120.08964,-5.58464],[120.08399,-5.5885],[120.0799,-5.58655],[120.07171,-5.58526],[120.06518,-5.58333],[120.06479,-5.58357],[120.06636,-5.58396],[120.06553,-5.58697],[120.06603,-5.58721],[120.06537,-5.58819],[120.06408,-5.58733],[120.06318,-5.58789],[120.06253,-5.5874],[120.06324,-5.58692],[120.06448,-5.5837],[120.06247,-5.58252],[120.05935,-5.58279],[120.05383,-5.57859],[120.04996,-5.57797],[120.04765,-5.5789],[120.04531,-5.57734],[120.03623,-5.57378],[120.03101,-5.5736],[120.03058,-5.57303],[120.02519,-5.57182],[120.02527,-5.57132],[120.02311,-5.57052],[120.0225,-5.57199],[120.022,-5.57189],[120.02204,-5.57035],[120.02039,-5.57058],[120.01857,-5.56985],[120.01807,-5.57024],[120.01781,-5.56956],[120.01521,-5.5691],[120.01393,-5.56709],[120.01087,-5.56615],[120.00998,-5.56492],[120.00411,-5.56121],[120.00316,-5.56148],[120.00351,-5.56198],[120.00197,-5.56094],[119.99994,-5.56049],[119.99966,-5.56097],[119.99908,-5.56034],[119.99439,-5.55967],[119.99496,-5.55941],[119.9942,-5.559],[119.99318,-5.55917],[119.99352,-5.55955],[119.99224,-5.55906],[119.98873,-5.55997],[119.98817,-5.56081],[119.98642,-5.56],[119.98202,-5.56117],[119.98207,-5.56034],[119.97612,-5.5587],[119.97346,-5.55877],[119.97222,-5.55955],[119.97278,-5.55869],[119.97159,-5.5574],[119.9667,-5.55496],[119.96611,-5.55519],[119.96534,-5.55403],[119.95197,-5.55333],[119.94942,-5.55216],[119.94751,-5.54951],[119.94669,-5.55064],[119.94457,-5.54985],[119.94424,-5.54956],[119.94528,-5.54873],[119.94221,-5.54574],[119.93908,-5.5446],[119.93373,-5.54515],[119.92985,-5.54668],[119.92673,-5.54912],[119.92472,-5.55345],[119.92333,-5.55341],[119.91905,-5.55894],[119.91765,-5.56472],[119.9183,-5.56524],[119.9168,-5.56599],[119.91148,-5.57285],[119.90738,-5.57666],[119.90587,-5.5733],[119.90474,-5.57239],[119.90554,-5.57137],[119.9089,-5.56996],[119.9069,-5.56541],[119.90819,-5.5644],[119.90729,-5.56355],[119.90621,-5.56415],[119.90599,-5.56338],[119.90308,-5.56401],[119.90144,-5.56132],[119.90217,-5.5602],[119.90202,-5.55917],[119.90092,-5.55893],[119.90049,-5.55729],[119.89761,-5.55735],[119.8953,-5.55936],[119.89405,-5.5615],[119.89241,-5.56152],[119.89092,-5.56253],[119.88342,-5.55816],[119.88319,-5.55691],[119.87352,-5.5565],[119.87204,-5.55539],[119.86715,-5.55381],[119.86678,-5.5529],[119.86601,-5.55294],[119.8662,-5.55381],[119.86506,-5.55453],[119.8603,-5.55394],[119.85867,-5.55478],[119.85642,-5.55456],[119.85641,-5.55269],[119.85758,-5.55193],[119.85696,-5.54987],[119.85915,-5.54587],[119.85892,-5.5444],[119.86087,-5.54269],[119.8605,-5.54167],[119.86208,-5.53711],[119.86241,-5.53484],[119.86182,-5.53441],[119.86284,-5.53084],[119.8619,-5.52997],[119.86113,-5.52682],[119.85986,-5.5252],[119.85863,-5.52411],[119.85731,-5.52431],[119.8553,-5.52137],[119.85338,-5.51754],[119.8541,-5.51463],[119.86136,-5.52029],[119.86918,-5.52356],[119.86958,-5.52544],[119.87286,-5.52726],[119.87431,-5.52908],[119.87596,-5.52887],[119.87584,-5.52467],[119.87471,-5.5224],[119.87503,-5.52168],[119.87343,-5.51892],[119.87383,-5.51696],[119.87536,-5.51441],[119.87531,-5.51282],[119.87453,-5.51187],[119.87565,-5.50988],[119.87598,-5.50687],[119.87461,-5.50595],[119.87433,-5.50448],[119.87576,-5.5015],[119.87901,-5.49918],[119.88019,-5.49512],[119.87956,-5.49406],[119.87985,-5.49134],[119.88086,-5.48913],[119.8833,-5.48797],[119.89135,-5.48059],[119.89542,-5.4778],[119.89688,-5.47557],[119.89769,-5.47109],[119.89705,-5.46833],[119.89784,-5.46756],[119.89814,-5.46368],[119.89943,-5.46148],[119.90364,-5.45866],[119.90418,-5.45721],[119.90694,-5.45607],[119.90699,-5.45434],[119.90865,-5.45244],[119.91054,-5.44511],[119.91227,-5.44272],[119.9163,-5.43938],[119.91898,-5.43834],[119.92346,-5.43507],[119.92387,-5.4338],[119.92325,-5.43239],[119.92507,-5.42622],[119.92654,-5.42512],[119.92663,-5.41973],[119.929,-5.41736],[119.93095,-5.41652],[119.93168,-5.41428],[119.93655,-5.40876],[119.93743,-5.40537],[119.9381,-5.39399],[119.93722,-5.39183],[119.93801,-5.38756],[119.93778,-5.38529],[119.93725,-5.3849],[119.93783,-5.38209],[119.93414,-5.38034],[119.93234,-5.37785],[119.9319,-5.37409],[119.92804,-5.36704],[119.93366,-5.36093],[119.93651,-5.36004],[119.93724,-5.358],[119.93596,-5.35633],[119.93744,-5.35454],[119.93921,-5.35367],[119.94128,-5.35384],[119.94507,-5.35561],[119.94752,-5.35492],[119.95377,-5.35465],[119.95643,-5.3538],[119.9598,-5.35549],[119.96302,-5.35912],[119.96242,-5.36173],[119.9692,-5.36707],[119.97036,-5.3704],[119.97225,-5.3723],[119.97263,-5.37476],[119.97512,-5.37672],[119.97467,-5.37897],[119.97585,-5.37931],[119.97733,-5.38085],[119.97755,-5.38238],[119.98032,-5.3859],[119.98094,-5.38875],[119.97984,-5.39039],[119.98272,-5.39084],[119.98306,-5.39174],[119.98564,-5.39219],[119.9862,-5.39123],[119.9892,-5.39082],[119.99077,-5.38888],[119.99175,-5.38943],[119.99409,-5.3892],[119.99494,-5.38994],[119.99833,-5.38934],[119.99987,-5.39018],[120.00338,-5.387],[120.00422,-5.38759],[120.00555,-5.38743],[120.00657,-5.38842],[120.01105,-5.3879],[120.01146,-5.38704],[120.01582,-5.39001],[120.01797,-5.38928],[120.01981,-5.39058],[120.02138,-5.39081],[120.02251,-5.38988],[120.02315,-5.39117],[120.02456,-5.39084],[120.02639,-5.39306],[120.02767,-5.39258],[120.0289,-5.39332],[120.02905,-5.39615],[120.03029,-5.39739],[120.03066,-5.39962],[120.03237,-5.40078],[120.03464,-5.40661],[120.03331,-5.4083],[120.03217,-5.40806],[120.03077,-5.40944],[120.02916,-5.40997],[120.02935,-5.4108],[120.03436,-5.4167],[120.03857,-5.4193],[120.03951,-5.42276],[120.0438,-5.42949],[120.04559,-5.42999],[120.04905,-5.43311],[120.0507,-5.43683],[120.05223,-5.43703],[120.05393,-5.43852],[120.05472,-5.43819],[120.0561,-5.43907],[120.05528,-5.4409],[120.0527,-5.44349],[120.05255,-5.44447],[120.05364,-5.44587],[120.05291,-5.44659],[120.05302,-5.44768],[120.05737,-5.44863],[120.05751,-5.45008],[120.05644,-5.45122],[120.05686,-5.45167],[120.0591,-5.45068],[120.06105,-5.45234],[120.06298,-5.45255],[120.06394,-5.45379],[120.06611,-5.45447],[120.06577,-5.45492],[120.06786,-5.45604],[120.06712,-5.45683],[120.06802,-5.4572],[120.06929,-5.45938],[120.07009,-5.46251],[120.07213,-5.46322],[120.07304,-5.46588],[120.07527,-5.46842],[120.07833,-5.47365],[120.082,-5.47624],[120.08213,-5.47753],[120.08325,-5.47825],[120.08333,-5.48002],[120.08475,-5.48085],[120.08536,-5.48257],[120.08682,-5.48379],[120.08737,-5.48728],[120.09025,-5.48882],[120.09146,-5.4916],[120.09068,-5.49324],[120.09103,-5.49495],[120.09007,-5.49656],[120.09102,-5.49828],[120.09037,-5.49911],[120.0925,-5.50117],[120.09283,-5.50411],[120.09513,-5.5086],[120.09526,-5.51271],[120.09597,-5.51367],[120.09542,-5.51437],[120.09647,-5.51625],[120.09608,-5.51781],[120.09672,-5.51858],[120.09639,-5.52061],[120.09758,-5.52313],[120.09696,-5.52411],[120.09814,-5.52558],[120.09769,-5.52761],[120.09832,-5.52888],[120.09734,-5.53174],[120.09899,-5.53271],[120.09815,-5.5349],[120.09958,-5.53977],[120.09988,-5.54352],[120.09912,-5.54572],[120.09739,-5.54583],[120.09853,-5.54768],[120.10009,-5.54877],[120.09867,-5.55056],[120.10166,-5.55312],[120.10024,-5.5537],[120.0998,-5.55457],[120.10227,-5.55573],[120.10116,-5.55873],[120.09944,-5.55903],[120.09743,-5.56161],[120.09622,-5.56179]]]}},
{"type":"Feature","properties":{"slug":"barru","nama":"Kabupaten Barru","osm":"relation/13246110","pusat":[-4.425707711496745,119.69270678958787]},"geometry":{"type":"MultiPolygon","coordinates":[[[[119.69625,-4.78791],[119.69811,-4.78924],[119.70033,-4.78934],[119.70245,-4.78793],[119.70424,-4.78797],[119.70495,-4.78649],[119.70652,-4.78761],[119.70809,-4.78741],[119.70903,-4.78629],[119.70947,-4.78739],[119.71204,-4.78817],[119.71335,-4.78679],[119.71448,-4.78662],[119.71745,-4.78871],[119.71904,-4.78777],[119.722,-4.7883],[119.72335,-4.78767],[119.72624,-4.78973],[119.72662,-4.79116],[119.7291,-4.79219],[119.72953,-4.79349],[119.72909,-4.79674],[119.72998,-4.79757],[119.73034,-4.80071],[119.73321,-4.79975],[119.73316,-4.79712],[119.73523,-4.79612],[119.73698,-4.79693],[119.73811,-4.79539],[119.7406,-4.79622],[119.74344,-4.79479],[119.74465,-4.79533],[119.74363,-4.79614],[119.74406,-4.79695],[119.74542,-4.79644],[119.74626,-4.79704],[119.74767,-4.79683],[119.74887,-4.79807],[119.74901,-4.79719],[119.74699,-4.79486],[119.74976,-4.79458],[119.75006,-4.79325],[119.74896,-4.79088],[119.75096,-4.79008],[119.75121,-4.7889],[119.754,-4.78868],[119.75425,-4.789],[119.75292,-4.78995],[119.75411,-4.79007],[119.75581,-4.78958],[119.75574,-4.78858],[119.75771,-4.7891],[119.75932,-4.78805],[119.75906,-4.787],[119.75755,-4.78559],[119.75955,-4.78509],[119.75924,-4.78322],[119.75699,-4.78366],[119.7566,-4.78208],[119.75564,-4.78391],[119.75266,-4.78154],[119.75269,-4.78107],[119.75407,-4.78088],[119.75457,-4.77824],[119.75558,-4.7769],[119.75511,-4.77517],[119.75782,-4.77539],[119.75933,-4.77277],[119.7609,-4.77259],[119.7643,-4.76941],[119.76524,-4.76582],[119.76642,-4.7644],[119.7668,-4.76041],[119.76833,-4.75835],[119.77108,-4.75749],[119.77151,-4.75487],[119.77348,-4.75381],[119.77617,-4.75365],[119.77798,-4.75451],[119.78362,-4.75332],[119.78815,-4.75314],[119.789,-4.7571],[119.79077,-4.75984],[119.79431,-4.7629],[119.7982,-4.76217],[119.79913,-4.76338],[119.80119,-4.76356],[119.80309,-4.76272],[119.80434,-4.76109],[119.80638,-4.76028],[119.80829,-4.75839],[119.80786,-4.75545],[119.81101,-4.75464],[119.81291,-4.75222],[119.81556,-4.7524],[119.81656,-4.75024],[119.81994,-4.75149],[119.82067,-4.74641],[119.8224,-4.74307],[119.823,-4.73961],[119.82187,-4.73677],[119.82212,-4.73337],[119.82134,-4.73227],[119.82077,-4.72868],[119.82252,-4.72474],[119.82548,-4.72128],[119.82581,-4.7177],[119.82079,-4.71581],[119.81724,-4.70723],[119.81214,-4.70436],[119.81053,-4.7023],[119.80832,-4.70149],[119.80627,-4.69934],[119.80209,-4.69793],[119.79968,-4.69779],[119.7993,-4.69709],[119.79801,-4.69687],[119.79788,-4.69572],[119.79512,-4.6948],[119.79317,-4.69213],[119.79041,-4.69181],[119.78949,-4.68997],[119.78692,-4.68839],[119.78367,-4.68797],[119.78107,-4.68891],[119.77821,-4.68733],[119.77477,-4.68688],[119.77283,-4.68808],[119.77325,-4.68898],[119.77237,-4.68907],[119.77137,-4.69027],[119.76988,-4.68855],[119.76805,-4.68854],[119.76498,-4.68612],[119.76046,-4.68607],[119.76008,-4.68271],[119.76117,-4.68152],[119.76186,-4.67877],[119.76288,-4.67736],[119.76202,-4.67535],[119.76339,-4.66846],[119.76335,-4.66589],[119.76238,-4.6647],[119.76194,-4.66182],[119.75883,-4.66068],[119.75847,-4.65586],[119.75983,-4.65333],[119.75937,-4.65103],[119.75976,-4.64837],[119.75588,-4.64381],[119.75628,-4.64003],[119.75774,-4.63921],[119.75677,-4.63628],[119.75804,-4.63549],[119.75901,-4.63307],[119.75942,-4.6255],[119.76568,-4.6236],[119.766,-4.62152],[119.76497,-4.61989],[119.76607,-4.61572],[119.76869,-4.6152],[119.76961,-4.61379],[119.77143,-4.61442],[119.77492,-4.61352],[119.77589,-4.61179],[119.77738,-4.61113],[119.77761,-4.60981],[119.78061,-4.61026],[119.78059,-4.6088],[119.78325,-4.60862],[119.78535,-4.60698],[119.7882,-4.606],[119.78955,-4.60415],[119.7902,-4.59859],[119.79243,-4.59879],[119.79377,-4.59822],[119.79576,-4.59898],[119.79717,-4.5955],[119.79984,-4.59311],[119.80021,-4.59207],[119.80273,-4.59207],[119.80071,-4.58844],[119.80019,-4.58537],[119.79961,-4.5849],[119.80019,-4.58019],[119.80133,-4.58019],[119.80191,-4.57937],[119.801,-4.57507],[119.80093,-4.57051],[119.80057,-4.56958],[119.7991,-4.56866],[119.79907,-4.56727],[119.79791,-4.56527],[119.79825,-4.56426],[119.79973,-4.56366],[119.80029,-4.56101],[119.80856,-4.55374],[119.81013,-4.54913],[119.81082,-4.54182],[119.80758,-4.53666],[119.80416,-4.5349],[119.80341,-4.53312],[119.8017,-4.53178],[119.80306,-4.525],[119.79957,-4.52432],[119.79939,-4.52223],[119.798,-4.52034],[119.79529,-4.51925],[119.79372,-4.51709],[119.79186,-4.51681],[119.79135,-4.51484],[119.78994,-4.51326],[119.78994,-4.51151],[119.79069,-4.51041],[119.78911,-4.5092],[119.78959,-4.50741],[119.78874,-4.50475],[119.79117,-4.5041],[119.79118,-4.50228],[119.78867,-4.50034],[119.79125,-4.49781],[119.79153,-4.49565],[119.78927,-4.49486],[119.7863,-4.49147],[119.78252,-4.48943],[119.78119,-4.48989],[119.77901,-4.48892],[119.7746,-4.48346],[119.77095,-4.48687],[119.768,-4.48666],[119.76516,-4.48739],[119.76305,-4.48703],[119.7632,-4.48511],[119.75856,-4.48038],[119.758,-4.4769],[119.75888,-4.4744],[119.75774,-4.47032],[119.75847,-4.46861],[119.75843,-4.46594],[119.75782,-4.46471],[119.75381,-4.46127],[119.75396,-4.45898],[119.75339,-4.45775],[119.75668,-4.45375],[119.75661,-4.4506],[119.75595,-4.44961],[119.75654,-4.44739],[119.75579,-4.44499],[119.7565,-4.44293],[119.7573,-4.44242],[119.75715,-4.44088],[119.75802,-4.43917],[119.75722,-4.43406],[119.75599,-4.43254],[119.75787,-4.4263],[119.75801,-4.42406],[119.75721,-4.42322],[119.75817,-4.42118],[119.75545,-4.41669],[119.75782,-4.41364],[119.75896,-4.40713],[119.75985,-4.4065],[119.75874,-4.40452],[119.75729,-4.40429],[119.75379,-4.39922],[119.7535,-4.3963],[119.75422,-4.39504],[119.75305,-4.39295],[119.75164,-4.38626],[119.75502,-4.3795],[119.75224,-4.37558],[119.7518,-4.37348],[119.7528,-4.37158],[119.75209,-4.37124],[119.75029,-4.36653],[119.75433,-4.36145],[119.7549,-4.35897],[119.75585,-4.35777],[119.75584,-4.35507],[119.75915,-4.34766],[119.75902,-4.34653],[119.75615,-4.34436],[119.75664,-4.34354],[119.75601,-4.34227],[119.75769,-4.33933],[119.75665,-4.33246],[119.75739,-4.32819],[119.75578,-4.32785],[119.75627,-4.32667],[119.75544,-4.32522],[119.75674,-4.32353],[119.75684,-4.32215],[119.75421,-4.31791],[119.75398,-4.31523],[119.75474,-4.31345],[119.75344,-4.31072],[119.75428,-4.30905],[119.75325,-4.30398],[119.75427,-4.30325],[119.75432,-4.29934],[119.75351,-4.29794],[119.75414,-4.29553],[119.75348,-4.29256],[119.75379,-4.29126],[119.75525,-4.2909],[119.75537,-4.28943],[119.75614,-4.28883],[119.75422,-4.28388],[119.75269,-4.28381],[119.75041,-4.28155],[119.74754,-4.28059],[119.74549,-4.28108],[119.74486,-4.28054],[119.74253,-4.28215],[119.74218,-4.28046],[119.74149,-4.28025],[119.74299,-4.27684],[119.7449,-4.27609],[119.74589,-4.27317],[119.74507,-4.27281],[119.74656,-4.27078],[119.74531,-4.26923],[119.74421,-4.26564],[119.73879,-4.2639],[119.73514,-4.262],[119.73284,-4.2577],[119.73018,-4.25874],[119.72845,-4.2582],[119.72748,-4.25621],[119.72492,-4.25517],[119.7233,-4.25306],[119.72052,-4.25293],[119.71771,-4.25153],[119.71517,-4.24701],[119.71693,-4.24272],[119.71649,-4.24115],[119.71468,-4.23979],[119.71368,-4.23759],[119.71101,-4.23652],[119.70863,-4.23274],[119.70716,-4.23258],[119.70624,-4.23163],[119.70761,-4.22978],[119.71141,-4.2298],[119.71466,-4.22739],[119.71519,-4.22539],[119.71701,-4.22455],[119.71736,-4.22292],[119.71868,-4.22181],[119.71866,-4.21957],[119.71965,-4.21853],[119.71958,-4.21672],[119.72112,-4.21592],[119.72181,-4.2145],[119.72882,-4.21176],[119.73613,-4.21355],[119.73696,-4.21275],[119.73952,-4.21433],[119.74142,-4.21346],[119.74299,-4.2114],[119.74565,-4.21168],[119.74728,-4.2127],[119.75057,-4.21026],[119.75492,-4.21011],[119.75612,-4.20912],[119.75761,-4.2063],[119.75554,-4.20376],[119.75634,-4.20133],[119.75545,-4.19942],[119.75627,-4.19621],[119.75766,-4.19384],[119.75544,-4.19147],[119.75083,-4.19069],[119.74991,-4.18946],[119.74622,-4.18965],[119.74541,-4.19104],[119.74411,-4.19078],[119.74347,-4.18828],[119.74203,-4.18752],[119.74131,-4.186],[119.74105,-4.1818],[119.73668,-4.17806],[119.73534,-4.17829],[119.73127,-4.17641],[119.72975,-4.17209],[119.73027,-4.17118],[119.73249,-4.1704],[119.73155,-4.16856],[119.73195,-4.16731],[119.73535,-4.16481],[119.73547,-4.16174],[119.73388,-4.16032],[119.73327,-4.15439],[119.73172,-4.15376],[119.73173,-4.15292],[119.72992,-4.15253],[119.73128,-4.14926],[119.73408,-4.14753],[119.73381,-4.14617],[119.73288,-4.14529],[119.73485,-4.14474],[119.73495,-4.14262],[119.73597,-4.14133],[119.73593,-4.13964],[119.73459,-4.1378],[119.73736,-4.13759],[119.73871,-4.13849],[119.74035,-4.13861],[119.74111,-4.14107],[119.74073,-4.14193],[119.74233,-4.1425],[119.74334,-4.14238],[119.744,-4.14088],[119.74807,-4.1396],[119.74637,-4.13625],[119.74624,-4.13466],[119.74807,-4.12888],[119.75039,-4.12879],[119.75103,-4.12634],[119.75066,-4.12457],[119.74915,-4.12235],[119.74951,-4.11972],[119.74756,-4.11873],[119.74645,-4.11699],[119.7441,-4.11712],[119.74184,-4.11626],[119.74226,-4.11315],[119.74153,-4.11127],[119.74021,-4.1109],[119.74085,-4.10946],[119.7402,-4.10807],[119.73722,-4.10701],[119.737,-4.10605],[119.735,-4.10601],[119.73418,-4.10449],[119.73223,-4.10411],[119.7317,-4.10225],[119.72906,-4.09989],[119.72784,-4.09998],[119.72571,-4.09827],[119.72567,-4.09697],[119.7242,-4.09452],[119.72142,-4.09164],[119.72175,-4.08815],[119.72355,-4.08277],[119.72179,-4.0812],[119.72127,-4.07851],[119.72013,-4.07748],[119.71873,-4.07759],[119.71751,-4.07887],[119.71608,-4.07814],[119.71315,-4.07998],[119.71151,-4.07889],[119.70853,-4.07821],[119.70676,-4.07998],[119.70321,-4.07786],[119.70146,-4.0756],[119.69761,-4.07718],[119.69491,-4.07503],[119.69233,-4.07477],[119.69098,-4.07382],[119.68379,-4.07317],[119.68277,-4.07354],[119.67985,-4.07271],[119.67834,-4.07106],[119.67411,-4.07006],[119.6693,-4.0705],[119.66708,-4.06944],[119.66405,-4.07148],[119.66235,-4.07153],[119.66128,-4.07332],[119.6575,-4.07379],[119.65454,-4.07606],[119.65048,-4.07739],[119.64756,-4.077],[119.64235,-4.07862],[119.63979,-4.07656],[119.63697,-4.07735],[119.63371,-4.07395],[119.6293,-4.07403],[119.62666,-4.07229],[119.62549,-4.06961],[119.62031,-4.0668],[119.6179,-4.07217],[119.61427,-4.07389],[119.61373,-4.0749],[119.61451,-4.07576],[119.61286,-4.07451],[119.61104,-4.07575],[119.60945,-4.07779],[119.60896,-4.08065],[119.60813,-4.08059],[119.60765,-4.08329],[119.60664,-4.08336],[119.6072,-4.0856],[119.60896,-4.08659],[119.61191,-4.08604],[119.61207,-4.08457],[119.61352,-4.08484],[119.61382,-4.08581],[119.61598,-4.08742],[119.61681,-4.08989],[119.61644,-4.09178],[119.61488,-4.0933],[119.615,-4.09394],[119.61415,-4.09411],[119.61302,-4.09559],[119.61183,-4.09612],[119.60892,-4.09527],[119.60783,-4.09604],[119.60784,-4.09733],[119.60894,-4.09752],[119.60893,-4.09802],[119.60866,-4.09883],[119.60773,-4.0985],[119.60735,-4.09925],[119.60806,-4.09956],[119.60676,-4.10287],[119.60748,-4.10441],[119.60745,-4.10679],[119.61097,-4.10762],[119.61302,-4.10653],[119.61484,-4.10671],[119.61626,-4.10759],[119.61733,-4.10946],[119.61934,-4.11035],[119.62061,-4.11262],[119.62048,-4.11367],[119.61987,-4.11388],[119.61961,-4.12019],[119.62107,-4.1303],[119.61679,-4.14098],[119.61622,-4.1416],[119.61547,-4.14116],[119.61412,-4.14286],[119.614,-4.14438],[119.61484,-4.14602],[119.61779,-4.14832],[119.61856,-4.14816],[119.62203,-4.15224],[119.63124,-4.15838],[119.63347,-4.1592],[119.63658,-4.16202],[119.63801,-4.16789],[119.63794,-4.17364],[119.63698,-4.17745],[119.63401,-4.18163],[119.63211,-4.18199],[119.63151,-4.18131],[119.62999,-4.18177],[119.62793,-4.18104],[119.62504,-4.18164],[119.62805,-4.19249],[119.62594,-4.19821],[119.62131,-4.20368],[119.62221,-4.20552],[119.6215,-4.20572],[119.62091,-4.20467],[119.61875,-4.20517],[119.61673,-4.20371],[119.61267,-4.20299],[119.61475,-4.20425],[119.61463,-4.20481],[119.61705,-4.20671],[119.61818,-4.20874],[119.6199,-4.2094],[119.61944,-4.21253],[119.61627,-4.21214],[119.61442,-4.21317],[119.61331,-4.21311],[119.60865,-4.2166],[119.60968,-4.22024],[119.61229,-4.21946],[119.61321,-4.21751],[119.61453,-4.21686],[119.61498,-4.21829],[119.61631,-4.21684],[119.61933,-4.21968],[119.61957,-4.22123],[119.61875,-4.22125],[119.61861,-4.22197],[119.61872,-4.2225],[119.61984,-4.22252],[119.61991,-4.22374],[119.61844,-4.22401],[119.6186,-4.22515],[119.62125,-4.22716],[119.62589,-4.22792],[119.62661,-4.22995],[119.62559,-4.23011],[119.6258,-4.23131],[119.62734,-4.23122],[119.62519,-4.23624],[119.62249,-4.23952],[119.61887,-4.23844],[119.6144,-4.24126],[119.61236,-4.2384],[119.60969,-4.2379],[119.60847,-4.2362],[119.60615,-4.23694],[119.60437,-4.23921],[119.6054,-4.24004],[119.60211,-4.24014],[119.60091,-4.24101],[119.60009,-4.24092],[119.60014,-4.24015],[119.60288,-4.23961],[119.60213,-4.23743],[119.59798,-4.23544],[119.59577,-4.23858],[119.59597,-4.24789],[119.59989,-4.25174],[119.60199,-4.25248],[119.60284,-4.25353],[119.60411,-4.25309],[119.60397,-4.2538],[119.60565,-4.25483],[119.60724,-4.2547],[119.61084,-4.258],[119.61048,-4.26255],[119.60793,-4.26434],[119.60885,-4.2654],[119.60817,-4.26759],[119.60948,-4.26881],[119.60921,-4.2696],[119.61132,-4.2707],[119.61338,-4.27342],[119.61384,-4.27308],[119.61779,-4.27856],[119.62152,-4.2812],[119.62295,-4.28484],[119.62221,-4.28513],[119.6225,-4.28683],[119.62401,-4.28957],[119.62587,-4.28867],[119.62644,-4.28895],[119.6263,-4.29041],[119.62516,-4.29094],[119.62262,-4.29506],[119.62466,-4.29381],[119.62599,-4.29406],[119.62731,-4.29737],[119.63208,-4.29576],[119.63693,-4.29995],[119.63678,-4.30148],[119.63783,-4.30155],[119.63803,-4.30305],[119.63578,-4.30336],[119.63645,-4.30436],[119.63615,-4.30518],[119.6352,-4.30543],[119.6343,-4.3073],[119.63259,-4.30686],[119.63244,-4.308],[119.63148,-4.30771],[119.63169,-4.3088],[119.63108,-4.30977],[119.63173,-4.31171],[119.63413,-4.31246],[119.63615,-4.31792],[119.6372,-4.31927],[119.63586,-4.31943],[119.63488,-4.32093],[119.62864,-4.33387],[119.62718,-4.33512],[119.62538,-4.33401],[119.62388,-4.33555],[119.62468,-4.33627],[119.62422,-4.33675],[119.62212,-4.33652],[119.6211,-4.33772],[119.62164,-4.33811],[119.62101,-4.33998],[119.62188,-4.34766],[119.62228,-4.34821],[119.6232,-4.34793],[119.62474,-4.34661],[119.62717,-4.34696],[119.63143,-4.34913],[119.62883,-4.34944],[119.62889,-4.35234],[119.62857,-4.35167],[119.62768,-4.35451],[119.62841,-4.35511],[119.62821,-4.3561],[119.63198,-4.3583],[119.63271,-4.35759],[119.63278,-4.35809],[119.6319,-4.35838],[119.62811,-4.35617],[119.6283,-4.35523],[119.62744,-4.35451],[119.62458,-4.35581],[119.62405,-4.35859],[119.62473,-4.36005],[119.62608,-4.35986],[119.62689,-4.36329],[119.62561,-4.36086],[119.62277,-4.36067],[119.62273,-4.3614],[119.62552,-4.36101],[119.62653,-4.36324],[119.62214,-4.36373],[119.62017,-4.36308],[119.61967,-4.36394],[119.62121,-4.36491],[119.62167,-4.36425],[119.62708,-4.36359],[119.62846,-4.36506],[119.62597,-4.36488],[119.62259,-4.36638],[119.62075,-4.3693],[119.62156,-4.3712],[119.62087,-4.37214],[119.61855,-4.37121],[119.61701,-4.37167],[119.61521,-4.37427],[119.61617,-4.37453],[119.61624,-4.37607],[119.6138,-4.37864],[119.61471,-4.37628],[119.61413,-4.36985],[119.61236,-4.36861],[119.61387,-4.36987],[119.61416,-4.37253],[119.61356,-4.37258],[119.61345,-4.37444],[119.61407,-4.37455],[119.61355,-4.37482],[119.61352,-4.37834],[119.6127,-4.37952],[119.61189,-4.37871],[119.61165,-4.38],[119.6094,-4.38218],[119.60804,-4.38984],[119.60585,-4.39206],[119.60629,-4.39263],[119.60537,-4.39462],[119.60515,-4.39879],[119.60166,-4.40717],[119.60189,-4.40804],[119.60072,-4.41034],[119.59795,-4.41336],[119.59639,-4.41654],[119.59838,-4.41911],[119.59754,-4.42079],[119.59786,-4.42283],[119.59995,-4.42479],[119.60052,-4.4245],[119.60168,-4.42663],[119.6004,-4.42732],[119.60031,-4.42928],[119.5997,-4.42921],[119.59707,-4.44048],[119.59703,-4.44262],[119.59788,-4.44433],[119.59748,-4.44735],[119.59811,-4.44834],[119.59573,-4.45023],[119.59675,-4.45166],[119.59923,-4.45973],[119.59997,-4.46983],[119.59766,-4.48001],[119.5962,-4.48347],[119.59561,-4.48323],[119.59483,-4.48453],[119.59593,-4.48495],[119.59445,-4.49025],[119.59487,-4.49038],[119.59209,-4.49731],[119.58932,-4.50897],[119.584,-4.52193],[119.58402,-4.5242],[119.58192,-4.52669],[119.58091,-4.53031],[119.58301,-4.53294],[119.58317,-4.5343],[119.58398,-4.53391],[119.58561,-4.5346],[119.58842,-4.5393],[119.58856,-4.53991],[119.58674,-4.54082],[119.58771,-4.54333],[119.59014,-4.54273],[119.58936,-4.54293],[119.59078,-4.54531],[119.59094,-4.54813],[119.59049,-4.54866],[119.59116,-4.55007],[119.59016,-4.55398],[119.58945,-4.55405],[119.58972,-4.55556],[119.59285,-4.55569],[119.59327,-4.55653],[119.59663,-4.55607],[119.60113,-4.55862],[119.60412,-4.5566],[119.60561,-4.55706],[119.60715,-4.55895],[119.60981,-4.5595],[119.61203,-4.56168],[119.61529,-4.56289],[119.61606,-4.56257],[119.61549,-4.56385],[119.61914,-4.56578],[119.619,-4.56773],[119.61779,-4.56955],[119.62322,-4.57341],[119.62472,-4.57339],[119.62565,-4.57529],[119.62582,-4.5779],[119.62679,-4.57905],[119.62679,-4.58072],[119.62888,-4.58113],[119.62917,-4.58427],[119.63105,-4.58456],[119.63192,-4.58832],[119.63074,-4.58943],[119.63041,-4.59184],[119.63218,-4.59717],[119.63223,-4.60001],[119.63502,-4.602],[119.63508,-4.60506],[119.63788,-4.60989],[119.63744,-4.61257],[119.63558,-4.6141],[119.63517,-4.61734],[119.63922,-4.62239],[119.63996,-4.62558],[119.63966,-4.62733],[119.64269,-4.6305],[119.64377,-4.63358],[119.64583,-4.6355],[119.64594,-4.6374],[119.6476,-4.63815],[119.64909,-4.64165],[119.65131,-4.64189],[119.65378,-4.64129],[119.65548,-4.64355],[119.65627,-4.64376],[119.65871,-4.64779],[119.66139,-4.64995],[119.66301,-4.65007],[119.66529,-4.65175],[119.6668,-4.65407],[119.66649,-4.65803],[119.66394,-4.66072],[119.66293,-4.66286],[119.66084,-4.66945],[119.66021,-4.66943],[119.65989,-4.67211],[119.65676,-4.67342],[119.65541,-4.67821],[119.65794,-4.68086],[119.65863,-4.6842],[119.65838,-4.69187],[119.65901,-4.69376],[119.66099,-4.69587],[119.66,-4.6975],[119.66066,-4.69929],[119.65986,-4.70097],[119.6602,-4.70251],[119.65809,-4.70402],[119.65735,-4.70548],[119.65586,-4.70569],[119.65486,-4.7073],[119.65652,-4.70968],[119.65448,-4.71617],[119.6555,-4.71828],[119.65647,-4.71814],[119.65785,-4.71907],[119.65837,-4.72115],[119.65989,-4.72201],[119.65967,-4.72449],[119.66113,-4.72629],[119.66145,-4.72573],[119.66068,-4.72388],[119.66264,-4.72372],[119.66308,-4.72149],[119.6673,-4.7191],[119.66875,-4.72058],[119.6742,-4.72084],[119.67605,-4.7192],[119.67759,-4.71917],[119.67912,-4.71811],[119.68021,-4.71818],[119.68161,-4.71946],[119.68454,-4.71751],[119.68518,-4.71793],[119.68515,-4.71979],[119.68835,-4.71903],[119.68958,-4.72026],[119.69161,-4.7208],[119.69094,-4.72248],[119.69163,-4.72349],[119.69237,-4.72847],[119.6912,-4.73097],[119.6911,-4.7332],[119.69256,-4.7363],[119.6894,-4.74132],[119.6905,-4.74252],[119.69132,-4.74629],[119.69321,-4.75011],[119.69482,-4.75152],[119.69604,-4.75659],[119.69303,-4.75866],[119.68769,-4.75913],[119.68774,-4.76137],[119.68651,-4.76167],[119.68596,-4.76304],[119.68439,-4.76372],[119.68342,-4.76656],[119.68094,-4.76896],[119.68294,-4.77183],[119.68528,-4.77316],[119.68795,-4.77314],[119.68978,-4.77441],[119.69066,-4.77829],[119.69011,-4.78043],[119.69144,-4.78289],[119.69433,-4.7851],[119.69625,-4.78791]]],[[[119.57094,-4.48629],[119.57028,-4.48759],[119.57196,-4.48814],[119.57217,-4.4874],[119.57094,-4.48629]]],[[[119.57654,-4.39658],[119.57641,-4.39658],[119.57629,-4.39674],[119.57623,-4.39689],[119.57622,-4.39699],[119.57616,-4.3971],[119.57619,-4.39718],[119.57634,-4.3972],[119.57647,-4.39708],[119.57656,-4.39694],[119.57661,-4.39675],[119.57658,-4.39664],[119.57654,-4.39658]]],[[[119.60319,-4.34007],[119.60511,-4.34034],[119.60435,-4.33831],[119.60342,-4.33779],[119.59979,-4.33797],[119.59862,-4.33903],[119.59899,-4.34158],[119.59765,-4.34262],[119.59751,-4.3439],[119.59962,-4.34619],[119.59857,-4.35032],[119.59871,-4.35287],[119.59789,-4.35319],[119.59824,-4.35404],[119.59747,-4.35498],[119.59791,-4.35598],[119.59557,-4.35902],[119.59389,-4.35913],[119.59145,-4.36191],[119.59118,-4.36309],[119.59187,-4.36385],[119.59397,-4.36311],[119.59444,-4.36185],[119.59999,-4.35663],[119.59929,-4.35522],[119.60208,-4.34921],[119.60175,-4.34348],[119.6013,-4.34176],[119.60092,-4.34198],[119.60319,-4.34007]]],[[[119.6092,-4.27835],[119.60902,-4.27843],[119.60887,-4.27854],[119.60884,-4.27879],[119.6088,-4.27897],[119.60881,-4.27912],[119.60885,-4.27928],[119.60901,-4.27932],[119.60903,-4.27922],[119.60899,-4.27902],[119.60914,-4.2789],[119.60925,-4.27881],[119.60936,-4.27877],[119.60932,-4.27863],[119.60927,-4.27848],[119.60923,-4.2784],[119.6092,-4.27835]]],[[[119.61863,-4.18197],[119.62148,-4.18093],[119.62199,-4.18019],[119.62055,-4.17897],[119.61866,-4.179],[119.61754,-4.18142],[119.61863,-4.18197]]],[[[119.60576,-4.14409],[119.60723,-4.14267],[119.60682,-4.14152],[119.60538,-4.1419],[119.60576,-4.14409]]],[[[119.60482,-4.10982],[119.60438,-4.11038],[119.60477,-4.11079],[119.60615,-4.11047],[119.60644,-4.10977],[119.60482,-4.10982]]],[[[119.60978,-4.16063],[119.60995,-4.16063],[119.61003,-4.16061],[119.61005,-4.16054],[119.60999,-4.16048],[119.60991,-4.16045],[119.60983,-4.16045],[119.60977,-4.16046],[119.60973,-4.1605],[119.60971,-4.16055],[119.60973,-4.1606],[119.60978,-4.16063]]]]}},
{"type":"Feature","properties":{"slug":"bone","nama":"Kabupaten Bone","osm":"relation/14751783","pusat":[-4.7191876726726765,120.08186818318332]},"geometry":{"type":"MultiPolygon","coordinates":[[[[119.80353,-4.53358],[119.80713,-4.53489],[119.80828,-4.53457],[119.81249,-4.5366],[119.81542,-4.53547],[119.81564,-4.53389],[119.81759,-4.5327],[119.81824,-4.53154],[119.82067,-4.53148],[119.8252,-4.53407],[119.8243,-4.53818],[119.82566,-4.54008],[119.82892,-4.53992],[119.8297,-4.54122],[119.83666,-4.54393],[119.84573,-4.54141],[119.8493,-4.54321],[119.85174,-4.54203],[119.85251,-4.53921],[119.85715,-4.53664],[119.85938,-4.52773],[119.86001,-4.52741],[119.86189,-4.52721],[119.86287,-4.52787],[119.8636,-4.52723],[119.86736,-4.52688],[119.87009,-4.53024],[119.87337,-4.53181],[119.88597,-4.53292],[119.88839,-4.53213],[119.89114,-4.53296],[119.89365,-4.53275],[119.90097,-4.52748],[119.9083,-4.52971],[119.90813,-4.53163],[119.91152,-4.5342],[119.91466,-4.53514],[119.91714,-4.53501],[119.9189,-4.53583],[119.92693,-4.53643],[119.92946,-4.53491],[119.93373,-4.5339],[119.93395,-4.53264],[119.93897,-4.53178],[119.93991,-4.52977],[119.94062,-4.52954],[119.94199,-4.53247],[119.94429,-4.53119],[119.94955,-4.53313],[119.95397,-4.53215],[119.95514,-4.53221],[119.95551,-4.53331],[119.9565,-4.5323],[119.95772,-4.53333],[119.95753,-4.5344],[119.96106,-4.53502],[119.96126,-4.53328],[119.96394,-4.53108],[119.96404,-4.53279],[119.97049,-4.53316],[119.97078,-4.53265],[119.96946,-4.5314],[119.97035,-4.53163],[119.97115,-4.53085],[119.97248,-4.53074],[119.97272,-4.53194],[119.97385,-4.53235],[119.97288,-4.53317],[119.97313,-4.53447],[119.97643,-4.53694],[119.97571,-4.53737],[119.97544,-4.53863],[119.97373,-4.53975],[119.97451,-4.54044],[119.97747,-4.53971],[119.98019,-4.53655],[119.97969,-4.53529],[119.98113,-4.53373],[119.98886,-4.53161],[119.98918,-4.53018],[119.98641,-4.52693],[119.98667,-4.52496],[119.98763,-4.52455],[119.9915,-4.525],[119.99381,-4.52432],[119.99547,-4.52295],[120.0107,-4.52389],[120.0125,-4.52714],[120.01374,-4.52765],[120.01814,-4.52538],[120.02125,-4.525],[120.02419,-4.52367],[120.03202,-4.52654],[120.03385,-4.52618],[120.03636,-4.52175],[120.04013,-4.51882],[120.04664,-4.50559],[120.04862,-4.5059],[120.05449,-4.50099],[120.05411,-4.49788],[120.05277,-4.49631],[120.04862,-4.49652],[120.04735,-4.49579],[120.04784,-4.49426],[120.04838,-4.49432],[120.04896,-4.49285],[120.05058,-4.49337],[120.05195,-4.4918],[120.05245,-4.49177],[120.05258,-4.49363],[120.05339,-4.49365],[120.05456,-4.49208],[120.05931,-4.49203],[120.06,-4.48944],[120.05979,-4.48465],[120.05899,-4.48389],[120.05837,-4.48104],[120.05927,-4.47735],[120.05897,-4.47398],[120.05994,-4.47082],[120.05865,-4.4699],[120.05837,-4.46817],[120.05749,-4.46722],[120.05727,-4.46461],[120.05869,-4.46199],[120.05856,-4.45998],[120.05966,-4.4542],[120.06026,-4.4537],[120.06018,-4.45204],[120.06127,-4.45102],[120.06147,-4.44923],[120.06289,-4.44845],[120.06164,-4.44243],[120.06235,-4.44085],[120.06187,-4.43821],[120.06373,-4.43744],[120.0651,-4.43573],[120.06551,-4.43167],[120.06166,-4.42808],[120.06235,-4.42573],[120.06248,-4.42063],[120.06386,-4.41981],[120.06269,-4.4177],[120.06237,-4.41334],[120.06104,-4.41256],[120.05908,-4.40921],[120.05727,-4.40752],[120.05195,-4.4063],[120.04874,-4.40409],[120.05009,-4.40036],[120.04785,-4.39835],[120.04782,-4.39758],[120.04905,-4.39682],[120.05268,-4.39752],[120.05508,-4.39919],[120.06212,-4.39896],[120.06851,-4.40189],[120.0833,-4.40392],[120.08395,-4.40503],[120.08455,-4.40963],[120.08609,-4.41066],[120.09184,-4.4066],[120.09201,-4.40514],[120.09079,-4.4002],[120.09199,-4.39782],[120.09131,-4.39369],[120.09165,-4.39301],[120.09431,-4.3934],[120.09545,-4.39265],[120.09601,-4.3911],[120.09355,-4.38846],[120.09321,-4.38382],[120.0939,-4.38121],[120.09196,-4.38039],[120.09265,-4.37715],[120.09433,-4.37678],[120.09351,-4.37328],[120.09431,-4.37175],[120.09329,-4.3721],[120.09577,-4.36778],[120.09532,-4.36512],[120.0959,-4.36184],[120.09446,-4.36238],[120.09344,-4.36095],[120.09332,-4.35757],[120.09218,-4.35772],[120.09121,-4.3569],[120.08964,-4.35095],[120.08611,-4.35138],[120.07924,-4.3502],[120.07419,-4.34784],[120.07411,-4.3424],[120.07327,-4.34072],[120.07129,-4.33912],[120.07219,-4.33509],[120.07497,-4.33199],[120.07851,-4.33025],[120.08464,-4.32371],[120.08504,-4.32212],[120.08233,-4.31961],[120.08234,-4.3171],[120.08132,-4.31659],[120.08213,-4.31496],[120.08441,-4.31348],[120.08262,-4.30952],[120.08104,-4.30775],[120.07877,-4.30611],[120.07703,-4.30719],[120.07232,-4.3049],[120.06339,-4.29783],[120.06226,-4.29454],[120.06905,-4.27636],[120.06905,-4.27444],[120.07097,-4.26876],[120.07242,-4.26765],[120.07337,-4.26558],[120.07355,-4.26429],[120.07181,-4.26125],[120.07204,-4.25858],[120.07412,-4.25761],[120.07856,-4.25887],[120.08791,-4.25348],[120.09263,-4.25228],[120.09446,-4.25068],[120.0953,-4.24732],[120.09303,-4.24361],[120.09386,-4.24172],[120.09884,-4.24322],[120.10145,-4.24079],[120.10447,-4.23991],[120.1073,-4.24285],[120.11333,-4.242],[120.1144,-4.23802],[120.11529,-4.23838],[120.11584,-4.23757],[120.11726,-4.2375],[120.11969,-4.23441],[120.12111,-4.2348],[120.12462,-4.22685],[120.12613,-4.22573],[120.12647,-4.22456],[120.12807,-4.22372],[120.12964,-4.22467],[120.13068,-4.22627],[120.1328,-4.22667],[120.13359,-4.22495],[120.1349,-4.22463],[120.13344,-4.22381],[120.13369,-4.22281],[120.13603,-4.22249],[120.13881,-4.21939],[120.13951,-4.22338],[120.14132,-4.22474],[120.14294,-4.22489],[120.14597,-4.22318],[120.14885,-4.22284],[120.15161,-4.22508],[120.15589,-4.22566],[120.16135,-4.22773],[120.16358,-4.22754],[120.16606,-4.22554],[120.16873,-4.22657],[120.17359,-4.22653],[120.17601,-4.22791],[120.17757,-4.22977],[120.18322,-4.23087],[120.18945,-4.23582],[120.19266,-4.23684],[120.20627,-4.23672],[120.21923,-4.23746],[120.22497,-4.23514],[120.22587,-4.23537],[120.23163,-4.24201],[120.23194,-4.24888],[120.23409,-4.25569],[120.23348,-4.26065],[120.23681,-4.26651],[120.23958,-4.26937],[120.24496,-4.26987],[120.25165,-4.2742],[120.25339,-4.27447],[120.2575,-4.27337],[120.27589,-4.25136],[120.28755,-4.24486],[120.30645,-4.23994],[120.3087,-4.23823],[120.31113,-4.23819],[120.3155,-4.24018],[120.33001,-4.24204],[120.33594,-4.23987],[120.33773,-4.23987],[120.34016,-4.23829],[120.34483,-4.23745],[120.34547,-4.2341],[120.34479,-4.23311],[120.34553,-4.23158],[120.34948,-4.23194],[120.35111,-4.23047],[120.35097,-4.22801],[120.35023,-4.22784],[120.35107,-4.22591],[120.35307,-4.22541],[120.3572,-4.22251],[120.35826,-4.22312],[120.35894,-4.22189],[120.3613,-4.22173],[120.36202,-4.2232],[120.3632,-4.22303],[120.36314,-4.22469],[120.36457,-4.22491],[120.36528,-4.22412],[120.36628,-4.22412],[120.36687,-4.22294],[120.36834,-4.22434],[120.3708,-4.23108],[120.37285,-4.2329],[120.37246,-4.23888],[120.37148,-4.24277],[120.37231,-4.24386],[120.37147,-4.24917],[120.36861,-4.25395],[120.36669,-4.26222],[120.36692,-4.26563],[120.36532,-4.27887],[120.36466,-4.29073],[120.36573,-4.29527],[120.36727,-4.29602],[120.36544,-4.29788],[120.36523,-4.29963],[120.36874,-4.29984],[120.37128,-4.29914],[120.3735,-4.30005],[120.37782,-4.30366],[120.38436,-4.31114],[120.38761,-4.31361],[120.39199,-4.32449],[120.39324,-4.33382],[120.39195,-4.34015],[120.3922,-4.34151],[120.39148,-4.34235],[120.39224,-4.3431],[120.39027,-4.34369],[120.38978,-4.34723],[120.38735,-4.34815],[120.38797,-4.349],[120.38778,-4.35002],[120.38555,-4.35184],[120.38558,-4.35337],[120.38017,-4.36058],[120.37678,-4.36687],[120.36913,-4.37348],[120.36394,-4.36967],[120.36152,-4.37227],[120.36406,-4.37472],[120.36334,-4.37731],[120.3642,-4.37842],[120.36435,-4.38007],[120.36414,-4.38333],[120.36108,-4.39037],[120.35393,-4.4017],[120.35181,-4.40284],[120.34712,-4.40312],[120.34642,-4.40383],[120.3476,-4.40623],[120.34627,-4.41235],[120.34697,-4.41378],[120.34635,-4.41829],[120.34724,-4.42169],[120.34701,-4.42628],[120.3486,-4.42744],[120.34888,-4.42971],[120.35246,-4.43196],[120.35801,-4.438],[120.3627,-4.44042],[120.36345,-4.44231],[120.36604,-4.44517],[120.3675,-4.44603],[120.3713,-4.44581],[120.37198,-4.45161],[120.37341,-4.4545],[120.37571,-4.4565],[120.37546,-4.45818],[120.37415,-4.45755],[120.37237,-4.45872],[120.37349,-4.4593],[120.37375,-4.4615],[120.37509,-4.46173],[120.37842,-4.46052],[120.38284,-4.46202],[120.38396,-4.46503],[120.38358,-4.46606],[120.38593,-4.468],[120.39369,-4.46907],[120.39673,-4.46882],[120.39844,-4.4714],[120.39957,-4.47655],[120.40157,-4.48001],[120.40164,-4.48225],[120.39845,-4.4916],[120.39668,-4.49172],[120.3929,-4.48735],[120.38951,-4.49046],[120.38803,-4.48976],[120.38715,-4.49029],[120.38663,-4.49248],[120.38156,-4.50017],[120.38219,-4.50183],[120.38078,-4.50637],[120.37617,-4.51254],[120.37821,-4.51604],[120.38017,-4.52291],[120.38318,-4.52621],[120.38288,-4.52692],[120.38472,-4.5293],[120.38415,-4.53405],[120.38532,-4.53475],[120.38488,-4.53633],[120.38564,-4.53685],[120.38538,-4.54119],[120.38611,-4.54128],[120.38567,-4.54548],[120.38468,-4.54685],[120.38551,-4.54725],[120.38472,-4.54837],[120.3861,-4.54916],[120.38597,-4.55011],[120.38658,-4.55031],[120.38544,-4.55509],[120.3839,-4.55459],[120.38332,-4.55521],[120.38338,-4.55952],[120.3876,-4.56867],[120.38711,-4.57045],[120.3885,-4.57224],[120.39047,-4.57807],[120.39262,-4.58849],[120.39354,-4.58884],[120.39697,-4.59702],[120.39679,-4.60089],[120.39846,-4.60289],[120.39943,-4.60632],[120.40044,-4.60623],[120.40408,-4.60922],[120.40412,-4.60993],[120.4072,-4.61139],[120.40707,-4.61197],[120.40831,-4.61317],[120.41544,-4.61581],[120.41736,-4.61692],[120.41748,-4.61823],[120.42222,-4.61795],[120.42419,-4.61935],[120.42401,-4.6203],[120.42526,-4.62035],[120.42499,-4.62146],[120.42824,-4.62144],[120.42964,-4.62322],[120.43234,-4.62354],[120.43257,-4.62447],[120.43516,-4.62566],[120.43735,-4.62927],[120.4377,-4.63162],[120.43931,-4.63234],[120.44052,-4.63544],[120.4391,-4.63679],[120.43836,-4.63954],[120.43877,-4.64195],[120.44013,-4.6427],[120.44034,-4.64515],[120.44189,-4.64844],[120.44649,-4.6493],[120.44868,-4.65044],[120.44992,-4.65186],[120.45012,-4.65503],[120.45153,-4.65703],[120.45642,-4.65698],[120.45826,-4.65815],[120.45601,-4.6588],[120.45399,-4.65798],[120.45109,-4.65879],[120.44963,-4.6584],[120.44461,-4.66194],[120.44427,-4.66341],[120.44083,-4.66781],[120.43497,-4.67379],[120.43137,-4.67851],[120.4277,-4.68017],[120.4263,-4.68252],[120.42352,-4.68473],[120.41639,-4.68834],[120.40945,-4.6945],[120.4053,-4.69988],[120.40377,-4.70259],[120.40401,-4.70338],[120.40201,-4.70541],[120.39998,-4.70911],[120.39846,-4.71384],[120.39852,-4.71673],[120.39738,-4.72031],[120.39783,-4.72135],[120.39891,-4.72162],[120.40015,-4.72509],[120.40068,-4.72805],[120.39986,-4.73357],[120.39801,-4.73967],[120.39391,-4.74603],[120.39273,-4.74925],[120.39465,-4.75289],[120.39628,-4.75439],[120.39828,-4.75418],[120.39878,-4.75495],[120.396,-4.75627],[120.39363,-4.75579],[120.39171,-4.75672],[120.39105,-4.75955],[120.38883,-4.76096],[120.38902,-4.76184],[120.38514,-4.76815],[120.38347,-4.77666],[120.38418,-4.78081],[120.38333,-4.78116],[120.38287,-4.78306],[120.38388,-4.7832],[120.38358,-4.78519],[120.38498,-4.78576],[120.38533,-4.78739],[120.3861,-4.7878],[120.38617,-4.78882],[120.38555,-4.78847],[120.38527,-4.78891],[120.38633,-4.79126],[120.38633,-4.79361],[120.38263,-4.80522],[120.37883,-4.80737],[120.38031,-4.80954],[120.38132,-4.81288],[120.3808,-4.81305],[120.38076,-4.81874],[120.38158,-4.82144],[120.37966,-4.82239],[120.38054,-4.82713],[120.38221,-4.82984],[120.3819,-4.83478],[120.38337,-4.83708],[120.38319,-4.83808],[120.37987,-4.83956],[120.37988,-4.84084],[120.37916,-4.84162],[120.37669,-4.84169],[120.37589,-4.84232],[120.3746,-4.8417],[120.37232,-4.84262],[120.36362,-4.8438],[120.36044,-4.84302],[120.35812,-4.84092],[120.35566,-4.83992],[120.35188,-4.84026],[120.34521,-4.83896],[120.34516,-4.83767],[120.34312,-4.83941],[120.33878,-4.83985],[120.33712,-4.83929],[120.33491,-4.84087],[120.33381,-4.84355],[120.32527,-4.84794],[120.3218,-4.85114],[120.31741,-4.85296],[120.31541,-4.85699],[120.31134,-4.85895],[120.31128,-4.86063],[120.3054,-4.86797],[120.3051,-4.87019],[120.30066,-4.88187],[120.30113,-4.88349],[120.30045,-4.88667],[120.30134,-4.88797],[120.30135,-4.8901],[120.30447,-4.89643],[120.30395,-4.89648],[120.30451,-4.89844],[120.30434,-4.90311],[120.30627,-4.90462],[120.30823,-4.9038],[120.31057,-4.90421],[120.30895,-4.90925],[120.31044,-4.91086],[120.31192,-4.91094],[120.30899,-4.91433],[120.30733,-4.9147],[120.3056,-4.91614],[120.30235,-4.91527],[120.30074,-4.9139],[120.29929,-4.91394],[120.29531,-4.91621],[120.2924,-4.92337],[120.29415,-4.92811],[120.29764,-4.93225],[120.2985,-4.93222],[120.29948,-4.93334],[120.304,-4.93232],[120.30583,-4.93445],[120.30651,-4.9377],[120.30815,-4.93805],[120.30807,-4.94065],[120.30688,-4.94157],[120.30482,-4.94555],[120.30314,-4.94658],[120.29673,-4.94607],[120.29458,-4.94829],[120.29414,-4.95088],[120.29575,-4.95265],[120.29449,-4.9536],[120.2942,-4.95745],[120.29484,-4.95757],[120.29463,-4.95874],[120.29567,-4.95927],[120.29623,-4.96153],[120.2968,-4.96158],[120.29913,-4.96462],[120.29928,-4.9657],[120.30081,-4.9669],[120.30466,-4.96609],[120.30249,-4.97025],[120.30244,-4.97135],[120.30334,-4.97159],[120.30125,-4.97178],[120.30088,-4.97242],[120.30092,-4.97331],[120.30271,-4.97379],[120.3027,-4.97435],[120.30187,-4.975],[120.30066,-4.97451],[120.29765,-4.97492],[120.29808,-4.97379],[120.29719,-4.97317],[120.29531,-4.97753],[120.29601,-4.97777],[120.29648,-4.9767],[120.29743,-4.97708],[120.29671,-4.97927],[120.29717,-4.98025],[120.29661,-4.98045],[120.29743,-4.98266],[120.29679,-4.983],[120.29692,-4.98385],[120.29913,-4.98486],[120.30082,-4.98692],[120.30185,-4.98686],[120.30224,-4.98864],[120.30141,-4.98894],[120.30003,-4.99266],[120.30103,-4.99381],[120.30063,-4.99472],[120.30142,-4.99455],[120.30205,-4.99525],[120.30264,-4.99793],[120.30474,-5.00013],[120.30562,-5.00024],[120.30482,-5.00174],[120.30619,-5.00251],[120.30523,-5.00427],[120.30411,-5.00368],[120.30162,-5.00426],[120.29941,-5.00757],[120.29879,-5.01092],[120.29441,-5.01624],[120.29344,-5.01941],[120.29418,-5.02048],[120.29417,-5.02197],[120.29516,-5.0229],[120.29374,-5.02385],[120.29328,-5.02753],[120.29131,-5.02926],[120.29063,-5.0326],[120.29102,-5.03286],[120.28807,-5.03658],[120.28701,-5.04229],[120.28766,-5.04287],[120.28881,-5.04268],[120.28887,-5.04423],[120.29105,-5.0455],[120.29195,-5.04409],[120.29835,-5.04476],[120.29896,-5.0447],[120.29877,-5.04417],[120.30025,-5.04278],[120.30087,-5.04361],[120.29833,-5.04759],[120.29841,-5.0486],[120.30005,-5.04933],[120.30011,-5.0499],[120.29839,-5.05375],[120.30036,-5.05494],[120.30025,-5.05539],[120.29525,-5.0608],[120.29418,-5.0626],[120.29437,-5.06427],[120.29028,-5.06196],[120.28837,-5.06783],[120.29025,-5.06834],[120.28934,-5.07196],[120.29039,-5.07458],[120.28963,-5.07571],[120.29079,-5.07978],[120.28934,-5.08108],[120.28994,-5.08193],[120.28923,-5.08451],[120.28974,-5.08493],[120.28805,-5.08821],[120.28689,-5.09261],[120.28563,-5.09313],[120.28628,-5.09369],[120.28621,-5.09483],[120.28438,-5.09761],[120.28441,-5.09984],[120.28605,-5.09976],[120.28547,-5.1033],[120.28599,-5.1081],[120.28849,-5.1091],[120.28934,-5.11035],[120.28854,-5.11299],[120.27411,-5.10766],[120.26639,-5.10166],[120.26375,-5.10216],[120.26322,-5.10356],[120.26344,-5.10496],[120.26539,-5.10787],[120.26602,-5.11118],[120.26562,-5.11431],[120.26461,-5.11555],[120.26234,-5.11649],[120.26022,-5.1158],[120.25853,-5.11412],[120.25678,-5.10737],[120.25533,-5.10585],[120.25483,-5.106],[120.25274,-5.10268],[120.25001,-5.09663],[120.25061,-5.09514],[120.24745,-5.09299],[120.2413,-5.09276],[120.23778,-5.0897],[120.23212,-5.08732],[120.2316,-5.08774],[120.23241,-5.09083],[120.23205,-5.0923],[120.22835,-5.09618],[120.22706,-5.09587],[120.22639,-5.09302],[120.22574,-5.09262],[120.22096,-5.09384],[120.22122,-5.09738],[120.21672,-5.10015],[120.21501,-5.09953],[120.21461,-5.09832],[120.21182,-5.09965],[120.2098,-5.09802],[120.20867,-5.09974],[120.20757,-5.09998],[120.20468,-5.09727],[120.20229,-5.09678],[120.19792,-5.09124],[120.19585,-5.09037],[120.19575,-5.08564],[120.19418,-5.08198],[120.19554,-5.08017],[120.19222,-5.07862],[120.18951,-5.08074],[120.18852,-5.08],[120.18827,-5.07825],[120.19125,-5.07521],[120.19063,-5.07439],[120.18825,-5.07469],[120.18895,-5.07081],[120.18803,-5.06916],[120.18574,-5.06899],[120.18496,-5.07085],[120.18391,-5.07106],[120.1818,-5.06941],[120.1794,-5.06993],[120.17768,-5.07334],[120.17599,-5.07432],[120.17468,-5.07646],[120.16817,-5.07465],[120.16725,-5.07512],[120.16545,-5.07813],[120.16461,-5.07835],[120.16264,-5.07509],[120.16053,-5.07467],[120.16003,-5.0726],[120.16215,-5.07102],[120.16137,-5.06499],[120.15958,-5.06425],[120.15884,-5.06285],[120.15486,-5.06334],[120.15225,-5.06551],[120.15081,-5.06534],[120.15162,-5.05903],[120.15014,-5.05864],[120.14789,-5.06032],[120.14653,-5.06041],[120.14251,-5.05958],[120.14117,-5.05755],[120.13805,-5.05752],[120.1371,-5.05687],[120.13877,-5.05428],[120.13266,-5.04835],[120.13189,-5.04507],[120.1308,-5.04453],[120.12719,-5.04465],[120.12483,-5.04547],[120.12486,-5.04824],[120.12269,-5.05141],[120.12201,-5.05492],[120.11969,-5.05852],[120.11698,-5.0579],[120.11052,-5.06184],[120.10925,-5.06363],[120.10938,-5.06669],[120.10831,-5.06982],[120.10476,-5.07119],[120.10266,-5.07274],[120.10065,-5.07313],[120.09705,-5.07586],[120.08435,-5.07491],[120.08142,-5.07751],[120.08011,-5.08188],[120.07704,-5.08374],[120.0762,-5.08995],[120.07484,-5.0913],[120.07248,-5.0922],[120.07241,-5.09785],[120.07021,-5.09958],[120.06458,-5.09919],[120.06366,-5.10015],[120.06503,-5.10429],[120.06336,-5.10769],[120.06093,-5.11032],[120.06021,-5.11298],[120.06051,-5.11691],[120.05976,-5.11843],[120.06076,-5.12313],[120.05757,-5.1245],[120.05752,-5.12649],[120.05503,-5.12746],[120.05365,-5.1267],[120.05292,-5.12813],[120.04997,-5.12685],[120.04439,-5.12852],[120.04392,-5.12687],[120.04053,-5.1267],[120.03877,-5.12725],[120.03868,-5.12856],[120.03798,-5.12903],[120.03692,-5.1289],[120.03624,-5.12967],[120.03514,-5.1292],[120.03246,-5.12958],[120.03025,-5.13089],[120.02918,-5.13014],[120.02961,-5.12918],[120.02645,-5.12905],[120.02454,-5.1301],[120.02478,-5.13181],[120.02334,-5.13322],[120.0218,-5.1307],[120.02064,-5.13108],[120.02019,-5.1326],[120.01873,-5.13234],[120.01761,-5.13298],[120.01422,-5.12768],[120.01197,-5.12704],[119.99991,-5.13371],[119.99857,-5.13374],[119.99481,-5.13052],[119.9902,-5.13086],[119.98926,-5.12999],[119.98667,-5.12997],[119.98502,-5.1239],[119.98276,-5.1207],[119.97352,-5.12557],[119.97058,-5.13168],[119.96759,-5.14072],[119.96327,-5.1407],[119.95991,-5.13698],[119.95634,-5.13442],[119.94289,-5.13149],[119.93913,-5.12897],[119.93416,-5.13027],[119.93233,-5.13324],[119.92804,-5.13448],[119.92328,-5.13461],[119.91622,-5.12578],[119.91036,-5.12087],[119.90429,-5.10749],[119.90386,-5.10398],[119.89914,-5.10261],[119.89391,-5.09787],[119.8926,-5.09575],[119.88706,-5.09421],[119.88669,-5.09345],[119.88281,-5.09346],[119.87996,-5.08891],[119.87912,-5.08855],[119.87686,-5.09181],[119.87268,-5.09292],[119.86288,-5.09177],[119.8621,-5.09108],[119.85618,-5.07852],[119.8535,-5.06812],[119.85159,-5.06352],[119.84873,-5.06217],[119.847,-5.06036],[119.84525,-5.05602],[119.8448,-5.05023],[119.84564,-5.04591],[119.85673,-5.03263],[119.86255,-5.02894],[119.87156,-5.0218],[119.87628,-5.01447],[119.88276,-5.00716],[119.8848,-4.99839],[119.88416,-4.9927],[119.88922,-4.97825],[119.88624,-4.9661],[119.88421,-4.96423],[119.88503,-4.96346],[119.88432,-4.9622],[119.88578,-4.96243],[119.88676,-4.96141],[119.88677,-4.96007],[119.88559,-4.95901],[119.8903,-4.95306],[119.88953,-4.95229],[119.88948,-4.9509],[119.89256,-4.94751],[119.8919,-4.94544],[119.89362,-4.94421],[119.89474,-4.94509],[119.89509,-4.94381],[119.89635,-4.94486],[119.89765,-4.94247],[119.90045,-4.943],[119.90113,-4.94054],[119.9006,-4.93973],[119.89572,-4.93937],[119.89498,-4.93831],[119.89592,-4.93603],[119.89841,-4.93372],[119.897,-4.93018],[119.89634,-4.93001],[119.89497,-4.93102],[119.89468,-4.93064],[119.89487,-4.92763],[119.89638,-4.92335],[119.89618,-4.92128],[119.89952,-4.91936],[119.89942,-4.91868],[119.89763,-4.91769],[119.89742,-4.91663],[119.89802,-4.91603],[119.90073,-4.91687],[119.90162,-4.9165],[119.90339,-4.91483],[119.90268,-4.9125],[119.90316,-4.91153],[119.90458,-4.91186],[119.90702,-4.91378],[119.90855,-4.90966],[119.90949,-4.90911],[119.91203,-4.90938],[119.91204,-4.90768],[119.91262,-4.90702],[119.91728,-4.90737],[119.91727,-4.90573],[119.91977,-4.90411],[119.92088,-4.90162],[119.92427,-4.89991],[119.92505,-4.89465],[119.92918,-4.89389],[119.93046,-4.89106],[119.93271,-4.89065],[119.93188,-4.88867],[119.93425,-4.8867],[119.9335,-4.88499],[119.93473,-4.88295],[119.93293,-4.87474],[119.92375,-4.87082],[119.91759,-4.86694],[119.92414,-4.85576],[119.93083,-4.84636],[119.9336,-4.84503],[119.935,-4.84339],[119.93671,-4.84313],[119.94094,-4.8364],[119.94241,-4.82935],[119.94411,-4.82712],[119.94338,-4.82582],[119.94388,-4.82318],[119.94677,-4.8188],[119.9467,-4.81711],[119.94423,-4.81216],[119.94457,-4.80769],[119.94753,-4.8001],[119.95033,-4.79661],[119.95089,-4.7946],[119.95248,-4.79329],[119.95695,-4.79233],[119.96132,-4.79023],[119.96327,-4.79053],[119.96531,-4.78936],[119.9688,-4.78898],[119.97169,-4.78642],[119.97234,-4.78508],[119.9736,-4.78449],[119.97593,-4.78091],[119.97448,-4.77955],[119.97136,-4.77891],[119.96777,-4.77408],[119.95369,-4.76601],[119.94767,-4.7608],[119.94546,-4.76047],[119.94475,-4.75956],[119.94269,-4.75963],[119.94117,-4.75849],[119.94018,-4.75897],[119.93883,-4.75775],[119.93626,-4.75807],[119.93391,-4.75569],[119.93113,-4.7549],[119.93139,-4.75387],[119.93031,-4.75392],[119.9241,-4.74886],[119.92312,-4.74476],[119.91951,-4.73956],[119.91057,-4.73157],[119.90686,-4.73193],[119.90094,-4.73138],[119.89889,-4.72927],[119.89807,-4.72737],[119.89651,-4.72643],[119.89009,-4.72482],[119.88348,-4.71909],[119.88207,-4.7223],[119.88063,-4.72365],[119.87977,-4.7262],[119.87986,-4.72842],[119.87816,-4.73022],[119.87464,-4.73156],[119.87188,-4.73441],[119.8705,-4.73838],[119.86911,-4.73909],[119.86625,-4.74844],[119.86366,-4.75286],[119.86091,-4.75273],[119.85414,-4.74335],[119.84766,-4.74371],[119.8429,-4.74279],[119.84058,-4.74401],[119.83882,-4.74698],[119.83638,-4.74925],[119.82932,-4.74912],[119.82337,-4.75231],[119.81698,-4.75765],[119.8123,-4.76413],[119.81174,-4.76783],[119.81267,-4.77489],[119.81428,-4.77713],[119.81475,-4.77893],[119.81136,-4.78338],[119.81119,-4.78879],[119.81383,-4.79159],[119.8138,-4.79253],[119.81097,-4.80005],[119.80667,-4.80884],[119.79899,-4.80951],[119.79222,-4.80809],[119.78874,-4.809],[119.78582,-4.80668],[119.78446,-4.80653],[119.78071,-4.81243],[119.77741,-4.81459],[119.77792,-4.81596],[119.77744,-4.81744],[119.77335,-4.81888],[119.77234,-4.82164],[119.77078,-4.82121],[119.76981,-4.82316],[119.76637,-4.82454],[119.76452,-4.8186],[119.76615,-4.81517],[119.76503,-4.81344],[119.76434,-4.81483],[119.76364,-4.81493],[119.76237,-4.81185],[119.76302,-4.808],[119.76105,-4.80588],[119.75599,-4.80371],[119.75,-4.80381],[119.74812,-4.8046],[119.74712,-4.80422],[119.7471,-4.8055],[119.74515,-4.80729],[119.74452,-4.8068],[119.74469,-4.80536],[119.7434,-4.80438],[119.73992,-4.80354],[119.73593,-4.8077],[119.73438,-4.80754],[119.73293,-4.80889],[119.7299,-4.80843],[119.72859,-4.80958],[119.72547,-4.80954],[119.72506,-4.81044],[119.72744,-4.81232],[119.72712,-4.81581],[119.72519,-4.81802],[119.72492,-4.8193],[119.72096,-4.82166],[119.72009,-4.82126],[119.71934,-4.81976],[119.7155,-4.8177],[119.71494,-4.81541],[119.71321,-4.81378],[119.71236,-4.81096],[119.70482,-4.80464],[119.70102,-4.80285],[119.69795,-4.7991],[119.69591,-4.79236],[119.69625,-4.78791],[119.69811,-4.78924],[119.70033,-4.78934],[119.70245,-4.78793],[119.70424,-4.78797],[119.70495,-4.78649],[119.70652,-4.78761],[119.70809,-4.78741],[119.70903,-4.78629],[119.70947,-4.78739],[119.71204,-4.78817],[119.71335,-4.78679],[119.71448,-4.78662],[119.71745,-4.78871],[119.71904,-4.78777],[119.722,-4.7883],[119.72335,-4.78767],[119.72624,-4.78973],[119.72662,-4.79116],[119.7291,-4.79219],[119.72953,-4.79349],[119.72909,-4.79674],[119.72998,-4.79757],[119.73034,-4.80071],[119.73321,-4.79975],[119.73316,-4.79712],[119.73523,-4.79612],[119.73698,-4.79693],[119.73811,-4.79539],[119.7406,-4.79622],[119.74344,-4.79479],[119.74465,-4.79533],[119.74363,-4.79614],[119.74406,-4.79695],[119.74542,-4.79644],[119.74626,-4.79704],[119.74767,-4.79683],[119.74887,-4.79807],[119.74901,-4.79719],[119.74699,-4.79486],[119.74976,-4.79458],[119.75006,-4.79325],[119.74896,-4.79088],[119.75096,-4.79008],[119.75121,-4.7889],[119.754,-4.78868],[119.75425,-4.789],[119.75292,-4.78995],[119.75411,-4.79007],[119.75581,-4.78958],[119.75574,-4.78858],[119.75771,-4.7891],[119.75932,-4.78805],[119.75906,-4.787],[119.75755,-4.78559],[119.75955,-4.78509],[119.75924,-4.78322],[119.75699,-4.78366],[119.7566,-4.78208],[119.75564,-4.78391],[119.75266,-4.78154],[119.75269,-4.78107],[119.75407,-4.78088],[119.75457,-4.77824],[119.75558,-4.7769],[119.75511,-4.77517],[119.75782,-4.77539],[119.75933,-4.77277],[119.7609,-4.77259],[119.7643,-4.76941],[119.76524,-4.76582],[119.76642,-4.7644],[119.7668,-4.76041],[119.76833,-4.75835],[119.77108,-4.75749],[119.77151,-4.75487],[119.77348,-4.75381],[119.77617,-4.75365],[119.77798,-4.75451],[119.78362,-4.75332],[119.78815,-4.75314],[119.789,-4.7571],[119.79077,-4.75984],[119.79431,-4.7629],[119.7982,-4.76217],[119.79913,-4.76338],[119.80119,-4.76356],[119.80309,-4.76272],[119.80434,-4.76109],[119.80638,-4.76028],[119.80829,-4.75839],[119.80786,-4.75545],[119.81101,-4.75464],[119.81291,-4.75222],[119.81556,-4.7524],[119.81656,-4.75024],[119.81994,-4.75149],[119.82067,-4.74641],[119.8224,-4.74307],[119.823,-4.73961],[119.82187,-4.73677],[119.82212,-4.73337],[119.82134,-4.73227],[119.82077,-4.72868],[119.82252,-4.72474],[119.82548,-4.72128],[119.82581,-4.7177],[119.82079,-4.71581],[119.81724,-4.70723],[119.81214,-4.70436],[119.81053,-4.7023],[119.80832,-4.70149],[119.80627,-4.69934],[119.80209,-4.69793],[119.79968,-4.69779],[119.7993,-4.69709],[119.79801,-4.69687],[119.79788,-4.69572],[119.79512,-4.6948],[119.79317,-4.69213],[119.79041,-4.69181],[119.78949,-4.68997],[119.78692,-4.68839],[119.78367,-4.68797],[119.78107,-4.68891],[119.77821,-4.68733],[119.77477,-4.68688],[119.77283,-4.68808],[119.77325,-4.68898],[119.77237,-4.68907],[119.77137,-4.69027],[119.76988,-4.68855],[119.76805,-4.68854],[119.76498,-4.68612],[119.76046,-4.68607],[119.76008,-4.68271],[119.76117,-4.68152],[119.76186,-4.67877],[119.76288,-4.67736],[119.76202,-4.67535],[119.76339,-4.66846],[119.76335,-4.66589],[119.76238,-4.6647],[119.76194,-4.66182],[119.75883,-4.66068],[119.75847,-4.65586],[119.75983,-4.65333],[119.75937,-4.65103],[119.75976,-4.64837],[119.75588,-4.64381],[119.75628,-4.64003],[119.75774,-4.63921],[119.75677,-4.63628],[119.75804,-4.63549],[119.75901,-4.63307],[119.75942,-4.6255],[119.76568,-4.6236],[119.766,-4.62152],[119.76497,-4.61989],[119.76607,-4.61572],[119.76869,-4.6152],[119.76961,-4.61379],[119.77143,-4.61442],[119.77492,-4.61352],[119.77589,-4.61179],[119.77738,-4.61113],[119.77761,-4.60981],[119.78061,-4.61026],[119.78059,-4.6088],[119.78325,-4.60862],[119.78535,-4.60698],[119.7882,-4.606],[119.78955,-4.60415],[119.7902,-4.59859],[119.79243,-4.59879],[119.79377,-4.59822],[119.79576,-4.59898],[119.79717,-4.5955],[119.79984,-4.59311],[119.80021,-4.59207],[119.80273,-4.59207],[119.80071,-4.58844],[119.80019,-4.58537],[119.79961,-4.5849],[119.80019,-4.58019],[119.80133,-4.58019],[119.80191,-4.57937],[119.801,-4.57507],[119.80093,-4.57051],[119.80057,-4.56958],[119.7991,-4.56866],[119.79907,-4.56727],[119.79791,-4.56527],[119.79825,-4.56426],[119.79973,-4.56366],[119.80029,-4.56101],[119.80856,-4.55374],[119.81013,-4.54913],[119.81085,-4.54283],[119.81034,-4.54089],[119.80758,-4.53666],[119.80416,-4.5349],[119.80353,-4.53358]]],[[[120.40657,-4.5451],[120.40586,-4.54563],[120.40552,-4.54493],[120.4057,-4.54592],[120.40372,-4.54671],[120.40431,-4.54773],[120.40649,-4.54694],[120.40611,-4.54585],[120.40657,-4.5451]]],[[[120.31421,-4.95367],[120.3152,-4.9533],[120.31528,-4.95236],[120.31369,-4.94979],[120.31297,-4.94989],[120.31264,-4.9505],[120.31421,-4.95367]]],[[[120.31037,-5.03772],[120.31072,-5.03718],[120.30988,-5.03742],[120.31037,-5.03772]]]]}},
{"type":"Feature","properties":{"slug":"bulukumba","nama":"Kabupaten Bulukumba","osm":"relation/13219216","pusat":[-5.411996691842904,120.22160182779473]},"geometry":{"type":"MultiPolygon","coordinates":[[[[120.42716,-5.42974],[120.42666,-5.43044],[120.42576,-5.42992],[120.42282,-5.42599],[120.42238,-5.42417],[120.42291,-5.4229],[120.42158,-5.42171],[120.42116,-5.41973],[120.41939,-5.41663],[120.4171,-5.41426],[120.41574,-5.41043],[120.41363,-5.4082],[120.41283,-5.40546],[120.41303,-5.40212],[120.41206,-5.40013],[120.41233,-5.39461],[120.41193,-5.39393],[120.41013,-5.39342],[120.4085,-5.38938],[120.40541,-5.38428],[120.40438,-5.38023],[120.4029,-5.37872],[120.40418,-5.37468],[120.40471,-5.37498],[120.4042,-5.37533],[120.40753,-5.37514],[120.40712,-5.37398],[120.40417,-5.37348],[120.4041,-5.37089],[120.40277,-5.3698],[120.40243,-5.3682],[120.40181,-5.36808],[120.40186,-5.36722],[120.40116,-5.36726],[120.4007,-5.36582],[120.40154,-5.36113],[120.40372,-5.35995],[120.40435,-5.35832],[120.40591,-5.35811],[120.40714,-5.35867],[120.40663,-5.35032],[120.40706,-5.34899],[120.40589,-5.3483],[120.40472,-5.34146],[120.40397,-5.3414],[120.40302,-5.33904],[120.40203,-5.33968],[120.40072,-5.33922],[120.39799,-5.34064],[120.39349,-5.3386],[120.39006,-5.33918],[120.38764,-5.33869],[120.38532,-5.33517],[120.3836,-5.33373],[120.38161,-5.3341],[120.37609,-5.33291],[120.3745,-5.32698],[120.37286,-5.32604],[120.37246,-5.32432],[120.37016,-5.32172],[120.36393,-5.32207],[120.36359,-5.32492],[120.36466,-5.3262],[120.36354,-5.32733],[120.36347,-5.32882],[120.36166,-5.32792],[120.36116,-5.32731],[120.36239,-5.32562],[120.36147,-5.32401],[120.36193,-5.32266],[120.36153,-5.32009],[120.35938,-5.31634],[120.3539,-5.3141],[120.35126,-5.31087],[120.3493,-5.30605],[120.34665,-5.30385],[120.34574,-5.30426],[120.34266,-5.30098],[120.34163,-5.29697],[120.34199,-5.293],[120.33624,-5.28717],[120.33462,-5.28751],[120.33262,-5.28994],[120.32838,-5.28859],[120.32587,-5.29068],[120.32358,-5.2905],[120.32284,-5.29114],[120.32038,-5.29045],[120.31884,-5.29343],[120.31878,-5.29497],[120.31611,-5.29505],[120.31408,-5.29731],[120.31256,-5.29738],[120.31163,-5.29527],[120.31045,-5.29523],[120.30807,-5.29384],[120.30684,-5.29401],[120.3066,-5.2955],[120.30846,-5.29745],[120.30667,-5.29888],[120.30654,-5.30067],[120.30562,-5.30062],[120.30451,-5.30217],[120.30262,-5.30176],[120.30142,-5.29857],[120.30307,-5.29614],[120.30183,-5.29527],[120.30196,-5.29148],[120.29813,-5.29063],[120.2985,-5.28927],[120.29948,-5.28929],[120.2992,-5.28796],[120.29492,-5.28999],[120.2933,-5.28742],[120.2916,-5.28696],[120.29134,-5.28915],[120.28927,-5.28653],[120.28765,-5.28765],[120.28608,-5.28735],[120.2853,-5.29031],[120.2818,-5.2902],[120.28186,-5.29135],[120.28326,-5.29224],[120.28344,-5.29317],[120.28085,-5.2939],[120.28177,-5.29516],[120.28162,-5.29683],[120.2808,-5.29682],[120.28024,-5.29563],[120.2793,-5.29531],[120.27855,-5.29655],[120.27748,-5.29686],[120.27869,-5.2975],[120.27831,-5.3003],[120.27711,-5.30092],[120.27568,-5.29872],[120.27323,-5.29948],[120.27086,-5.29872],[120.27064,-5.29715],[120.26707,-5.29847],[120.26494,-5.29724],[120.26329,-5.29771],[120.26299,-5.29839],[120.26004,-5.29679],[120.25953,-5.29761],[120.25835,-5.29747],[120.25876,-5.2988],[120.25819,-5.29958],[120.25689,-5.29909],[120.25541,-5.30169],[120.25454,-5.30146],[120.25487,-5.30286],[120.25375,-5.30236],[120.25387,-5.30382],[120.25222,-5.30307],[120.25177,-5.30154],[120.25154,-5.30401],[120.25066,-5.30263],[120.24949,-5.30305],[120.24905,-5.30245],[120.24755,-5.3025],[120.24644,-5.30305],[120.24614,-5.30221],[120.24477,-5.3021],[120.245,-5.30135],[120.24607,-5.30098],[120.24522,-5.2999],[120.24085,-5.29792],[120.24087,-5.29901],[120.2394,-5.29982],[120.23755,-5.29786],[120.23528,-5.29889],[120.23093,-5.29749],[120.23033,-5.29676],[120.22941,-5.29766],[120.2283,-5.29723],[120.22802,-5.29799],[120.22693,-5.29775],[120.2271,-5.29878],[120.22562,-5.30087],[120.22484,-5.30028],[120.22414,-5.3019],[120.22337,-5.30169],[120.22186,-5.30335],[120.21949,-5.30284],[120.21894,-5.3036],[120.21776,-5.3031],[120.21596,-5.30346],[120.21494,-5.30255],[120.21376,-5.30302],[120.21394,-5.30369],[120.21331,-5.30296],[120.21207,-5.30352],[120.21108,-5.30218],[120.21038,-5.30273],[120.20868,-5.30147],[120.20549,-5.30191],[120.20432,-5.30117],[120.20333,-5.30218],[120.2026,-5.30205],[120.20283,-5.30315],[120.20223,-5.30366],[120.20087,-5.30329],[120.19898,-5.30425],[120.19919,-5.30511],[120.19833,-5.30594],[120.19598,-5.30706],[120.18876,-5.30809],[120.18799,-5.30899],[120.18574,-5.30939],[120.1849,-5.31076],[120.18382,-5.31069],[120.18101,-5.31207],[120.17955,-5.31162],[120.17864,-5.31273],[120.17617,-5.31158],[120.17578,-5.31281],[120.1732,-5.31194],[120.17282,-5.31269],[120.17085,-5.31224],[120.15826,-5.30318],[120.15268,-5.30218],[120.15038,-5.30075],[120.14482,-5.29144],[120.14173,-5.28837],[120.14064,-5.28824],[120.14032,-5.28882],[120.14098,-5.28987],[120.1394,-5.29026],[120.13892,-5.2919],[120.13645,-5.2943],[120.13636,-5.29641],[120.13508,-5.29797],[120.13519,-5.30063],[120.13317,-5.30101],[120.13185,-5.30236],[120.13146,-5.30419],[120.13008,-5.30484],[120.13121,-5.30638],[120.13026,-5.30789],[120.12543,-5.30674],[120.12518,-5.31165],[120.12173,-5.3108],[120.11918,-5.3127],[120.1179,-5.31226],[120.1159,-5.31464],[120.11505,-5.31351],[120.11058,-5.31451],[120.10787,-5.31621],[120.10706,-5.31563],[120.1064,-5.31372],[120.10511,-5.31418],[120.10421,-5.31614],[120.10286,-5.31627],[120.10259,-5.3171],[120.09808,-5.31696],[120.09775,-5.31818],[120.09866,-5.32083],[120.09786,-5.32232],[120.09505,-5.32267],[120.09406,-5.32133],[120.09255,-5.32118],[120.09,-5.32338],[120.08885,-5.32296],[120.08822,-5.32156],[120.08383,-5.32324],[120.08309,-5.32412],[120.07997,-5.32484],[120.07888,-5.32624],[120.07847,-5.32893],[120.07645,-5.33283],[120.0728,-5.33583],[120.06707,-5.33288],[120.06538,-5.33347],[120.06197,-5.3329],[120.05873,-5.33558],[120.05719,-5.33582],[120.05516,-5.33973],[120.05326,-5.34006],[120.03957,-5.34705],[120.03742,-5.34568],[120.03775,-5.34411],[120.03724,-5.3424],[120.03557,-5.34211],[120.03511,-5.341],[120.03363,-5.34152],[120.03319,-5.3394],[120.03063,-5.33864],[120.02917,-5.3398],[120.02835,-5.33892],[120.02029,-5.33819],[120.01904,-5.33659],[120.01763,-5.33637],[120.01667,-5.33516],[120.01674,-5.33301],[120.01492,-5.33237],[120.01369,-5.32961],[120.01293,-5.32927],[120.01269,-5.32631],[120.00938,-5.32552],[120.00823,-5.32646],[120.006,-5.32349],[120.00131,-5.3233],[120.00125,-5.32252],[119.99981,-5.32223],[119.99949,-5.32078],[119.99815,-5.32069],[119.997,-5.32235],[119.99266,-5.32389],[119.99316,-5.32544],[119.99223,-5.32666],[119.99109,-5.32653],[119.98785,-5.33011],[119.98717,-5.32955],[119.98518,-5.33013],[119.98373,-5.33146],[119.9805,-5.33265],[119.97767,-5.33543],[119.97545,-5.33621],[119.97426,-5.33796],[119.97263,-5.3384],[119.97046,-5.34024],[119.96672,-5.34208],[119.96255,-5.34184],[119.9576,-5.34414],[119.95654,-5.34553],[119.95664,-5.34834],[119.95464,-5.35189],[119.95465,-5.35267],[119.95598,-5.35399],[119.9598,-5.35549],[119.96302,-5.35912],[119.96242,-5.36173],[119.96993,-5.36796],[119.97036,-5.3704],[119.97225,-5.3723],[119.97263,-5.37476],[119.97512,-5.37672],[119.97467,-5.37897],[119.97585,-5.37931],[119.97733,-5.38085],[119.97755,-5.38238],[119.98032,-5.3859],[119.98094,-5.38875],[119.97984,-5.39039],[119.98272,-5.39084],[119.98306,-5.39174],[119.98564,-5.39219],[119.9862,-5.39123],[119.9892,-5.39082],[119.99077,-5.38888],[119.99175,-5.38943],[119.99409,-5.3892],[119.99494,-5.38994],[119.99833,-5.38934],[119.99987,-5.39018],[120.00338,-5.387],[120.00422,-5.38759],[120.00555,-5.38743],[120.00657,-5.38842],[120.01105,-5.3879],[120.01146,-5.38704],[120.01582,-5.39001],[120.01797,-5.38928],[120.01981,-5.39058],[120.02138,-5.39081],[120.02251,-5.38988],[120.02315,-5.39117],[120.02456,-5.39084],[120.02639,-5.39306],[120.02767,-5.39258],[120.02859,-5.39298],[120.02915,-5.39389],[120.02905,-5.39615],[120.03029,-5.39739],[120.03066,-5.39962],[120.03237,-5.40078],[120.03464,-5.40661],[120.03331,-5.4083],[120.03217,-5.40806],[120.03077,-5.40944],[120.02916,-5.40997],[120.02935,-5.4108],[120.03436,-5.4167],[120.03857,-5.4193],[120.03951,-5.42276],[120.0438,-5.42949],[120.04559,-5.42999],[120.04905,-5.43311],[120.0507,-5.43683],[120.05223,-5.43703],[120.05393,-5.43852],[120.05472,-5.43819],[120.0561,-5.43907],[120.05528,-5.4409],[120.0527,-5.44349],[120.05255,-5.44447],[120.05364,-5.44587],[120.05291,-5.44659],[120.05302,-5.44768],[120.05737,-5.44863],[120.05751,-5.45008],[120.05644,-5.45122],[120.05686,-5.45167],[120.0591,-5.45068],[120.06105,-5.45234],[120.06298,-5.45255],[120.06394,-5.45379],[120.06611,-5.45447],[120.06577,-5.45492],[120.06786,-5.45604],[120.06712,-5.45683],[120.06802,-5.4572],[120.06929,-5.45938],[120.07009,-5.46251],[120.07213,-5.46322],[120.07304,-5.46588],[120.07527,-5.46842],[120.07833,-5.47365],[120.082,-5.47624],[120.08213,-5.47753],[120.08325,-5.47825],[120.08333,-5.48002],[120.08475,-5.48085],[120.08536,-5.48257],[120.08682,-5.48379],[120.08737,-5.48728],[120.09025,-5.48882],[120.09152,-5.492],[120.09068,-5.49324],[120.09103,-5.49495],[120.09007,-5.49656],[120.09102,-5.49828],[120.09037,-5.49911],[120.0925,-5.50117],[120.09283,-5.50411],[120.09496,-5.50796],[120.09526,-5.51271],[120.09597,-5.51367],[120.09542,-5.51437],[120.09647,-5.51625],[120.09639,-5.52061],[120.09758,-5.52313],[120.09696,-5.52411],[120.09814,-5.52558],[120.09769,-5.52761],[120.09832,-5.52888],[120.09734,-5.53174],[120.09899,-5.53271],[120.09815,-5.5349],[120.09993,-5.5422],[120.09912,-5.54572],[120.09739,-5.54583],[120.09853,-5.54768],[120.10009,-5.54877],[120.09867,-5.55056],[120.10166,-5.55312],[120.10024,-5.5537],[120.0998,-5.55457],[120.10227,-5.55573],[120.10116,-5.55873],[120.09944,-5.55903],[120.09936,-5.5597],[120.09743,-5.56161],[120.09607,-5.5619],[120.0959,-5.56262],[120.09747,-5.56484],[120.09914,-5.56494],[120.10021,-5.56578],[120.0982,-5.56703],[120.09893,-5.5677],[120.09853,-5.57018],[120.1005,-5.57172],[120.09836,-5.57416],[120.10023,-5.57512],[120.09868,-5.57729],[120.0993,-5.57952],[120.09874,-5.58009],[120.0997,-5.58089],[120.10039,-5.58406],[120.10145,-5.58534],[120.10062,-5.58551],[120.10595,-5.58907],[120.1103,-5.58856],[120.11278,-5.58934],[120.11538,-5.58838],[120.11841,-5.58854],[120.12185,-5.58701],[120.12722,-5.58752],[120.12972,-5.58837],[120.1353,-5.58406],[120.14038,-5.58272],[120.14119,-5.5827],[120.14111,-5.58316],[120.14726,-5.58071],[120.15758,-5.57155],[120.16008,-5.57008],[120.16321,-5.56941],[120.17138,-5.5645],[120.17622,-5.56463],[120.18475,-5.567],[120.19045,-5.56652],[120.1963,-5.56116],[120.19741,-5.56113],[120.19794,-5.55984],[120.20395,-5.554],[120.213,-5.54925],[120.21484,-5.54508],[120.21802,-5.54169],[120.21976,-5.54068],[120.22075,-5.54078],[120.22147,-5.53997],[120.22335,-5.5402],[120.22386,-5.53919],[120.2356,-5.53874],[120.2399,-5.53709],[120.24114,-5.53573],[120.24286,-5.53692],[120.25895,-5.53601],[120.26013,-5.53655],[120.26127,-5.53603],[120.26356,-5.53667],[120.26606,-5.53649],[120.2667,-5.53702],[120.26966,-5.53669],[120.27471,-5.53747],[120.28484,-5.53408],[120.28925,-5.53154],[120.28824,-5.53166],[120.28785,-5.53096],[120.29025,-5.52951],[120.29195,-5.52703],[120.29493,-5.52604],[120.29409,-5.5251],[120.29438,-5.52414],[120.29915,-5.51521],[120.30315,-5.51226],[120.30943,-5.50978],[120.3104,-5.50753],[120.31143,-5.50793],[120.31279,-5.50706],[120.31788,-5.50805],[120.31867,-5.50939],[120.33058,-5.51024],[120.34257,-5.51249],[120.34783,-5.51574],[120.35411,-5.52134],[120.36244,-5.5309],[120.36492,-5.53471],[120.36609,-5.53815],[120.36895,-5.54196],[120.37313,-5.5529],[120.37524,-5.55684],[120.37466,-5.55809],[120.37521,-5.55996],[120.37674,-5.56211],[120.38056,-5.57081],[120.38495,-5.57657],[120.3937,-5.58593],[120.3946,-5.58664],[120.39536,-5.58624],[120.39854,-5.58959],[120.40304,-5.59212],[120.40506,-5.59429],[120.41769,-5.60207],[120.42739,-5.60894],[120.43462,-5.61175],[120.43887,-5.60908],[120.44268,-5.60769],[120.44753,-5.60807],[120.45103,-5.60973],[120.45671,-5.61448],[120.45833,-5.61777],[120.46082,-5.6206],[120.46443,-5.61968],[120.46855,-5.61958],[120.4723,-5.62257],[120.47345,-5.61944],[120.47154,-5.61687],[120.4688,-5.61519],[120.46742,-5.60993],[120.46599,-5.60848],[120.46405,-5.60789],[120.46389,-5.60565],[120.46281,-5.60415],[120.46153,-5.59307],[120.46312,-5.58426],[120.46119,-5.57842],[120.45944,-5.57611],[120.45894,-5.57441],[120.4595,-5.57268],[120.45825,-5.57191],[120.45558,-5.57216],[120.44876,-5.56915],[120.44669,-5.5653],[120.4447,-5.55667],[120.4446,-5.55382],[120.44561,-5.55101],[120.44786,-5.54988],[120.4492,-5.54991],[120.45115,-5.54826],[120.45,-5.54633],[120.45033,-5.54194],[120.44902,-5.54063],[120.4492,-5.53879],[120.45015,-5.53795],[120.4492,-5.53578],[120.44894,-5.5307],[120.44711,-5.52984],[120.4465,-5.52643],[120.44751,-5.51531],[120.44848,-5.51119],[120.44727,-5.50846],[120.44716,-5.50396],[120.44625,-5.50066],[120.4449,-5.49848],[120.44472,-5.4968],[120.44259,-5.49584],[120.44253,-5.49515],[120.44334,-5.48978],[120.44612,-5.48179],[120.44791,-5.48028],[120.44878,-5.48031],[120.44906,-5.47939],[120.45123,-5.47873],[120.45111,-5.47679],[120.44931,-5.4744],[120.44636,-5.47504],[120.44439,-5.47412],[120.4436,-5.47458],[120.44182,-5.47274],[120.43953,-5.47289],[120.43915,-5.47223],[120.43718,-5.47281],[120.43379,-5.47068],[120.43342,-5.46902],[120.43249,-5.46954],[120.43133,-5.46829],[120.42858,-5.46903],[120.42587,-5.4664],[120.42577,-5.46555],[120.42498,-5.46601],[120.42439,-5.46553],[120.42502,-5.46382],[120.42304,-5.46189],[120.42286,-5.45898],[120.42483,-5.45234],[120.42698,-5.4517],[120.42794,-5.45205],[120.42941,-5.45124],[120.43301,-5.45243],[120.43426,-5.45173],[120.43256,-5.44702],[120.43268,-5.44599],[120.43368,-5.44513],[120.4304,-5.43961],[120.42853,-5.43364],[120.42905,-5.43273],[120.42888,-5.43138],[120.42831,-5.43122],[120.42875,-5.43036],[120.42716,-5.42974]]],[[[120.42807,-5.64003],[120.4262,-5.63983],[120.42517,-5.64093],[120.42279,-5.6461],[120.42095,-5.64804],[120.42085,-5.65122],[120.42192,-5.65559],[120.42527,-5.65861],[120.4252,-5.6594],[120.42634,-5.65891],[120.42848,-5.6592],[120.42967,-5.66095],[120.4327,-5.65965],[120.4359,-5.65617],[120.44239,-5.65076],[120.44404,-5.64798],[120.44528,-5.64733],[120.44566,-5.64481],[120.44493,-5.64281],[120.4434,-5.64181],[120.43553,-5.64241],[120.43165,-5.64001],[120.42807,-5.64003]]],[[[120.47449,-5.68063],[120.47596,-5.6816],[120.47706,-5.68083],[120.47787,-5.6814],[120.47963,-5.68064],[120.48034,-5.679],[120.47964,-5.67638],[120.47723,-5.67592],[120.4764,-5.67822],[120.47396,-5.68051],[120.47449,-5.68063]]]]}},
{"type":"Feature","properties":{"slug":"enrekang","nama":"Kabupaten Enrekang","osm":"relation/14752066","pusat":[-3.515074988558352,119.86673778032036]},"geometry":{"type":"Polygon","coordinates":[[[120.01539,-3.34559],[120.01302,-3.34057],[120.00632,-3.33653],[120.00297,-3.33332],[120.00339,-3.32705],[120.00576,-3.32217],[120.00408,-3.31339],[120.00185,-3.30712],[119.99906,-3.30544],[119.99752,-3.30252],[119.99361,-3.30266],[119.98901,-3.30781],[119.98551,-3.30363],[119.98091,-3.30154],[119.97909,-3.29861],[119.97281,-3.29722],[119.96876,-3.29471],[119.96234,-3.29415],[119.95536,-3.29443],[119.94949,-3.2975],[119.94572,-3.29499],[119.94363,-3.2915],[119.93609,-3.2844],[119.93008,-3.28161],[119.92701,-3.2777],[119.92562,-3.27255],[119.92254,-3.26599],[119.91486,-3.26293],[119.91165,-3.26293],[119.9076,-3.26056],[119.90146,-3.26028],[119.89574,-3.26098],[119.88945,-3.26],[119.88645,-3.25779],[119.88439,-3.25739],[119.88493,-3.25612],[119.88375,-3.25567],[119.87947,-3.25926],[119.88038,-3.26071],[119.87735,-3.26424],[119.87759,-3.26565],[119.87689,-3.26797],[119.87795,-3.26715],[119.8789,-3.26959],[119.87635,-3.26892],[119.87099,-3.26935],[119.87231,-3.27163],[119.87084,-3.27427],[119.86873,-3.27328],[119.86826,-3.2711],[119.86739,-3.27278],[119.86662,-3.27288],[119.86575,-3.27173],[119.86463,-3.27163],[119.86404,-3.27022],[119.86292,-3.27079],[119.86126,-3.26963],[119.86116,-3.27077],[119.86264,-3.27258],[119.86135,-3.27343],[119.86043,-3.27183],[119.85969,-3.27463],[119.85881,-3.27404],[119.85893,-3.27226],[119.8578,-3.27252],[119.85683,-3.27368],[119.85725,-3.27543],[119.85685,-3.277],[119.85567,-3.27691],[119.8547,-3.27771],[119.85359,-3.28062],[119.85024,-3.28061],[119.84984,-3.2799],[119.85059,-3.27878],[119.84968,-3.27898],[119.8499,-3.27816],[119.84917,-3.27778],[119.84881,-3.2789],[119.84699,-3.27753],[119.84546,-3.27431],[119.84421,-3.27404],[119.84205,-3.27061],[119.84279,-3.26805],[119.84204,-3.26564],[119.84247,-3.26138],[119.84079,-3.25928],[119.84048,-3.25613],[119.83989,-3.25554],[119.83626,-3.25401],[119.8336,-3.25582],[119.83235,-3.25819],[119.82872,-3.26098],[119.82481,-3.26265],[119.81992,-3.26098],[119.81769,-3.25624],[119.82118,-3.25331],[119.82229,-3.25108],[119.82662,-3.24843],[119.82509,-3.24718],[119.82076,-3.24718],[119.81182,-3.2455],[119.80688,-3.24258],[119.79697,-3.23933],[119.79439,-3.23958],[119.78983,-3.24156],[119.77943,-3.24048],[119.77608,-3.24146],[119.77342,-3.24815],[119.77328,-3.25679],[119.77538,-3.25972],[119.77496,-3.2692],[119.77049,-3.2745],[119.76295,-3.27673],[119.7596,-3.27617],[119.75223,-3.2794],[119.7415,-3.28182],[119.73734,-3.28415],[119.72789,-3.28681],[119.7253,-3.28852],[119.72356,-3.28895],[119.72066,-3.28839],[119.71996,-3.29214],[119.71847,-3.29289],[119.71313,-3.30894],[119.71281,-3.31086],[119.71652,-3.31646],[119.71785,-3.32119],[119.72197,-3.32419],[119.72315,-3.32879],[119.72272,-3.33308],[119.71833,-3.33834],[119.71695,-3.34223],[119.7184,-3.34592],[119.72147,-3.35006],[119.72078,-3.35891],[119.71939,-3.36296],[119.72023,-3.36457],[119.71975,-3.36643],[119.72164,-3.37065],[119.72173,-3.37478],[119.72293,-3.37665],[119.72229,-3.37937],[119.72521,-3.38196],[119.72537,-3.38304],[119.72004,-3.3846],[119.71775,-3.38724],[119.7143,-3.38804],[119.69893,-3.38759],[119.69775,-3.38787],[119.69725,-3.38869],[119.69604,-3.38839],[119.69478,-3.3938],[119.69714,-3.40384],[119.69621,-3.40723],[119.69664,-3.41215],[119.69836,-3.41631],[119.69793,-3.42241],[119.6984,-3.424],[119.70106,-3.42359],[119.70175,-3.42419],[119.69926,-3.42678],[119.69851,-3.42627],[119.6977,-3.42704],[119.69688,-3.42629],[119.69499,-3.42719],[119.69332,-3.42608],[119.69083,-3.42783],[119.69102,-3.43085],[119.69531,-3.4425],[119.6942,-3.44687],[119.69222,-3.44807],[119.6878,-3.44666],[119.68715,-3.44537],[119.68602,-3.4445],[119.68561,-3.44488],[119.68859,-3.45206],[119.68913,-3.45649],[119.68848,-3.45818],[119.68996,-3.46152],[119.69132,-3.46155],[119.69391,-3.46292],[119.69473,-3.46472],[119.69574,-3.46476],[119.69604,-3.46577],[119.69831,-3.46669],[119.69898,-3.46919],[119.70086,-3.46983],[119.70164,-3.47103],[119.70419,-3.47069],[119.70625,-3.47296],[119.70449,-3.47538],[119.70183,-3.47611],[119.70239,-3.47806],[119.70013,-3.47999],[119.7014,-3.48249],[119.70144,-3.48412],[119.70005,-3.48598],[119.70159,-3.49082],[119.70266,-3.50288],[119.69481,-3.50764],[119.6946,-3.50916],[119.69848,-3.51425],[119.7003,-3.52085],[119.70414,-3.52588],[119.70695,-3.53119],[119.70657,-3.53522],[119.7129,-3.5403],[119.71867,-3.54756],[119.71904,-3.54893],[119.71803,-3.55897],[119.71719,-3.55955],[119.71749,-3.56274],[119.71916,-3.56835],[119.72064,-3.58641],[119.72895,-3.59998],[119.73471,-3.6163],[119.7366,-3.62439],[119.73619,-3.63238],[119.73831,-3.63657],[119.73958,-3.64288],[119.74261,-3.64637],[119.7433,-3.65377],[119.7491,-3.65723],[119.74893,-3.65888],[119.74693,-3.66107],[119.7474,-3.6625],[119.74573,-3.66354],[119.74517,-3.66565],[119.74642,-3.66571],[119.74905,-3.66913],[119.75134,-3.66742],[119.75569,-3.66785],[119.75874,-3.66958],[119.75978,-3.671],[119.75924,-3.67571],[119.76102,-3.70241],[119.76649,-3.70642],[119.77063,-3.71173],[119.77868,-3.71359],[119.79827,-3.73166],[119.80211,-3.73331],[119.80638,-3.74038],[119.80857,-3.74277],[119.81,-3.74305],[119.81494,-3.7495],[119.81887,-3.74935],[119.8206,-3.75211],[119.82204,-3.76183],[119.82185,-3.76498],[119.82294,-3.76665],[119.82327,-3.76915],[119.83095,-3.77069],[119.8349,-3.77243],[119.84002,-3.7775],[119.8447,-3.77994],[119.84427,-3.78577],[119.846,-3.78716],[119.8449,-3.78959],[119.84703,-3.79142],[119.84661,-3.79265],[119.84874,-3.79314],[119.851,-3.80041],[119.8587,-3.80523],[119.85949,-3.80378],[119.86066,-3.80512],[119.86093,-3.80663],[119.85911,-3.80676],[119.85807,-3.80749],[119.85905,-3.80881],[119.86086,-3.8084],[119.86089,-3.81215],[119.86324,-3.81227],[119.87541,-3.81802],[119.8791,-3.81883],[119.88133,-3.81874],[119.89148,-3.81575],[119.89474,-3.81639],[119.89663,-3.81812],[119.89768,-3.82037],[119.89723,-3.82333],[119.89995,-3.82624],[119.9074,-3.82252],[119.90928,-3.81804],[119.91207,-3.81704],[119.91789,-3.81293],[119.92445,-3.81745],[119.92653,-3.81788],[119.93228,-3.80788],[119.93728,-3.80308],[119.93844,-3.80295],[119.94423,-3.80959],[119.94857,-3.80623],[119.95462,-3.80304],[119.96099,-3.80276],[119.95936,-3.80051],[119.95947,-3.79953],[119.96374,-3.79488],[119.96498,-3.79495],[119.96657,-3.79632],[119.96788,-3.79653],[119.96878,-3.79597],[119.96863,-3.79493],[119.9676,-3.79443],[119.96698,-3.79178],[119.96713,-3.79077],[119.96923,-3.78936],[119.96949,-3.78839],[119.96837,-3.78735],[119.96638,-3.7869],[119.96444,-3.78264],[119.96223,-3.78039],[119.95741,-3.77867],[119.95427,-3.78075],[119.9493,-3.77842],[119.94837,-3.77713],[119.94784,-3.77409],[119.94621,-3.77261],[119.94533,-3.76996],[119.94528,-3.76917],[119.94784,-3.76733],[119.94773,-3.76647],[119.94515,-3.76626],[119.9403,-3.76155],[119.94011,-3.75898],[119.94301,-3.75829],[119.94389,-3.75756],[119.94441,-3.75559],[119.94171,-3.75448],[119.94067,-3.75304],[119.94129,-3.74251],[119.9402,-3.73699],[119.93837,-3.73586],[119.9381,-3.735],[119.93919,-3.7324],[119.93782,-3.72776],[119.93889,-3.72675],[119.93698,-3.72466],[119.93833,-3.72359],[119.93839,-3.71982],[119.93792,-3.7195],[119.93493,-3.72049],[119.93179,-3.71968],[119.93166,-3.71911],[119.93478,-3.71715],[119.93515,-3.71483],[119.93688,-3.71109],[119.93701,-3.70861],[119.9334,-3.70955],[119.932,-3.70679],[119.93231,-3.70436],[119.93107,-3.70275],[119.92493,-3.7002],[119.92174,-3.69347],[119.92371,-3.69055],[119.92286,-3.68552],[119.92595,-3.68208],[119.9274,-3.67918],[119.93412,-3.6786],[119.94002,-3.67531],[119.94085,-3.67278],[119.94259,-3.67147],[119.94607,-3.67092],[119.95283,-3.66364],[119.95504,-3.65916],[119.96699,-3.66295],[119.98015,-3.66875],[119.98432,-3.66139],[119.99481,-3.66166],[119.99603,-3.65959],[119.99327,-3.65725],[119.9929,-3.65449],[119.99189,-3.65505],[119.99159,-3.65447],[119.99316,-3.64914],[119.99509,-3.64886],[119.99498,-3.64545],[119.99565,-3.64494],[119.99597,-3.64293],[119.99511,-3.641],[119.99545,-3.63959],[119.99262,-3.6395],[119.99273,-3.63699],[119.99374,-3.6349],[119.99312,-3.63305],[119.99342,-3.63218],[119.99219,-3.63029],[119.99301,-3.62869],[120.0009,-3.62603],[120.0032,-3.62451],[120.01084,-3.6144],[120.01466,-3.61228],[120.01959,-3.60489],[120.02174,-3.59566],[120.02603,-3.5895],[120.02939,-3.58085],[120.03179,-3.5768],[120.03336,-3.57038],[120.03745,-3.5641],[120.03516,-3.55577],[120.03772,-3.54769],[120.04008,-3.5449],[120.04899,-3.54273],[120.06252,-3.53672],[120.06466,-3.53311],[120.06759,-3.52987],[120.06881,-3.5262],[120.07107,-3.52355],[120.07542,-3.52389],[120.07872,-3.52205],[120.07755,-3.51248],[120.08083,-3.50327],[120.08635,-3.49436],[120.08879,-3.49385],[120.09388,-3.48942],[120.09636,-3.48823],[120.09643,-3.48296],[120.10014,-3.47696],[120.0931,-3.47181],[120.08366,-3.45624],[120.08025,-3.45187],[120.07388,-3.44588],[120.07311,-3.43665],[120.06915,-3.4293],[120.06145,-3.40941],[120.05918,-3.40515],[120.05684,-3.40635],[120.04907,-3.40558],[120.04246,-3.40806],[120.04012,-3.40999],[120.03336,-3.40068],[120.0288,-3.39168],[120.02411,-3.38504],[120.02833,-3.37215],[120.02337,-3.36154],[120.01963,-3.35834],[120.01868,-3.35679],[120.01539,-3.34559]]]}},
{"type":"Feature","properties":{"slug":"gowa","nama":"Kabupaten Gowa","osm":"relation/12534407","pusat":[-5.316767829457368,119.66076691214467]},"geometry":{"type":"MultiPolygon","coordinates":[[[[119.40792,-5.45173],[119.41018,-5.45155],[119.41611,-5.45288],[119.41641,-5.45033],[119.41909,-5.44841],[119.41693,-5.44252],[119.41801,-5.44127],[119.41778,-5.44062],[119.41545,-5.44124],[119.41334,-5.44339],[119.41034,-5.44304],[119.40876,-5.44394],[119.40757,-5.44832],[119.40792,-5.45173]]],[[[119.39941,-5.25671],[119.39755,-5.26046],[119.39033,-5.2656],[119.38566,-5.27085],[119.3843,-5.27935],[119.38021,-5.28388],[119.37597,-5.29071],[119.3776,-5.29606],[119.38161,-5.30123],[119.38414,-5.30346],[119.38669,-5.30418],[119.3895,-5.30358],[119.39191,-5.30834],[119.39451,-5.31065],[119.39752,-5.32823],[119.40115,-5.34562],[119.40255,-5.34946],[119.40222,-5.35086],[119.40434,-5.36467],[119.40078,-5.37226],[119.39879,-5.37454],[119.39722,-5.37426],[119.39563,-5.37237],[119.39387,-5.37169],[119.39188,-5.37233],[119.39119,-5.3736],[119.39136,-5.37453],[119.39258,-5.37545],[119.39723,-5.37691],[119.39986,-5.37913],[119.40053,-5.38219],[119.39774,-5.38354],[119.38615,-5.38597],[119.3838,-5.38701],[119.36893,-5.39672],[119.36327,-5.40899],[119.36396,-5.41101],[119.36421,-5.41565],[119.36636,-5.41753],[119.36856,-5.42096],[119.37017,-5.42186],[119.37003,-5.42364],[119.3706,-5.4245],[119.37368,-5.42482],[119.37506,-5.42346],[119.37857,-5.42228],[119.3784,-5.41806],[119.37966,-5.41731],[119.38098,-5.41773],[119.38398,-5.41726],[119.39024,-5.41487],[119.39521,-5.41554],[119.39734,-5.41502],[119.39937,-5.41336],[119.4003,-5.41133],[119.40053,-5.40877],[119.39913,-5.40537],[119.4064,-5.4054],[119.40801,-5.40636],[119.40934,-5.40937],[119.42096,-5.41129],[119.42096,-5.41236],[119.41883,-5.41521],[119.41291,-5.43053],[119.4119,-5.43135],[119.41066,-5.43427],[119.41077,-5.43679],[119.42088,-5.43733],[119.42196,-5.43781],[119.42215,-5.43865],[119.42348,-5.43831],[119.42865,-5.43951],[119.43257,-5.43853],[119.43447,-5.4365],[119.43543,-5.43304],[119.43529,-5.43121],[119.43292,-5.42807],[119.43042,-5.42601],[119.42769,-5.42592],[119.42402,-5.42392],[119.42393,-5.42144],[119.42347,-5.42118],[119.42387,-5.42067],[119.4233,-5.41751],[119.42541,-5.41358],[119.42752,-5.41338],[119.42836,-5.41271],[119.42846,-5.41017],[119.42956,-5.40817],[119.4293,-5.40714],[119.43005,-5.40476],[119.42694,-5.40083],[119.42698,-5.39797],[119.42947,-5.39539],[119.43243,-5.3944],[119.43389,-5.3945],[119.4365,-5.39617],[119.44008,-5.39538],[119.44026,-5.39449],[119.44144,-5.39391],[119.44001,-5.39199],[119.44042,-5.38967],[119.43945,-5.38868],[119.44114,-5.38486],[119.44742,-5.38319],[119.45416,-5.37774],[119.455,-5.37634],[119.45711,-5.37558],[119.45695,-5.37267],[119.45561,-5.37151],[119.45536,-5.37017],[119.45379,-5.36922],[119.44995,-5.36912],[119.44833,-5.36777],[119.44765,-5.36587],[119.4481,-5.36061],[119.45001,-5.35692],[119.45602,-5.35515],[119.45815,-5.35509],[119.45873,-5.35292],[119.46191,-5.35087],[119.4615,-5.34818],[119.46195,-5.34631],[119.46377,-5.34379],[119.4661,-5.34191],[119.46719,-5.33958],[119.46762,-5.33561],[119.4705,-5.33276],[119.47569,-5.32962],[119.4739,-5.32637],[119.47067,-5.32611],[119.46867,-5.32632],[119.45961,-5.33122],[119.45598,-5.3298],[119.45616,-5.32763],[119.45515,-5.32379],[119.45663,-5.32059],[119.45925,-5.32036],[119.46138,-5.32232],[119.46444,-5.3217],[119.46686,-5.31966],[119.46647,-5.31691],[119.46336,-5.31328],[119.46513,-5.31236],[119.46747,-5.31236],[119.4695,-5.31343],[119.47077,-5.31517],[119.47296,-5.31427],[119.47816,-5.31411],[119.47977,-5.31176],[119.48236,-5.31136],[119.48307,-5.31176],[119.48449,-5.3151],[119.48594,-5.31592],[119.48828,-5.31567],[119.4888,-5.31406],[119.49234,-5.31616],[119.49241,-5.31806],[119.49101,-5.31988],[119.49148,-5.32128],[119.49668,-5.32017],[119.49947,-5.32298],[119.50282,-5.32334],[119.50534,-5.32012],[119.50547,-5.31814],[119.5053,-5.31639],[119.50241,-5.31243],[119.51155,-5.30966],[119.52161,-5.30119],[119.52926,-5.29879],[119.53044,-5.30091],[119.53519,-5.3047],[119.54176,-5.30655],[119.54308,-5.30519],[119.54358,-5.30082],[119.54787,-5.29591],[119.55314,-5.2958],[119.55659,-5.293],[119.56033,-5.29118],[119.56485,-5.29235],[119.56968,-5.2927],[119.57127,-5.29647],[119.5724,-5.30976],[119.5779,-5.31026],[119.58089,-5.31154],[119.58171,-5.31326],[119.58501,-5.3165],[119.58603,-5.32004],[119.58644,-5.32743],[119.59268,-5.32953],[119.59491,-5.32825],[119.5961,-5.32832],[119.59849,-5.32987],[119.60024,-5.32932],[119.60103,-5.33192],[119.59913,-5.33424],[119.59935,-5.33466],[119.60203,-5.3362],[119.60403,-5.34003],[119.60624,-5.34039],[119.60867,-5.34302],[119.61237,-5.34506],[119.61405,-5.34787],[119.61519,-5.34815],[119.61575,-5.3509],[119.61896,-5.35555],[119.61908,-5.35665],[119.61667,-5.36261],[119.6178,-5.36598],[119.61759,-5.36812],[119.62184,-5.3713],[119.62162,-5.37276],[119.62265,-5.37361],[119.6307,-5.37654],[119.63192,-5.3759],[119.63514,-5.37859],[119.63774,-5.38231],[119.63799,-5.38451],[119.64051,-5.3853],[119.64217,-5.38765],[119.64384,-5.39156],[119.64436,-5.39472],[119.64593,-5.39659],[119.64546,-5.39733],[119.64607,-5.39938],[119.64517,-5.40028],[119.64535,-5.40709],[119.64503,-5.40778],[119.64329,-5.40824],[119.64072,-5.41418],[119.6369,-5.41388],[119.63394,-5.41766],[119.62855,-5.41711],[119.62697,-5.41997],[119.62776,-5.42067],[119.62918,-5.41982],[119.63237,-5.42099],[119.63194,-5.42187],[119.6304,-5.42227],[119.62971,-5.42512],[119.63066,-5.42727],[119.63141,-5.42749],[119.6333,-5.42441],[119.63559,-5.42409],[119.63735,-5.42546],[119.63589,-5.42862],[119.63658,-5.43118],[119.6394,-5.43052],[119.64279,-5.43301],[119.6435,-5.43441],[119.64152,-5.43441],[119.64171,-5.4364],[119.64084,-5.4374],[119.64183,-5.43768],[119.6425,-5.4396],[119.64356,-5.44031],[119.6432,-5.44079],[119.64554,-5.44588],[119.64595,-5.44973],[119.64732,-5.44962],[119.64752,-5.45081],[119.64919,-5.45224],[119.64279,-5.45595],[119.64242,-5.457],[119.63922,-5.45844],[119.63523,-5.46395],[119.63044,-5.46833],[119.62738,-5.46942],[119.62402,-5.4727],[119.62598,-5.47378],[119.63304,-5.47348],[119.64216,-5.47115],[119.65546,-5.47115],[119.65535,-5.47318],[119.65777,-5.47421],[119.6582,-5.4757],[119.66286,-5.4814],[119.66207,-5.48229],[119.66258,-5.48372],[119.6622,-5.48474],[119.65939,-5.48521],[119.65833,-5.48653],[119.66081,-5.48849],[119.66019,-5.48996],[119.66246,-5.49192],[119.66253,-5.494],[119.6639,-5.49518],[119.66404,-5.50138],[119.6685,-5.50891],[119.67131,-5.51053],[119.67337,-5.50836],[119.67676,-5.50673],[119.68499,-5.50033],[119.68716,-5.49932],[119.69457,-5.49863],[119.69743,-5.49745],[119.7007,-5.49713],[119.7007,-5.49829],[119.70191,-5.49996],[119.70132,-5.50123],[119.70254,-5.5072],[119.70071,-5.51081],[119.703,-5.51392],[119.70459,-5.51838],[119.70368,-5.52288],[119.70258,-5.52332],[119.70148,-5.52568],[119.69974,-5.52725],[119.69998,-5.53019],[119.69926,-5.53118],[119.70093,-5.53142],[119.70026,-5.53614],[119.69881,-5.539],[119.70016,-5.5417],[119.6993,-5.54339],[119.70771,-5.54545],[119.71479,-5.54883],[119.72015,-5.55065],[119.72084,-5.55037],[119.7215,-5.55189],[119.72046,-5.55413],[119.72307,-5.55528],[119.72323,-5.55693],[119.72411,-5.55728],[119.72741,-5.55676],[119.7294,-5.55832],[119.72987,-5.56082],[119.7378,-5.56055],[119.74741,-5.56549],[119.76533,-5.56667],[119.76819,-5.56716],[119.76954,-5.56929],[119.77274,-5.56968],[119.77412,-5.56829],[119.77497,-5.56561],[119.77687,-5.56449],[119.77623,-5.56177],[119.77792,-5.56135],[119.77943,-5.5621],[119.77792,-5.56645],[119.7785,-5.56819],[119.77993,-5.56912],[119.78061,-5.5689],[119.78184,-5.56706],[119.78628,-5.56956],[119.7865,-5.56583],[119.79202,-5.56114],[119.79484,-5.55626],[119.79712,-5.55667],[119.8002,-5.55492],[119.80282,-5.55568],[119.80424,-5.55533],[119.80403,-5.55102],[119.80478,-5.54507],[119.80739,-5.54436],[119.80678,-5.54103],[119.80803,-5.53993],[119.81048,-5.54148],[119.81171,-5.54144],[119.81358,-5.53997],[119.81304,-5.53874],[119.80917,-5.53755],[119.80908,-5.5351],[119.81003,-5.53423],[119.81406,-5.53612],[119.81617,-5.53469],[119.81457,-5.52928],[119.8144,-5.5258],[119.81541,-5.52415],[119.81864,-5.52149],[119.81916,-5.51972],[119.81835,-5.5172],[119.82211,-5.51541],[119.8226,-5.5147],[119.82218,-5.51277],[119.82631,-5.51054],[119.83184,-5.50471],[119.83332,-5.504],[119.83277,-5.50135],[119.83337,-5.49764],[119.83294,-5.49629],[119.83553,-5.4896],[119.83717,-5.48119],[119.838,-5.48055],[119.83815,-5.4792],[119.84101,-5.47632],[119.84096,-5.47457],[119.84414,-5.471],[119.84474,-5.46803],[119.84829,-5.46455],[119.84816,-5.46261],[119.85243,-5.46141],[119.85372,-5.46028],[119.85367,-5.45742],[119.85739,-5.45099],[119.85925,-5.44992],[119.85923,-5.44866],[119.86393,-5.44641],[119.86522,-5.4428],[119.86751,-5.44052],[119.86985,-5.43934],[119.87007,-5.43813],[119.87346,-5.433],[119.87344,-5.4308],[119.87597,-5.43219],[119.88251,-5.43033],[119.88344,-5.42851],[119.88498,-5.42826],[119.88798,-5.4264],[119.89137,-5.42255],[119.89436,-5.42215],[119.89749,-5.42053],[119.89994,-5.42102],[119.90264,-5.42008],[119.90614,-5.42042],[119.90876,-5.41991],[119.91802,-5.40438],[119.92039,-5.40164],[119.92521,-5.40064],[119.93777,-5.38611],[119.93725,-5.3849],[119.93783,-5.38209],[119.93414,-5.38034],[119.93234,-5.37785],[119.9319,-5.37409],[119.92804,-5.36704],[119.93366,-5.36093],[119.93601,-5.36058],[119.93724,-5.35854],[119.93537,-5.35438],[119.93368,-5.35255],[119.93259,-5.34735],[119.93019,-5.34416],[119.929,-5.34079],[119.9298,-5.33767],[119.93407,-5.33173],[119.93681,-5.3254],[119.94055,-5.32094],[119.94129,-5.31908],[119.94544,-5.31628],[119.94607,-5.31055],[119.94946,-5.3],[119.95504,-5.29073],[119.9582,-5.28711],[119.96215,-5.28496],[119.96191,-5.28389],[119.96382,-5.2816],[119.96517,-5.28284],[119.96807,-5.28179],[119.96815,-5.28075],[119.96908,-5.27989],[119.97493,-5.2772],[119.9753,-5.27404],[119.97279,-5.27308],[119.9726,-5.27137],[119.97519,-5.26568],[119.97948,-5.25178],[119.98317,-5.24821],[119.9854,-5.24357],[119.9875,-5.24141],[119.98999,-5.23725],[119.99579,-5.23346],[119.99675,-5.23167],[119.9981,-5.22795],[119.99721,-5.22739],[119.99688,-5.22588],[119.99774,-5.22381],[119.99853,-5.22392],[119.99864,-5.22344],[119.99688,-5.22027],[119.9958,-5.21953],[119.99595,-5.2187],[119.99492,-5.21726],[119.99383,-5.21348],[119.99125,-5.21181],[119.99123,-5.21027],[119.99012,-5.20922],[119.99162,-5.20824],[119.99054,-5.20642],[119.99057,-5.20476],[119.9926,-5.20533],[119.9928,-5.20399],[119.99535,-5.2026],[119.99376,-5.20172],[119.99374,-5.20104],[119.99559,-5.19899],[119.99773,-5.19948],[119.99999,-5.19839],[120.00136,-5.19984],[120.00258,-5.20008],[120.00297,-5.19886],[120.00177,-5.1973],[120.00243,-5.19614],[120.00327,-5.19612],[120.00432,-5.19758],[120.00612,-5.19822],[120.0075,-5.19723],[120.00917,-5.19715],[120.01348,-5.19956],[120.01516,-5.19875],[120.01672,-5.1989],[120.01752,-5.19777],[120.01865,-5.19777],[120.01979,-5.19846],[120.02269,-5.19807],[120.02505,-5.19986],[120.02593,-5.19624],[120.02434,-5.19476],[120.0246,-5.19294],[120.02786,-5.19315],[120.03076,-5.18813],[120.03146,-5.18576],[120.02668,-5.18396],[120.02172,-5.17614],[120.017,-5.17477],[120.01297,-5.17198],[120.00951,-5.16747],[120.00404,-5.16467],[120.0016,-5.1624],[120.00179,-5.15853],[120.00114,-5.15717],[120.00108,-5.15415],[119.99524,-5.15416],[119.98554,-5.15148],[119.98483,-5.14849],[119.98048,-5.14646],[119.97772,-5.14326],[119.97621,-5.14239],[119.97196,-5.14188],[119.96907,-5.13709],[119.96759,-5.14072],[119.96327,-5.1407],[119.95991,-5.13698],[119.95634,-5.13442],[119.94289,-5.13149],[119.93913,-5.12897],[119.93416,-5.13027],[119.93233,-5.13324],[119.92804,-5.13448],[119.92328,-5.13461],[119.91622,-5.12578],[119.91036,-5.12087],[119.90429,-5.10749],[119.90386,-5.10398],[119.89914,-5.10261],[119.89391,-5.09787],[119.8926,-5.09575],[119.88706,-5.09421],[119.88669,-5.09345],[119.88281,-5.09346],[119.87996,-5.08891],[119.87912,-5.08855],[119.87686,-5.09181],[119.87268,-5.09292],[119.86461,-5.09175],[119.8623,-5.10183],[119.86009,-5.10538],[119.85693,-5.11352],[119.85914,-5.11639],[119.86942,-5.12279],[119.86955,-5.12541],[119.86895,-5.12687],[119.86517,-5.13144],[119.86543,-5.13505],[119.86131,-5.13854],[119.86077,-5.14065],[119.85861,-5.14193],[119.85631,-5.14785],[119.85644,-5.15046],[119.8576,-5.1504],[119.86191,-5.15371],[119.86363,-5.15781],[119.86313,-5.16269],[119.8594,-5.16839],[119.85554,-5.17249],[119.84871,-5.1787],[119.84704,-5.17788],[119.84534,-5.18011],[119.84463,-5.18297],[119.83716,-5.1913],[119.83399,-5.19399],[119.83097,-5.1956],[119.83004,-5.1952],[119.82641,-5.19606],[119.82488,-5.19819],[119.8238,-5.19825],[119.81825,-5.20414],[119.81706,-5.20427],[119.81561,-5.20584],[119.81188,-5.20521],[119.80618,-5.20541],[119.80205,-5.21069],[119.79877,-5.21162],[119.79405,-5.20961],[119.78971,-5.21088],[119.78578,-5.20796],[119.78123,-5.20942],[119.779,-5.20781],[119.77556,-5.20756],[119.77429,-5.20568],[119.77476,-5.20498],[119.77356,-5.20002],[119.76984,-5.19819],[119.7672,-5.19367],[119.76328,-5.18991],[119.75039,-5.18606],[119.74342,-5.18264],[119.731,-5.18267],[119.72773,-5.18368],[119.71956,-5.18273],[119.71136,-5.17845],[119.70718,-5.17785],[119.7054,-5.17578],[119.7009,-5.17428],[119.69367,-5.1698],[119.68972,-5.17011],[119.68739,-5.16776],[119.68325,-5.16613],[119.66619,-5.16759],[119.65465,-5.16734],[119.64911,-5.17248],[119.64724,-5.17865],[119.63784,-5.17684],[119.63671,-5.17477],[119.62967,-5.16765],[119.6213,-5.16093],[119.61286,-5.15903],[119.60606,-5.15885],[119.60564,-5.15522],[119.60405,-5.15412],[119.60077,-5.15368],[119.5993,-5.15759],[119.59614,-5.15979],[119.58568,-5.15764],[119.5796,-5.15761],[119.57921,-5.16041],[119.57497,-5.16311],[119.57101,-5.16869],[119.5691,-5.16922],[119.56671,-5.17312],[119.56576,-5.17256],[119.56652,-5.17162],[119.56572,-5.17114],[119.56532,-5.17277],[119.56423,-5.17182],[119.56433,-5.17288],[119.5638,-5.17301],[119.56365,-5.17224],[119.56299,-5.17251],[119.56284,-5.17071],[119.56192,-5.17137],[119.56165,-5.17019],[119.56108,-5.17059],[119.56035,-5.1701],[119.56105,-5.16872],[119.56008,-5.16829],[119.56043,-5.16762],[119.55864,-5.16853],[119.55802,-5.16802],[119.55826,-5.16722],[119.5574,-5.16726],[119.55662,-5.16607],[119.55457,-5.16596],[119.55338,-5.16513],[119.55386,-5.16409],[119.55483,-5.16375],[119.5543,-5.16222],[119.5533,-5.16278],[119.55245,-5.16129],[119.55107,-5.16142],[119.54962,-5.15986],[119.54747,-5.15946],[119.54621,-5.15986],[119.54567,-5.161],[119.54576,-5.16337],[119.54072,-5.16565],[119.53924,-5.16401],[119.53608,-5.16618],[119.53188,-5.16562],[119.53053,-5.16725],[119.5292,-5.16702],[119.5291,-5.16615],[119.52548,-5.16395],[119.52324,-5.16406],[119.52292,-5.16309],[119.5189,-5.16425],[119.51839,-5.16504],[119.51954,-5.16583],[119.51974,-5.1673],[119.519,-5.16848],[119.51837,-5.16828],[119.51918,-5.16971],[119.51794,-5.17056],[119.51545,-5.17091],[119.51522,-5.17368],[119.51301,-5.1768],[119.51201,-5.17713],[119.5128,-5.17791],[119.51227,-5.17826],[119.51401,-5.17929],[119.51368,-5.1811],[119.51508,-5.18128],[119.51679,-5.18313],[119.51643,-5.18428],[119.51693,-5.18527],[119.51544,-5.1877],[119.51613,-5.18872],[119.5158,-5.19186],[119.50268,-5.19115],[119.49528,-5.18938],[119.4911,-5.19121],[119.48665,-5.18872],[119.48655,-5.18676],[119.48431,-5.18601],[119.48409,-5.18656],[119.48348,-5.18636],[119.47564,-5.18321],[119.46884,-5.17777],[119.4637,-5.1755],[119.46102,-5.18539],[119.45876,-5.191],[119.45724,-5.19179],[119.45317,-5.19153],[119.44528,-5.18802],[119.44475,-5.18867],[119.4409,-5.18858],[119.44072,-5.19087],[119.43959,-5.19234],[119.43693,-5.19054],[119.43442,-5.18982],[119.43242,-5.19004],[119.42157,-5.19516],[119.41847,-5.19534],[119.41631,-5.19282],[119.41303,-5.19099],[119.41034,-5.1859],[119.40883,-5.18678],[119.40727,-5.18604],[119.40394,-5.18605],[119.40088,-5.18714],[119.39679,-5.18658],[119.39653,-5.18719],[119.39737,-5.18868],[119.39626,-5.19226],[119.3906,-5.19324],[119.39089,-5.19691],[119.39354,-5.19882],[119.39508,-5.19887],[119.39682,-5.19798],[119.39677,-5.19932],[119.39757,-5.20006],[119.40028,-5.19916],[119.40228,-5.19929],[119.40497,-5.20045],[119.4075,-5.20315],[119.40985,-5.20328],[119.41127,-5.20727],[119.41069,-5.21012],[119.40791,-5.21026],[119.40724,-5.21393],[119.40364,-5.22015],[119.40675,-5.22614],[119.40632,-5.23359],[119.40771,-5.23485],[119.4105,-5.23494],[119.41168,-5.23578],[119.41157,-5.23695],[119.41243,-5.23786],[119.41637,-5.23931],[119.41583,-5.24784],[119.41527,-5.25008],[119.41395,-5.25191],[119.4068,-5.2467],[119.39941,-5.25671]],[[119.42471,-5.26084],[119.42127,-5.25812],[119.42261,-5.2536],[119.42765,-5.25554],[119.42819,-5.25825],[119.42727,-5.26204],[119.42471,-5.26084]],[[119.44024,-5.2469],[119.43954,-5.24748],[119.44026,-5.2496],[119.44163,-5.24797],[119.44024,-5.2469]]]]}},
{"type":"Feature","properties":{"slug":"jeneponto","nama":"Kabupaten Jeneponto","osm":"relation/12537099","pusat":[-5.552620170940164,119.70390018518522]},"geometry":{"type":"MultiPolygon","coordinates":[[[[119.6876,-5.49925],[119.69457,-5.49863],[119.70047,-5.49697],[119.70191,-5.49996],[119.70132,-5.50123],[119.70254,-5.5072],[119.70071,-5.51081],[119.703,-5.51392],[119.70459,-5.51838],[119.70368,-5.52288],[119.70258,-5.52332],[119.70148,-5.52568],[119.69974,-5.52725],[119.69998,-5.53019],[119.69926,-5.53118],[119.70093,-5.53142],[119.70026,-5.53614],[119.69881,-5.539],[119.70016,-5.5417],[119.6993,-5.54339],[119.70771,-5.54545],[119.71479,-5.54883],[119.72015,-5.55065],[119.72084,-5.55037],[119.7215,-5.55189],[119.72046,-5.55413],[119.72307,-5.55528],[119.72323,-5.55693],[119.72411,-5.55728],[119.72741,-5.55676],[119.7294,-5.55832],[119.72987,-5.56082],[119.7378,-5.56055],[119.74741,-5.56549],[119.76533,-5.56667],[119.76819,-5.56716],[119.76954,-5.56929],[119.77274,-5.56968],[119.77412,-5.56829],[119.77497,-5.56561],[119.77687,-5.56449],[119.77623,-5.56177],[119.77792,-5.56135],[119.77943,-5.5621],[119.77792,-5.56645],[119.7785,-5.56819],[119.77993,-5.56912],[119.78061,-5.5689],[119.78184,-5.56706],[119.78628,-5.56956],[119.7865,-5.56583],[119.79202,-5.56114],[119.79484,-5.55626],[119.79712,-5.55667],[119.8002,-5.55492],[119.80282,-5.55568],[119.80424,-5.55533],[119.80403,-5.55102],[119.80478,-5.54507],[119.80739,-5.54436],[119.80678,-5.54103],[119.80803,-5.53993],[119.81048,-5.54148],[119.81171,-5.54144],[119.81358,-5.53997],[119.81304,-5.53874],[119.80917,-5.53755],[119.80908,-5.5351],[119.81003,-5.53423],[119.81406,-5.53612],[119.81617,-5.53469],[119.81457,-5.52928],[119.8144,-5.5258],[119.81541,-5.52415],[119.81864,-5.52149],[119.81916,-5.51972],[119.81835,-5.5172],[119.82211,-5.51541],[119.8226,-5.5147],[119.82218,-5.51277],[119.82631,-5.51054],[119.83184,-5.50471],[119.83332,-5.504],[119.83277,-5.50135],[119.83337,-5.49764],[119.83294,-5.49629],[119.83553,-5.4896],[119.83717,-5.48119],[119.838,-5.48055],[119.83815,-5.4792],[119.84101,-5.47632],[119.84096,-5.47457],[119.84414,-5.471],[119.84474,-5.46803],[119.84829,-5.46455],[119.84816,-5.46261],[119.85243,-5.46141],[119.85372,-5.46028],[119.85367,-5.45742],[119.85739,-5.45099],[119.85925,-5.44992],[119.85923,-5.44866],[119.86393,-5.44641],[119.86522,-5.4428],[119.86751,-5.44052],[119.86985,-5.43934],[119.87007,-5.43813],[119.87346,-5.433],[119.87344,-5.4308],[119.87597,-5.43219],[119.88251,-5.43033],[119.88344,-5.42851],[119.88498,-5.42826],[119.88798,-5.4264],[119.89137,-5.42255],[119.89436,-5.42215],[119.89749,-5.42053],[119.89994,-5.42102],[119.90264,-5.42008],[119.90614,-5.42042],[119.90876,-5.41991],[119.91802,-5.40438],[119.92039,-5.40164],[119.92521,-5.40064],[119.93777,-5.38611],[119.93722,-5.39183],[119.9381,-5.39399],[119.93743,-5.40537],[119.93655,-5.40876],[119.93168,-5.41428],[119.93095,-5.41652],[119.929,-5.41736],[119.92663,-5.41973],[119.92654,-5.42512],[119.92507,-5.42622],[119.92325,-5.43239],[119.92387,-5.4338],[119.92346,-5.43507],[119.91898,-5.43834],[119.9163,-5.43938],[119.91075,-5.44459],[119.90839,-5.45318],[119.90699,-5.45434],[119.90694,-5.45607],[119.90418,-5.45721],[119.90364,-5.45866],[119.89943,-5.46148],[119.89814,-5.46368],[119.89784,-5.46756],[119.89705,-5.46833],[119.89769,-5.47109],[119.89711,-5.47451],[119.89542,-5.4778],[119.89135,-5.48059],[119.8833,-5.48797],[119.88154,-5.48842],[119.87985,-5.49134],[119.87956,-5.49406],[119.88019,-5.49512],[119.87901,-5.49918],[119.87576,-5.5015],[119.87433,-5.50448],[119.87461,-5.50595],[119.87598,-5.50687],[119.87565,-5.50988],[119.87453,-5.51187],[119.87531,-5.51282],[119.87536,-5.51441],[119.87383,-5.51696],[119.87343,-5.51892],[119.87503,-5.52168],[119.87471,-5.5224],[119.87584,-5.52467],[119.87596,-5.52887],[119.87431,-5.52908],[119.87286,-5.52726],[119.86958,-5.52544],[119.86918,-5.52356],[119.86136,-5.52029],[119.8541,-5.51463],[119.85357,-5.51599],[119.85338,-5.51754],[119.8553,-5.52137],[119.85731,-5.52431],[119.85863,-5.52411],[119.85986,-5.5252],[119.86113,-5.52682],[119.8619,-5.52997],[119.86284,-5.53084],[119.86182,-5.53441],[119.86241,-5.53484],[119.86208,-5.53711],[119.8605,-5.54167],[119.86087,-5.54269],[119.85892,-5.5444],[119.85915,-5.54587],[119.85696,-5.54987],[119.85758,-5.55193],[119.85641,-5.55269],[119.85642,-5.55456],[119.85867,-5.55478],[119.8603,-5.55394],[119.86506,-5.55453],[119.8662,-5.55381],[119.86601,-5.55294],[119.86678,-5.5529],[119.86715,-5.55381],[119.87204,-5.55539],[119.87352,-5.5565],[119.88319,-5.55691],[119.88342,-5.55816],[119.89092,-5.56253],[119.89241,-5.56152],[119.89405,-5.5615],[119.8953,-5.55936],[119.89761,-5.55735],[119.90049,-5.55729],[119.90092,-5.55893],[119.90202,-5.55917],[119.90217,-5.5602],[119.90144,-5.56132],[119.90308,-5.56401],[119.90599,-5.56338],[119.90621,-5.56415],[119.90729,-5.56355],[119.90819,-5.5644],[119.9069,-5.56541],[119.9089,-5.56996],[119.90554,-5.57137],[119.90474,-5.57239],[119.90587,-5.5733],[119.90738,-5.57666],[119.90562,-5.58164],[119.90385,-5.584],[119.89914,-5.58734],[119.89639,-5.59244],[119.89456,-5.59379],[119.8912,-5.59383],[119.88879,-5.59468],[119.8832,-5.59898],[119.87612,-5.60749],[119.87472,-5.61202],[119.87343,-5.61396],[119.87173,-5.61397],[119.86995,-5.61069],[119.86674,-5.60891],[119.86634,-5.60998],[119.86374,-5.61089],[119.86408,-5.61291],[119.86593,-5.61387],[119.86531,-5.61753],[119.86152,-5.62361],[119.85859,-5.62231],[119.85748,-5.62306],[119.85846,-5.62199],[119.85729,-5.62132],[119.85654,-5.62207],[119.85653,-5.62079],[119.85504,-5.62146],[119.85481,-5.62304],[119.85562,-5.62411],[119.85612,-5.62366],[119.85604,-5.62434],[119.85743,-5.62572],[119.85758,-5.62662],[119.8568,-5.62748],[119.85763,-5.63015],[119.85489,-5.63215],[119.85387,-5.63209],[119.85357,-5.63371],[119.85318,-5.63247],[119.85377,-5.63135],[119.85265,-5.6299],[119.85042,-5.6292],[119.85018,-5.62753],[119.84871,-5.62683],[119.84809,-5.6276],[119.84869,-5.62865],[119.8485,-5.63029],[119.85001,-5.63237],[119.85164,-5.63339],[119.85123,-5.63407],[119.84937,-5.63296],[119.84679,-5.63358],[119.84599,-5.63438],[119.84593,-5.63632],[119.84246,-5.63463],[119.84206,-5.63528],[119.8391,-5.63479],[119.83913,-5.63625],[119.84086,-5.63766],[119.83848,-5.63897],[119.8393,-5.64043],[119.84113,-5.64126],[119.84336,-5.6409],[119.84387,-5.64154],[119.84283,-5.64409],[119.84475,-5.64705],[119.8453,-5.65195],[119.84768,-5.65569],[119.84727,-5.65873],[119.84842,-5.65828],[119.84866,-5.65753],[119.84792,-5.65388],[119.84734,-5.65339],[119.84815,-5.65169],[119.8468,-5.65078],[119.85002,-5.65225],[119.85087,-5.654],[119.85294,-5.65544],[119.85431,-5.65735],[119.85367,-5.65925],[119.84871,-5.665],[119.84295,-5.66966],[119.83838,-5.67189],[119.83408,-5.67269],[119.82693,-5.67181],[119.82165,-5.67302],[119.81759,-5.67736],[119.8103,-5.68763],[119.79479,-5.69912],[119.78921,-5.70112],[119.78383,-5.70193],[119.77147,-5.70144],[119.76572,-5.70229],[119.74705,-5.70094],[119.74633,-5.69946],[119.7423,-5.69609],[119.74173,-5.69808],[119.74213,-5.69876],[119.74311,-5.69965],[119.74371,-5.69896],[119.74477,-5.69923],[119.74217,-5.70152],[119.73783,-5.70185],[119.72508,-5.70085],[119.71714,-5.7011],[119.70866,-5.7016],[119.70875,-5.70254],[119.70784,-5.70288],[119.70496,-5.70282],[119.6964,-5.70034],[119.69197,-5.70017],[119.68992,-5.69859],[119.68389,-5.69609],[119.67959,-5.69584],[119.67507,-5.69372],[119.6711,-5.69358],[119.66637,-5.68863],[119.65756,-5.68297],[119.65119,-5.68251],[119.64815,-5.68135],[119.6472,-5.68193],[119.64723,-5.67983],[119.64403,-5.67665],[119.64023,-5.67091],[119.63908,-5.66314],[119.63995,-5.65988],[119.6413,-5.65875],[119.64307,-5.65901],[119.64558,-5.65725],[119.64654,-5.65755],[119.65057,-5.65345],[119.65369,-5.65356],[119.65429,-5.65251],[119.65556,-5.65342],[119.65615,-5.65314],[119.65808,-5.64988],[119.65873,-5.64975],[119.65772,-5.64933],[119.65813,-5.64822],[119.65869,-5.64829],[119.65774,-5.64725],[119.65856,-5.64653],[119.65802,-5.64581],[119.65878,-5.64424],[119.65734,-5.64326],[119.65549,-5.63892],[119.6543,-5.63902],[119.65316,-5.63595],[119.65432,-5.63428],[119.65348,-5.63447],[119.65251,-5.63339],[119.65287,-5.63296],[119.65074,-5.62866],[119.64344,-5.62821],[119.63806,-5.62959],[119.6352,-5.62815],[119.63458,-5.62868],[119.63353,-5.62706],[119.6272,-5.6247],[119.62517,-5.62441],[119.62483,-5.62517],[119.61959,-5.62422],[119.61857,-5.62532],[119.61706,-5.62509],[119.61606,-5.62209],[119.61738,-5.62078],[119.61783,-5.6189],[119.61625,-5.61774],[119.61654,-5.61656],[119.61181,-5.61381],[119.61226,-5.61283],[119.61038,-5.61265],[119.60964,-5.61552],[119.60786,-5.61421],[119.60749,-5.61452],[119.60823,-5.61526],[119.60754,-5.61615],[119.60548,-5.61599],[119.60575,-5.61669],[119.60425,-5.61715],[119.60062,-5.61706],[119.59927,-5.61602],[119.59851,-5.61757],[119.59605,-5.61855],[119.59572,-5.61957],[119.59414,-5.61939],[119.59366,-5.61796],[119.59209,-5.61914],[119.59327,-5.61798],[119.59099,-5.61488],[119.58783,-5.61454],[119.58596,-5.61572],[119.58855,-5.61942],[119.58873,-5.62198],[119.59071,-5.62042],[119.58883,-5.62211],[119.5871,-5.62637],[119.58713,-5.6323],[119.58629,-5.63803],[119.58792,-5.64518],[119.58533,-5.64898],[119.58224,-5.65033],[119.58204,-5.6537],[119.58033,-5.65507],[119.57961,-5.65655],[119.57772,-5.65708],[119.57711,-5.65828],[119.57485,-5.65831],[119.57361,-5.65616],[119.56866,-5.65488],[119.56747,-5.65374],[119.56621,-5.65365],[119.56338,-5.65161],[119.55717,-5.64886],[119.5545,-5.64647],[119.54631,-5.63663],[119.5458,-5.63391],[119.54665,-5.62934],[119.54635,-5.62622],[119.54321,-5.62634],[119.54248,-5.6255],[119.54651,-5.62507],[119.54665,-5.623],[119.54588,-5.62232],[119.54601,-5.62165],[119.54514,-5.62131],[119.54487,-5.6195],[119.54835,-5.61508],[119.54886,-5.61465],[119.55148,-5.61638],[119.55126,-5.61577],[119.5521,-5.61588],[119.55069,-5.61542],[119.54929,-5.61394],[119.55044,-5.61175],[119.55101,-5.60844],[119.55056,-5.60372],[119.5525,-5.60205],[119.55382,-5.59923],[119.55302,-5.59524],[119.55583,-5.59493],[119.55589,-5.59905],[119.55789,-5.60411],[119.55757,-5.60524],[119.55977,-5.60833],[119.55977,-5.60967],[119.55899,-5.61048],[119.55979,-5.6113],[119.56375,-5.61226],[119.56433,-5.61044],[119.56702,-5.60898],[119.5694,-5.60546],[119.57021,-5.60561],[119.57079,-5.60497],[119.56965,-5.60404],[119.567,-5.60386],[119.56553,-5.60148],[119.56502,-5.60174],[119.56501,-5.6002],[119.5614,-5.59893],[119.55939,-5.59952],[119.55743,-5.5985],[119.55733,-5.59551],[119.55537,-5.59371],[119.55596,-5.59236],[119.55376,-5.59399],[119.55118,-5.59359],[119.54801,-5.58827],[119.5437,-5.58436],[119.54157,-5.5834],[119.5374,-5.58573],[119.53485,-5.58649],[119.53382,-5.58609],[119.53247,-5.58471],[119.53251,-5.58311],[119.53104,-5.58124],[119.52802,-5.57904],[119.52695,-5.58031],[119.52507,-5.57867],[119.52614,-5.57742],[119.52363,-5.57528],[119.52335,-5.57422],[119.52042,-5.57237],[119.51619,-5.57163],[119.51283,-5.56933],[119.51053,-5.56645],[119.5103,-5.56551],[119.51193,-5.56363],[119.51552,-5.56272],[119.51769,-5.55975],[119.51782,-5.55872],[119.51923,-5.55845],[119.5191,-5.55742],[119.51858,-5.55742],[119.51884,-5.55614],[119.51601,-5.55731],[119.51226,-5.55456],[119.51346,-5.55445],[119.51269,-5.55412],[119.51278,-5.55345],[119.51367,-5.55354],[119.51653,-5.54997],[119.51864,-5.54836],[119.51745,-5.54863],[119.51664,-5.54803],[119.51708,-5.54728],[119.5156,-5.54652],[119.51629,-5.54582],[119.5159,-5.54539],[119.51649,-5.54502],[119.51605,-5.54473],[119.51701,-5.54237],[119.51778,-5.54185],[119.51803,-5.54022],[119.51697,-5.53992],[119.51773,-5.53798],[119.5188,-5.5383],[119.51912,-5.53754],[119.5149,-5.53555],[119.51454,-5.53656],[119.51386,-5.5362],[119.51348,-5.53709],[119.51193,-5.53643],[119.5111,-5.53845],[119.51114,-5.53687],[119.50749,-5.52633],[119.50506,-5.52357],[119.48666,-5.51101],[119.48785,-5.50126],[119.48486,-5.49635],[119.48675,-5.49195],[119.4883,-5.49156],[119.48949,-5.49264],[119.49004,-5.49183],[119.49075,-5.49234],[119.49137,-5.49172],[119.4925,-5.49182],[119.49275,-5.4913],[119.49206,-5.49088],[119.49348,-5.49042],[119.49454,-5.49132],[119.496,-5.49148],[119.49561,-5.48925],[119.49635,-5.4885],[119.49671,-5.4892],[119.49892,-5.48943],[119.49908,-5.49092],[119.50133,-5.49222],[119.50358,-5.49167],[119.50542,-5.49221],[119.50647,-5.49096],[119.51161,-5.49185],[119.51507,-5.48795],[119.51951,-5.48646],[119.52008,-5.48557],[119.52249,-5.48493],[119.52268,-5.48436],[119.52324,-5.48471],[119.52883,-5.48086],[119.52102,-5.47102],[119.52119,-5.4681],[119.51816,-5.46216],[119.51123,-5.45596],[119.50805,-5.45472],[119.50949,-5.4509],[119.51079,-5.44937],[119.51915,-5.44701],[119.51988,-5.4473],[119.52374,-5.44494],[119.52399,-5.44336],[119.52276,-5.44236],[119.52189,-5.44023],[119.52522,-5.43971],[119.52723,-5.43557],[119.52829,-5.43581],[119.52917,-5.43443],[119.52957,-5.432],[119.53204,-5.4317],[119.53295,-5.43268],[119.53576,-5.43363],[119.53652,-5.43498],[119.53896,-5.4342],[119.54022,-5.43311],[119.54132,-5.43354],[119.54257,-5.43307],[119.5437,-5.43471],[119.5443,-5.43419],[119.54495,-5.43487],[119.54566,-5.43459],[119.54805,-5.43555],[119.54865,-5.43653],[119.54999,-5.43604],[119.55077,-5.43871],[119.55241,-5.43885],[119.55288,-5.43989],[119.55415,-5.43879],[119.55486,-5.44061],[119.55847,-5.44032],[119.56052,-5.44158],[119.56185,-5.44134],[119.56245,-5.44162],[119.56252,-5.44262],[119.56581,-5.44355],[119.56749,-5.44335],[119.56835,-5.44485],[119.56956,-5.44426],[119.57324,-5.44656],[119.57575,-5.4442],[119.58359,-5.44072],[119.5869,-5.44113],[119.59067,-5.44071],[119.59499,-5.43948],[119.59923,-5.43725],[119.61939,-5.43686],[119.62175,-5.43603],[119.62338,-5.43452],[119.62754,-5.43486],[119.62908,-5.43413],[119.62916,-5.43312],[119.63003,-5.43398],[119.63079,-5.43323],[119.63165,-5.43437],[119.63295,-5.43211],[119.6394,-5.43052],[119.64279,-5.43301],[119.64355,-5.43424],[119.64152,-5.43441],[119.64171,-5.4364],[119.64084,-5.4374],[119.64183,-5.43768],[119.6425,-5.4396],[119.64356,-5.44031],[119.6432,-5.44079],[119.64554,-5.44588],[119.64595,-5.44973],[119.64732,-5.44962],[119.64752,-5.45081],[119.64919,-5.45224],[119.64279,-5.45595],[119.64242,-5.457],[119.63922,-5.45844],[119.63523,-5.46395],[119.63044,-5.46833],[119.62738,-5.46942],[119.62402,-5.4727],[119.62598,-5.47378],[119.63304,-5.47348],[119.64216,-5.47115],[119.65546,-5.47115],[119.65535,-5.47318],[119.65777,-5.47421],[119.6582,-5.4757],[119.66286,-5.4814],[119.66207,-5.48229],[119.66258,-5.48372],[119.6622,-5.48474],[119.65939,-5.48521],[119.65833,-5.48653],[119.66081,-5.48849],[119.66019,-5.48996],[119.66246,-5.49192],[119.66253,-5.494],[119.6639,-5.49518],[119.66404,-5.50138],[119.6685,-5.50891],[119.67131,-5.51053],[119.67337,-5.50836],[119.67676,-5.50673],[119.68499,-5.50033],[119.6876,-5.49925]]],[[[119.5985,-5.64963],[119.60164,-5.64931],[119.60204,-5.64799],[119.59738,-5.64737],[119.5958,-5.64646],[119.59765,-5.64944],[119.5985,-5.64963]]]]}},
{"type":"Feature","properties":{"slug":"luwu","nama":"Kabupaten Luwu","osm":"relation/14752266","pusat":[-3.3061830645161296,120.24443102822579]},"geometry":{"type":"MultiPolygon","coordinates":[[[[120.02802,-3.07067],[120.02865,-3.07036],[120.02858,-3.06759],[120.03004,-3.06813],[120.033,-3.06699],[120.03619,-3.06989],[120.03519,-3.07177],[120.0366,-3.07166],[120.03884,-3.06773],[120.03833,-3.06492],[120.03928,-3.06496],[120.04116,-3.06732],[120.04286,-3.06734],[120.04668,-3.06237],[120.04801,-3.06194],[120.04773,-3.06351],[120.04833,-3.06364],[120.05065,-3.06203],[120.05058,-3.06061],[120.05157,-3.05978],[120.05125,-3.05686],[120.05228,-3.05577],[120.0537,-3.0559],[120.0547,-3.05262],[120.05531,-3.0544],[120.05717,-3.05549],[120.0585,-3.05521],[120.05835,-3.05389],[120.0588,-3.05371],[120.06015,-3.05451],[120.06239,-3.05419],[120.06464,-3.05279],[120.0649,-3.05157],[120.06588,-3.05127],[120.0679,-3.04808],[120.06788,-3.04182],[120.06683,-3.04073],[120.06713,-3.03863],[120.06591,-3.03762],[120.06608,-3.03475],[120.07236,-3.03194],[120.07241,-3.02965],[120.07423,-3.02832],[120.07661,-3.02837],[120.08466,-3.03179],[120.09084,-3.02993],[120.09209,-3.03094],[120.09475,-3.03621],[120.09585,-3.04135],[120.10072,-3.04825],[120.11121,-3.054],[120.11547,-3.05712],[120.11704,-3.06191],[120.12069,-3.06745],[120.1243,-3.06846],[120.13228,-3.07768],[120.13646,-3.08357],[120.13844,-3.0849],[120.14314,-3.08445],[120.14844,-3.08102],[120.15004,-3.07339],[120.15378,-3.07035],[120.1565,-3.07054],[120.15699,-3.0717],[120.15913,-3.07162],[120.16207,-3.06922],[120.16411,-3.06862],[120.17021,-3.06973],[120.17224,-3.06962],[120.17306,-3.06898],[120.17531,-3.06979],[120.17877,-3.0684],[120.18186,-3.06971],[120.18578,-3.06105],[120.18943,-3.06065],[120.19495,-3.06255],[120.20117,-3.06322],[120.20879,-3.06742],[120.21246,-3.06664],[120.21722,-3.06737],[120.2207,-3.06163],[120.22338,-3.0605],[120.22857,-3.05602],[120.23023,-3.05258],[120.23058,-3.04879],[120.23204,-3.04854],[120.23301,-3.0476],[120.23368,-3.04813],[120.23516,-3.04772],[120.23943,-3.0499],[120.2408,-3.04897],[120.24421,-3.05017],[120.24471,-3.0496],[120.24453,-3.05036],[120.24535,-3.05081],[120.24572,-3.04894],[120.24601,-3.051],[120.24636,-3.04889],[120.24694,-3.04853],[120.24739,-3.04974],[120.2465,-3.05127],[120.24776,-3.05166],[120.24753,-3.0469],[120.24795,-3.0464],[120.24855,-3.05075],[120.24937,-3.05059],[120.24945,-3.04891],[120.24873,-3.04878],[120.24943,-3.04875],[120.25038,-3.05101],[120.25269,-3.05133],[120.25324,-3.05209],[120.25403,-3.05887],[120.25629,-3.06122],[120.2586,-3.06512],[120.25805,-3.06951],[120.25941,-3.07064],[120.26029,-3.07697],[120.26153,-3.07845],[120.2624,-3.08169],[120.26252,-3.08804],[120.26173,-3.0887],[120.26206,-3.09073],[120.26057,-3.10275],[120.26106,-3.10488],[120.26009,-3.10604],[120.26019,-3.10814],[120.2592,-3.11005],[120.26046,-3.11876],[120.25974,-3.12695],[120.25899,-3.13069],[120.25704,-3.13455],[120.25262,-3.14022],[120.25187,-3.1423],[120.25263,-3.1524],[120.25446,-3.15793],[120.25655,-3.16144],[120.25939,-3.16381],[120.26196,-3.16363],[120.26326,-3.16259],[120.26547,-3.16622],[120.27117,-3.16776],[120.27494,-3.16528],[120.27845,-3.16747],[120.27924,-3.16605],[120.28066,-3.1658],[120.28649,-3.16769],[120.28987,-3.16792],[120.29129,-3.16845],[120.29191,-3.17026],[120.29445,-3.17097],[120.29486,-3.17247],[120.29819,-3.175],[120.30418,-3.17787],[120.30986,-3.17788],[120.31353,-3.17985],[120.31964,-3.18139],[120.32104,-3.18114],[120.32214,-3.18328],[120.32617,-3.18574],[120.32853,-3.18485],[120.33338,-3.1866],[120.33943,-3.18785],[120.34337,-3.19055],[120.34442,-3.19059],[120.35455,-3.19613],[120.35617,-3.19808],[120.35873,-3.1965],[120.3625,-3.19646],[120.36577,-3.19713],[120.36683,-3.19818],[120.36676,-3.19955],[120.36779,-3.20012],[120.37196,-3.19931],[120.37322,-3.20039],[120.37517,-3.20033],[120.37827,-3.20171],[120.37901,-3.20265],[120.38123,-3.20199],[120.38207,-3.20475],[120.38182,-3.20799],[120.3833,-3.21129],[120.38266,-3.21496],[120.38113,-3.21684],[120.38087,-3.22281],[120.38772,-3.22882],[120.38616,-3.23482],[120.38583,-3.24023],[120.38628,-3.242],[120.38753,-3.24281],[120.38863,-3.24499],[120.38817,-3.24775],[120.38907,-3.25069],[120.39644,-3.25788],[120.39819,-3.2582],[120.40147,-3.26031],[120.407,-3.26091],[120.41094,-3.25907],[120.41206,-3.25448],[120.41657,-3.24871],[120.41797,-3.24901],[120.41775,-3.25185],[120.41598,-3.257],[120.41786,-3.26216],[120.42069,-3.26477],[120.41887,-3.27007],[120.41342,-3.27448],[120.40788,-3.27618],[120.40675,-3.2776],[120.40509,-3.27793],[120.40117,-3.28378],[120.39885,-3.28889],[120.40129,-3.29358],[120.40326,-3.2944],[120.40715,-3.29898],[120.40849,-3.30235],[120.40635,-3.30623],[120.40193,-3.30829],[120.39952,-3.31058],[120.39702,-3.31833],[120.39909,-3.32618],[120.40032,-3.32747],[120.40167,-3.33181],[120.40296,-3.33205],[120.40425,-3.33985],[120.4041,-3.34175],[120.40214,-3.34461],[120.40084,-3.34903],[120.39964,-3.34989],[120.40021,-3.3534],[120.40187,-3.35575],[120.3993,-3.36334],[120.39775,-3.36568],[120.39896,-3.36888],[120.39892,-3.37222],[120.39993,-3.37284],[120.40042,-3.3759],[120.39878,-3.3817],[120.40003,-3.38353],[120.39717,-3.38567],[120.39831,-3.38717],[120.40173,-3.3879],[120.40181,-3.39171],[120.40073,-3.39513],[120.39971,-3.39563],[120.39953,-3.39643],[120.40257,-3.39805],[120.40375,-3.39984],[120.40288,-3.40674],[120.40398,-3.41336],[120.40174,-3.41719],[120.40298,-3.41939],[120.40298,-3.42616],[120.4042,-3.42743],[120.40436,-3.43149],[120.40163,-3.43663],[120.39922,-3.43691],[120.39838,-3.43923],[120.39603,-3.44109],[120.39222,-3.44227],[120.38995,-3.44534],[120.39128,-3.44867],[120.39138,-3.45344],[120.39295,-3.45493],[120.3908,-3.45596],[120.38849,-3.46025],[120.38976,-3.46353],[120.38902,-3.46445],[120.38996,-3.46541],[120.38891,-3.46743],[120.38933,-3.47276],[120.39081,-3.4734],[120.39124,-3.47647],[120.3896,-3.47948],[120.38944,-3.48208],[120.39126,-3.48859],[120.38532,-3.49359],[120.38576,-3.49445],[120.38499,-3.49568],[120.38297,-3.49616],[120.38211,-3.49788],[120.37965,-3.49828],[120.37931,-3.5002],[120.38001,-3.50143],[120.37984,-3.5048],[120.38105,-3.50843],[120.38473,-3.51133],[120.38738,-3.51713],[120.38668,-3.5183],[120.38747,-3.52243],[120.39144,-3.52646],[120.39432,-3.52786],[120.39818,-3.52855],[120.40206,-3.53149],[120.40186,-3.53252],[120.39979,-3.53432],[120.4001,-3.53547],[120.3995,-3.53699],[120.39976,-3.53812],[120.40125,-3.53944],[120.39993,-3.54218],[120.40067,-3.5505],[120.40312,-3.5526],[120.40481,-3.55529],[120.40486,-3.55881],[120.40625,-3.56116],[120.4109,-3.56296],[120.41354,-3.56479],[120.41633,-3.5694],[120.41748,-3.5735],[120.41624,-3.57898],[120.41738,-3.58373],[120.41855,-3.58579],[120.41961,-3.60339],[120.41873,-3.61205],[120.42052,-3.61395],[120.41894,-3.61453],[120.41582,-3.62151],[120.41644,-3.62352],[120.41821,-3.62595],[120.41804,-3.62715],[120.4164,-3.62802],[120.41583,-3.62918],[120.41723,-3.63037],[120.41685,-3.63107],[120.41776,-3.63226],[120.41738,-3.63315],[120.41613,-3.63371],[120.41502,-3.63592],[120.41339,-3.63682],[120.41173,-3.64099],[120.41232,-3.64491],[120.41443,-3.64578],[120.41172,-3.64956],[120.4114,-3.65351],[120.41302,-3.65661],[120.41299,-3.65842],[120.41503,-3.6599],[120.41428,-3.66199],[120.41225,-3.66369],[120.41087,-3.66314],[120.40957,-3.66379],[120.40932,-3.66428],[120.41033,-3.6649],[120.40899,-3.66586],[120.40822,-3.66741],[120.40382,-3.66307],[120.40072,-3.66114],[120.3978,-3.66085],[120.39215,-3.66176],[120.38996,-3.6605],[120.38254,-3.65956],[120.37524,-3.6563],[120.36342,-3.65523],[120.35775,-3.65311],[120.34462,-3.65277],[120.34175,-3.65418],[120.33825,-3.65489],[120.33548,-3.65307],[120.33198,-3.64564],[120.32964,-3.64444],[120.32217,-3.64675],[120.31229,-3.64875],[120.30662,-3.64412],[120.28928,-3.63395],[120.27082,-3.61679],[120.2667,-3.61476],[120.26369,-3.61425],[120.26075,-3.61031],[120.25923,-3.60968],[120.25681,-3.60673],[120.25479,-3.60596],[120.25545,-3.6035],[120.25389,-3.6017],[120.25155,-3.60236],[120.24908,-3.60024],[120.24745,-3.59763],[120.24243,-3.59525],[120.23363,-3.59818],[120.22316,-3.59647],[120.21715,-3.59671],[120.21018,-3.59594],[120.20678,-3.59011],[120.19468,-3.57667],[120.19328,-3.57287],[120.19172,-3.56341],[120.1882,-3.55827],[120.18448,-3.55536],[120.18412,-3.55441],[120.1838,-3.55084],[120.18039,-3.54386],[120.18028,-3.5424],[120.18296,-3.54],[120.18287,-3.53819],[120.18041,-3.53592],[120.17728,-3.52695],[120.1808,-3.51602],[120.18047,-3.51317],[120.17571,-3.50585],[120.17725,-3.5039],[120.1777,-3.49961],[120.17365,-3.49497],[120.17174,-3.49437],[120.1695,-3.48987],[120.16616,-3.48816],[120.16502,-3.48816],[120.16021,-3.49004],[120.15689,-3.49306],[120.15461,-3.49353],[120.15208,-3.49265],[120.14455,-3.49205],[120.14131,-3.48563],[120.13172,-3.47972],[120.12775,-3.47854],[120.12409,-3.47616],[120.11746,-3.47541],[120.11179,-3.47629],[120.10913,-3.47466],[120.1046,-3.47699],[120.10226,-3.47757],[120.10014,-3.47696],[120.0931,-3.47181],[120.08366,-3.45624],[120.08025,-3.45187],[120.07388,-3.44588],[120.07311,-3.43665],[120.06915,-3.4293],[120.06145,-3.40941],[120.05918,-3.40515],[120.05684,-3.40635],[120.04907,-3.40558],[120.04246,-3.40806],[120.04012,-3.40999],[120.03336,-3.40068],[120.0288,-3.39168],[120.02411,-3.38504],[120.03655,-3.37954],[120.03886,-3.37764],[120.04129,-3.37261],[120.04099,-3.36874],[120.04416,-3.35925],[120.04472,-3.35409],[120.04416,-3.35172],[120.04039,-3.34573],[120.03089,-3.32231],[120.03145,-3.31269],[120.02922,-3.2961],[120.02545,-3.29109],[120.02587,-3.28537],[120.02517,-3.28091],[120.01707,-3.27464],[120.00576,-3.26948],[120.00032,-3.26265],[119.99655,-3.26056],[119.99529,-3.25638],[119.99347,-3.25484],[119.9904,-3.25596],[119.98216,-3.25024],[119.98063,-3.23867],[119.98049,-3.22445],[119.98719,-3.21776],[119.98887,-3.21483],[119.9925,-3.21233],[119.99264,-3.20828],[119.99138,-3.20089],[119.98677,-3.1949],[119.98524,-3.18723],[119.98817,-3.18249],[119.98859,-3.17901],[119.98454,-3.17705],[119.96862,-3.17496],[119.97253,-3.15475],[119.977,-3.14471],[119.9851,-3.13579],[119.99316,-3.13314],[119.99805,-3.1166],[120.00118,-3.11251],[120.00496,-3.11129],[120.01781,-3.09778],[120.0164,-3.09501],[120.01711,-3.09385],[120.01678,-3.09069],[120.01969,-3.08906],[120.01986,-3.08689],[120.02113,-3.08547],[120.02157,-3.08361],[120.0224,-3.08247],[120.02317,-3.08255],[120.02289,-3.08129],[120.0247,-3.0807],[120.02489,-3.07971],[120.02422,-3.07884],[120.02644,-3.07618],[120.02701,-3.07267],[120.02654,-3.07151],[120.02802,-3.07067]]],[[[120.25952,-2.94242],[120.26582,-2.93867],[120.26565,-2.93626],[120.26416,-2.93506],[120.26856,-2.93219],[120.27017,-2.93354],[120.27177,-2.9339],[120.27365,-2.93184],[120.27918,-2.92809],[120.28198,-2.92456],[120.28343,-2.92072],[120.28405,-2.92053],[120.28465,-2.92126],[120.28545,-2.92086],[120.28787,-2.9139],[120.2875,-2.90934],[120.28664,-2.90872],[120.28465,-2.90872],[120.28425,-2.90775],[120.28533,-2.90646],[120.28512,-2.90573],[120.28174,-2.90401],[120.2818,-2.90334],[120.28355,-2.90248],[120.28337,-2.90151],[120.28117,-2.90169],[120.27998,-2.89912],[120.27632,-2.89902],[120.27419,-2.89666],[120.2704,-2.8967],[120.27043,-2.8955],[120.26985,-2.89591],[120.26918,-2.8947],[120.26736,-2.89432],[120.26722,-2.89123],[120.26873,-2.88972],[120.27048,-2.89024],[120.27266,-2.88794],[120.2714,-2.88654],[120.27292,-2.88617],[120.2741,-2.88331],[120.27285,-2.87836],[120.2746,-2.87375],[120.27386,-2.87265],[120.27535,-2.87151],[120.27441,-2.86972],[120.27553,-2.86825],[120.27699,-2.86767],[120.27511,-2.86416],[120.2736,-2.86458],[120.2736,-2.86288],[120.2704,-2.85978],[120.27139,-2.85683],[120.26988,-2.85517],[120.27017,-2.85372],[120.26771,-2.85107],[120.26615,-2.8513],[120.26484,-2.84846],[120.26022,-2.84761],[120.26113,-2.84164],[120.2591,-2.841],[120.25766,-2.83899],[120.25557,-2.83821],[120.25536,-2.83283],[120.25657,-2.83149],[120.25657,-2.82982],[120.25866,-2.82961],[120.25906,-2.82876],[120.25809,-2.82654],[120.26057,-2.82502],[120.26064,-2.82393],[120.25934,-2.82312],[120.25518,-2.82374],[120.25076,-2.82306],[120.25012,-2.82376],[120.25015,-2.82634],[120.24947,-2.82667],[120.24835,-2.8261],[120.24783,-2.82198],[120.24488,-2.82149],[120.24473,-2.81944],[120.24564,-2.81628],[120.24508,-2.81474],[120.24269,-2.8152],[120.23868,-2.81455],[120.23624,-2.81326],[120.23494,-2.81145],[120.23145,-2.81087],[120.23152,-2.80767],[120.22878,-2.80644],[120.22859,-2.80318],[120.22638,-2.80232],[120.22726,-2.79887],[120.22663,-2.79839],[120.22405,-2.79854],[120.22268,-2.79774],[120.22092,-2.79491],[120.21896,-2.794],[120.21869,-2.79182],[120.21698,-2.79062],[120.21654,-2.78893],[120.21402,-2.78786],[120.21238,-2.78948],[120.20999,-2.78773],[120.20826,-2.78512],[120.20613,-2.78356],[120.20542,-2.78112],[120.20383,-2.78156],[120.20293,-2.78078],[120.20275,-2.78006],[120.20373,-2.77887],[120.20194,-2.77816],[120.20135,-2.77682],[120.19944,-2.77625],[120.19894,-2.7748],[120.19574,-2.77252],[120.19638,-2.77084],[120.19532,-2.77075],[120.19517,-2.76943],[120.19411,-2.7691],[120.19254,-2.76702],[120.19107,-2.76737],[120.18952,-2.76612],[120.18541,-2.76748],[120.18165,-2.76409],[120.18076,-2.76186],[120.1783,-2.76074],[120.17689,-2.75851],[120.17749,-2.75583],[120.17385,-2.75021],[120.17334,-2.74468],[120.17414,-2.7438],[120.17403,-2.7416],[120.17256,-2.74087],[120.1723,-2.73886],[120.17132,-2.73751],[120.17033,-2.73727],[120.17135,-2.73598],[120.16868,-2.736],[120.16811,-2.73522],[120.16839,-2.73392],[120.16723,-2.73308],[120.1645,-2.73336],[120.16257,-2.73195],[120.15746,-2.73134],[120.15528,-2.72844],[120.15425,-2.7285],[120.15412,-2.72707],[120.15217,-2.72587],[120.15218,-2.72404],[120.14646,-2.7205],[120.14558,-2.72108],[120.14499,-2.71734],[120.14174,-2.71506],[120.14238,-2.7135],[120.13959,-2.71274],[120.13756,-2.71074],[120.13931,-2.70961],[120.13937,-2.70893],[120.13812,-2.70874],[120.13796,-2.70778],[120.13679,-2.70716],[120.13675,-2.70606],[120.13585,-2.70595],[120.13461,-2.70383],[120.13191,-2.70162],[120.13159,-2.70016],[120.13297,-2.69785],[120.13529,-2.69609],[120.1377,-2.69553],[120.13923,-2.69262],[120.13955,-2.68925],[120.13699,-2.68258],[120.13678,-2.67508],[120.13438,-2.6676],[120.12649,-2.66314],[120.1185,-2.66082],[120.11207,-2.65791],[120.10173,-2.65718],[120.09402,-2.66726],[120.09516,-2.67626],[120.08932,-2.68655],[120.08675,-2.6889],[120.07597,-2.69149],[120.0665,-2.69],[120.02064,-2.69951],[120.01814,-2.70175],[119.99748,-2.71364],[119.97534,-2.71638],[119.96487,-2.71638],[119.94238,-2.70935],[119.92661,-2.71592],[119.9193,-2.71169],[119.91211,-2.71301],[119.89723,-2.69975],[119.88374,-2.70376],[119.8835,-2.72941],[119.89071,-2.74227],[119.8914,-2.7541],[119.89328,-2.76765],[119.90015,-2.77588],[119.92109,-2.77999],[119.93038,-2.78106],[119.94272,-2.79062],[119.94942,-2.80297],[119.95216,-2.80571],[119.95345,-2.81257],[119.95199,-2.82183],[119.95255,-2.82877],[119.95388,-2.83495],[119.95864,-2.83874],[119.97195,-2.83885],[119.98407,-2.84335],[119.98572,-2.84626],[119.98579,-2.8487],[119.98411,-2.85256],[119.98602,-2.85993],[119.99173,-2.86949],[119.9992,-2.87875],[119.99959,-2.88449],[120.00847,-2.89658],[120.00692,-2.90121],[120.00744,-2.90481],[120.00898,-2.90635],[120.0119,-2.9115],[120.02048,-2.92058],[120.0301,-2.92641],[120.04091,-2.93653],[120.04658,-2.93755],[120.04795,-2.9427],[120.04722,-2.9445],[120.048,-2.9541],[120.04952,-2.95343],[120.05053,-2.95409],[120.05147,-2.95084],[120.05641,-2.94668],[120.06104,-2.94651],[120.06778,-2.9388],[120.06889,-2.93653],[120.07289,-2.93427],[120.07365,-2.93302],[120.07671,-2.93343],[120.07817,-2.93126],[120.08085,-2.93049],[120.08324,-2.93164],[120.08398,-2.93159],[120.08457,-2.93014],[120.08579,-2.93055],[120.08764,-2.92702],[120.08728,-2.92559],[120.08949,-2.92529],[120.0916,-2.92051],[120.09296,-2.92061],[120.0929,-2.91906],[120.09423,-2.91894],[120.09401,-2.91751],[120.09563,-2.91789],[120.09665,-2.91724],[120.09856,-2.91859],[120.0992,-2.91703],[120.10222,-2.9171],[120.10358,-2.91555],[120.10679,-2.91445],[120.10927,-2.91456],[120.11027,-2.91316],[120.10977,-2.91181],[120.11295,-2.91252],[120.11415,-2.91099],[120.11624,-2.9101],[120.11711,-2.91082],[120.12116,-2.91133],[120.12169,-2.91215],[120.12299,-2.91202],[120.13154,-2.90494],[120.13414,-2.90502],[120.13617,-2.90319],[120.14001,-2.90289],[120.14132,-2.8986],[120.14276,-2.89672],[120.14662,-2.89714],[120.14837,-2.89533],[120.15065,-2.89523],[120.15143,-2.89336],[120.15379,-2.89258],[120.15534,-2.89101],[120.15714,-2.89064],[120.15906,-2.88921],[120.16173,-2.88819],[120.16559,-2.88844],[120.17115,-2.88634],[120.17218,-2.88679],[120.17306,-2.88848],[120.17457,-2.88911],[120.17746,-2.88725],[120.17794,-2.88973],[120.17928,-2.8916],[120.18213,-2.88984],[120.18254,-2.89083],[120.18619,-2.8902],[120.19931,-2.89012],[120.20985,-2.89464],[120.21147,-2.89455],[120.21359,-2.89654],[120.21618,-2.89571],[120.21798,-2.89804],[120.21975,-2.89812],[120.22008,-2.89958],[120.21908,-2.9007],[120.22145,-2.90315],[120.2167,-2.90217],[120.21655,-2.90295],[120.21742,-2.90344],[120.21726,-2.9067],[120.21819,-2.9073],[120.21569,-2.91207],[120.21662,-2.91388],[120.21617,-2.91575],[120.21826,-2.92012],[120.21824,-2.9212],[120.21961,-2.92147],[120.21884,-2.92368],[120.22085,-2.92379],[120.2208,-2.92473],[120.22177,-2.92581],[120.22101,-2.92676],[120.22298,-2.9268],[120.22332,-2.92471],[120.22443,-2.92754],[120.22669,-2.92674],[120.22636,-2.92867],[120.2256,-2.92935],[120.22687,-2.92951],[120.22866,-2.93244],[120.22626,-2.93258],[120.22813,-2.93393],[120.23049,-2.9341],[120.22944,-2.93481],[120.22969,-2.93584],[120.2315,-2.93738],[120.23092,-2.93806],[120.23285,-2.9397],[120.23037,-2.94043],[120.22951,-2.93934],[120.22685,-2.93958],[120.2267,-2.9406],[120.22873,-2.94261],[120.22551,-2.94184],[120.22478,-2.94279],[120.22579,-2.94294],[120.22623,-2.94371],[120.22401,-2.94622],[120.22446,-2.94707],[120.22728,-2.94842],[120.22727,-2.95031],[120.23055,-2.95313],[120.2318,-2.95318],[120.23464,-2.94922],[120.23766,-2.94849],[120.23825,-2.94714],[120.24169,-2.94684],[120.24347,-2.94565],[120.24636,-2.94583],[120.24704,-2.94508],[120.2496,-2.9463],[120.25158,-2.94375],[120.25349,-2.94536],[120.25454,-2.94497],[120.25591,-2.94625],[120.25595,-2.94541],[120.25952,-2.94242]]]]}},
{"type":"Feature","properties":{"slug":"luwu-timur","nama":"Kabupaten Luwu Timur","osm":"relation/14757149","pusat":[-2.6752023595505623,121.06059853932574]},"geometry":{"type":"MultiPolygon","coordinates":[[[[121.03154,-2.65947],[121.03884,-2.65773],[121.04545,-2.65466],[121.05129,-2.65621],[121.0531,-2.65394],[121.05448,-2.65076],[121.05241,-2.64534],[121.05814,-2.64439],[121.06009,-2.64531],[121.05867,-2.65269],[121.05338,-2.65977],[121.05068,-2.66193],[121.04034,-2.66297],[121.03743,-2.66367],[121.03662,-2.66474],[121.03724,-2.66616],[121.03534,-2.67091],[121.03651,-2.67408],[121.03516,-2.67847],[121.03593,-2.68025],[121.03585,-2.68204],[121.03651,-2.68206],[121.0373,-2.68323],[121.03632,-2.68428],[121.03734,-2.68803],[121.03689,-2.68917],[121.0378,-2.69203],[121.0376,-2.69437],[121.03895,-2.69462],[121.04242,-2.68783],[121.04506,-2.68728],[121.04582,-2.68777],[121.0457,-2.69043],[121.04677,-2.69297],[121.04859,-2.69355],[121.04802,-2.69668],[121.04892,-2.69866],[121.05041,-2.69846],[121.0543,-2.69483],[121.05719,-2.69362],[121.05832,-2.6942],[121.05984,-2.69352],[121.06338,-2.69355],[121.06532,-2.69586],[121.06633,-2.69572],[121.06933,-2.69759],[121.0727,-2.69829],[121.0763,-2.69846],[121.07773,-2.69736],[121.07906,-2.69729],[121.08607,-2.70639],[121.08608,-2.70804],[121.08686,-2.70891],[121.08657,-2.71118],[121.08744,-2.71551],[121.09292,-2.71523],[121.09446,-2.71449],[121.0964,-2.71588],[121.0979,-2.71582],[121.09808,-2.71646],[121.09581,-2.71865],[121.0951,-2.72302],[121.09277,-2.72563],[121.09129,-2.72843],[121.08684,-2.73198],[121.08649,-2.73295],[121.0853,-2.73338],[121.08632,-2.73504],[121.08646,-2.73937],[121.08716,-2.74029],[121.08327,-2.7445],[121.08049,-2.74421],[121.07975,-2.74281],[121.07903,-2.74273],[121.07899,-2.74534],[121.07749,-2.74628],[121.0758,-2.74615],[121.07477,-2.74559],[121.07435,-2.74423],[121.07188,-2.74382],[121.07111,-2.74286],[121.06983,-2.7431],[121.06916,-2.74192],[121.06994,-2.74034],[121.06831,-2.73836],[121.06782,-2.74014],[121.06688,-2.74053],[121.06743,-2.74171],[121.06586,-2.74699],[121.06298,-2.74802],[121.06462,-2.75059],[121.06429,-2.75485],[121.06522,-2.75727],[121.06506,-2.76362],[121.06549,-2.76417],[121.06207,-2.76739],[121.06036,-2.77024],[121.05671,-2.77102],[121.05471,-2.77216],[121.05258,-2.77217],[121.05141,-2.77313],[121.04922,-2.77296],[121.04924,-2.77542],[121.04845,-2.77754],[121.0459,-2.77859],[121.04332,-2.77665],[121.03576,-2.77704],[121.03711,-2.7719],[121.03604,-2.77013],[121.03593,-2.76707],[121.03548,-2.76699],[121.03505,-2.76824],[121.0336,-2.76791],[121.03396,-2.77073],[121.03148,-2.77355],[121.02981,-2.78146],[121.02736,-2.78379],[121.02634,-2.78351],[121.02535,-2.78718],[121.0264,-2.78942],[121.02473,-2.78989],[121.02396,-2.79091],[121.02186,-2.79067],[121.02079,-2.79254],[121.01903,-2.79102],[121.01873,-2.79605],[121.02001,-2.79597],[121.02154,-2.79763],[121.0204,-2.80179],[121.02173,-2.80453],[121.01966,-2.80663],[121.01793,-2.80714],[121.01761,-2.80864],[121.01648,-2.80888],[121.01558,-2.80831],[121.01379,-2.80894],[121.01343,-2.80507],[121.01048,-2.80404],[121.00842,-2.80035],[121.00651,-2.79907],[121.00566,-2.79976],[121.00788,-2.80395],[121.00762,-2.80613],[121.00699,-2.80849],[121.00594,-2.80956],[121.00273,-2.8101],[121.00419,-2.81265],[121.00368,-2.81438],[121.00156,-2.8151],[121.00074,-2.81708],[120.99706,-2.81809],[120.99628,-2.81777],[120.99431,-2.81889],[120.99314,-2.81856],[120.99055,-2.81527],[120.98625,-2.81636],[120.98506,-2.81608],[120.98352,-2.81332],[120.98047,-2.8105],[120.97975,-2.80712],[120.97772,-2.8057],[120.97743,-2.80691],[120.97552,-2.80829],[120.97501,-2.8103],[120.97624,-2.81139],[120.97668,-2.814],[120.97753,-2.81526],[120.97771,-2.81782],[120.97709,-2.81972],[120.97836,-2.82306],[120.98107,-2.8216],[120.98259,-2.82154],[120.98374,-2.82328],[120.98597,-2.82488],[120.98854,-2.83122],[120.99257,-2.82976],[120.99712,-2.82711],[121.00304,-2.82546],[121.00911,-2.82268],[121.01752,-2.82061],[121.02144,-2.81694],[121.02238,-2.8143],[121.0259,-2.81042],[121.02764,-2.80621],[121.02742,-2.79886],[121.02792,-2.79628],[121.03197,-2.79191],[121.03411,-2.79087],[121.04352,-2.79204],[121.04907,-2.79092],[121.05108,-2.7911],[121.05299,-2.79216],[121.05727,-2.78753],[121.06081,-2.78569],[121.06479,-2.78506],[121.06833,-2.78702],[121.0726,-2.7838],[121.07736,-2.77667],[121.08246,-2.77329],[121.09416,-2.77642],[121.09942,-2.78213],[121.09909,-2.7866],[121.10233,-2.79044],[121.11033,-2.79216],[121.11512,-2.79201],[121.11996,-2.79342],[121.12907,-2.79463],[121.13357,-2.79709],[121.13798,-2.80221],[121.14605,-2.80775],[121.14912,-2.80903],[121.15189,-2.8122],[121.15321,-2.8127],[121.15327,-2.81475],[121.15402,-2.81523],[121.15774,-2.81552],[121.16214,-2.81445],[121.16633,-2.81484],[121.17268,-2.81814],[121.17661,-2.8272],[121.17702,-2.83059],[121.18128,-2.83585],[121.18554,-2.83708],[121.18716,-2.83875],[121.19342,-2.84966],[121.19487,-2.85132],[121.19732,-2.85206],[121.19795,-2.85522],[121.201,-2.85713],[121.20426,-2.85802],[121.20462,-2.85755],[121.20358,-2.85604],[121.20679,-2.8557],[121.20646,-2.85423],[121.20695,-2.85333],[121.20796,-2.853],[121.20965,-2.85394],[121.21106,-2.85643],[121.2108,-2.85705],[121.21204,-2.85811],[121.21127,-2.85861],[121.21065,-2.86273],[121.21302,-2.87041],[121.21391,-2.87092],[121.21997,-2.87016],[121.22101,-2.87136],[121.22272,-2.87183],[121.22444,-2.8711],[121.22492,-2.86973],[121.22595,-2.86983],[121.22845,-2.87647],[121.22681,-2.87954],[121.22916,-2.87985],[121.22793,-2.88136],[121.23009,-2.88321],[121.23072,-2.88667],[121.23234,-2.88471],[121.23429,-2.88674],[121.23634,-2.8861],[121.23649,-2.88844],[121.24062,-2.88882],[121.24543,-2.8927],[121.24545,-2.89564],[121.248,-2.89885],[121.2506,-2.9041],[121.25186,-2.90502],[121.25172,-2.90651],[121.2536,-2.90717],[121.25862,-2.90711],[121.25877,-2.90942],[121.26627,-2.91554],[121.26871,-2.91658],[121.27204,-2.91624],[121.27518,-2.92198],[121.28516,-2.92209],[121.29172,-2.92558],[121.29732,-2.92649],[121.29877,-2.93044],[121.29643,-2.93245],[121.29897,-2.93371],[121.2975,-2.93503],[121.29834,-2.93898],[121.30042,-2.94175],[121.29996,-2.94413],[121.30189,-2.94529],[121.30452,-2.94881],[121.30718,-2.94935],[121.30911,-2.95079],[121.31234,-2.95086],[121.31257,-2.95256],[121.31457,-2.95533],[121.31731,-2.95707],[121.31593,-2.9585],[121.31551,-2.96008],[121.31709,-2.96052],[121.31745,-2.96234],[121.31904,-2.96246],[121.31932,-2.96421],[121.32145,-2.9644],[121.32276,-2.96564],[121.32673,-2.97048],[121.32874,-2.9714],[121.32997,-2.97389],[121.33945,-2.97935],[121.34153,-2.97976],[121.34314,-2.98129],[121.345,-2.98123],[121.34747,-2.985],[121.34865,-2.98377],[121.35032,-2.98382],[121.35124,-2.98614],[121.35411,-2.98716],[121.36122,-2.98757],[121.36709,-2.98869],[121.36857,-2.99584],[121.37263,-3.00002],[121.37915,-3.00356],[121.38313,-3.00906],[121.38832,-3.01167],[121.38938,-3.01447],[121.39792,-3.01691],[121.40183,-3.01714],[121.40729,-3.01701],[121.41094,-3.01597],[121.41753,-3.01595],[121.41929,-3.01507],[121.4217,-3.01048],[121.4271,-3.00764],[121.42754,-3.00555],[121.43035,-3.00238],[121.43266,-3.00177],[121.43631,-3.00154],[121.43726,-3.00215],[121.44336,-3.00853],[121.44262,-3.01062],[121.44366,-3.01164],[121.44501,-3.01103],[121.44638,-3.00889],[121.44999,-3.00848],[121.45348,-3.00902],[121.45461,-3.01183],[121.45539,-3.01213],[121.46156,-3.0114],[121.46265,-3.01007],[121.46217,-3.00485],[121.46435,-3.00223],[121.46459,-2.99997],[121.46853,-2.99717],[121.47029,-2.993],[121.47121,-2.99214],[121.47451,-2.99097],[121.47656,-2.98906],[121.48082,-2.98724],[121.48277,-2.98416],[121.4817,-2.98075],[121.48221,-2.97689],[121.48119,-2.97492],[121.48028,-2.97401],[121.47698,-2.97364],[121.47531,-2.97246],[121.47247,-2.97332],[121.47213,-2.97261],[121.47326,-2.9714],[121.4758,-2.97079],[121.48038,-2.96454],[121.48081,-2.96215],[121.47932,-2.95789],[121.47969,-2.95621],[121.48239,-2.95425],[121.48366,-2.95173],[121.48382,-2.94891],[121.48597,-2.94748],[121.48643,-2.94518],[121.48779,-2.94406],[121.49399,-2.94182],[121.50023,-2.9437],[121.50369,-2.94223],[121.51142,-2.93681],[121.51565,-2.93315],[121.51603,-2.93218],[121.51533,-2.92606],[121.51622,-2.92518],[121.52141,-2.92889],[121.52271,-2.93123],[121.52366,-2.93152],[121.52526,-2.9314],[121.52643,-2.93],[121.52931,-2.92907],[121.53049,-2.92752],[121.54009,-2.92891],[121.54067,-2.92855],[121.54125,-2.92336],[121.5435,-2.92083],[121.54781,-2.91778],[121.54994,-2.91751],[121.5541,-2.9196],[121.5581,-2.92024],[121.56166,-2.92201],[121.56487,-2.92105],[121.5716,-2.91705],[121.57344,-2.91467],[121.57892,-2.9111],[121.58347,-2.90944],[121.58898,-2.90908],[121.59235,-2.9042],[121.60016,-2.90197],[121.60723,-2.90462],[121.61294,-2.9028],[121.61716,-2.90243],[121.61932,-2.90137],[121.62349,-2.89715],[121.62908,-2.89681],[121.63079,-2.8943],[121.63243,-2.89381],[121.6343,-2.89358],[121.63836,-2.8945],[121.64517,-2.89858],[121.64802,-2.89789],[121.65085,-2.89823],[121.65283,-2.89992],[121.65492,-2.90012],[121.65613,-2.90099],[121.66121,-2.89701],[121.66261,-2.8968],[121.67022,-2.90045],[121.68271,-2.90272],[121.6885,-2.89333],[121.6904,-2.88866],[121.69129,-2.88235],[121.68825,-2.87795],[121.68177,-2.87362],[121.67365,-2.8704],[121.67253,-2.86888],[121.67138,-2.86033],[121.67207,-2.85406],[121.66978,-2.84591],[121.66984,-2.8426],[121.67082,-2.84099],[121.67571,-2.83981],[121.67631,-2.83897],[121.67641,-2.83253],[121.68226,-2.82491],[121.68735,-2.82042],[121.69862,-2.81454],[121.70305,-2.81444],[121.70971,-2.81837],[121.71196,-2.81835],[121.71561,-2.81701],[121.71968,-2.81431],[121.72387,-2.80808],[121.72482,-2.80531],[121.72294,-2.7825],[121.72312,-2.77634],[121.72161,-2.7709],[121.72219,-2.76835],[121.72411,-2.76588],[121.7415,-2.75631],[121.74304,-2.7496],[121.74515,-2.74648],[121.74998,-2.74044],[121.75292,-2.73902],[121.75586,-2.73648],[121.75752,-2.73023],[121.75559,-2.72007],[121.75667,-2.70967],[121.75772,-2.70514],[121.76001,-2.70089],[121.76492,-2.69561],[121.77717,-2.68753],[121.78138,-2.68355],[121.78364,-2.68223],[121.78665,-2.67766],[121.78802,-2.67309],[121.79019,-2.66384],[121.79046,-2.65915],[121.78978,-2.6564],[121.78754,-2.65224],[121.78372,-2.65073],[121.78095,-2.64797],[121.77944,-2.64737],[121.77842,-2.6449],[121.77819,-2.64261],[121.77963,-2.63621],[121.77991,-2.63073],[121.77294,-2.62124],[121.76483,-2.61349],[121.75988,-2.6098],[121.75846,-2.6073],[121.73194,-2.58064],[121.7207,-2.56182],[121.70416,-2.53818],[121.69827,-2.5329],[121.69389,-2.53159],[121.69152,-2.53165],[121.6895,-2.53249],[121.68744,-2.53497],[121.68666,-2.54074],[121.6854,-2.54214],[121.68293,-2.54267],[121.66823,-2.53704],[121.64908,-2.53423],[121.63853,-2.50733],[121.62968,-2.49243],[121.56179,-2.49154],[121.55807,-2.49001],[121.54741,-2.47503],[121.51477,-2.45874],[121.49343,-2.43617],[121.47278,-2.42296],[121.46017,-2.4198],[121.44551,-2.4103],[121.44218,-2.40505],[121.41007,-2.41049],[121.35038,-2.3967],[121.33182,-2.39153],[121.31686,-2.38824],[121.30319,-2.38018],[121.30249,-2.37864],[121.29294,-2.37574],[121.28239,-2.3698],[121.27948,-2.36902],[121.27719,-2.36921],[121.27584,-2.36956],[121.27424,-2.37154],[121.27209,-2.37132],[121.26991,-2.3704],[121.26998,-2.36797],[121.26913,-2.36698],[121.26762,-2.3667],[121.26459,-2.36786],[121.25092,-2.36656],[121.2379,-2.36344],[121.23574,-2.36139],[121.2297,-2.3589],[121.22662,-2.35914],[121.22349,-2.36168],[121.21323,-2.36707],[121.20822,-2.3682],[121.20605,-2.36759],[121.20316,-2.36867],[121.20076,-2.37205],[121.19421,-2.37499],[121.18233,-2.37491],[121.18002,-2.37397],[121.17468,-2.36759],[121.17368,-2.36349],[121.17052,-2.3607],[121.16653,-2.35789],[121.1573,-2.35535],[121.15474,-2.34777],[121.1509,-2.34394],[121.15173,-2.33646],[121.15044,-2.33355],[121.14826,-2.33084],[121.14667,-2.3177],[121.14063,-2.3132],[121.13935,-2.31072],[121.13453,-2.30842],[121.13304,-2.3039],[121.12707,-2.302],[121.11586,-2.28991],[121.11176,-2.28388],[121.10935,-2.27815],[121.10093,-2.27342],[121.09033,-2.27348],[121.08635,-2.26799],[121.08345,-2.26614],[121.07284,-2.26753],[121.06547,-2.26633],[121.05974,-2.26458],[121.04911,-2.26716],[121.04258,-2.27084],[121.03222,-2.26917],[120.9711,-2.24056],[120.94004,-2.23008],[120.9285,-2.22785],[120.9033,-2.21973],[120.86756,-2.21488],[120.86161,-2.21133],[120.81747,-2.20743],[120.81156,-2.20908],[120.80849,-2.21161],[120.7772,-2.22837],[120.77209,-2.22906],[120.7456,-2.22847],[120.72568,-2.22076],[120.72158,-2.21111],[120.69517,-2.2079],[120.65791,-2.18284],[120.62647,-2.16436],[120.59956,-2.14257],[120.5844,-2.12709],[120.57625,-2.11756],[120.55183,-2.07543],[120.55275,-2.06969],[120.54888,-2.06165],[120.5407,-2.05337],[120.51742,-2.04303],[120.50876,-2.05108],[120.52071,-2.05469],[120.52191,-2.06275],[120.52191,-2.07047],[120.52809,-2.08042],[120.52465,-2.09329],[120.52053,-2.09792],[120.51435,-2.09998],[120.51281,-2.10375],[120.51899,-2.13017],[120.5195,-2.13789],[120.51212,-2.16019],[120.51126,-2.16465],[120.51281,-2.16997],[120.50817,-2.1794],[120.50354,-2.18197],[120.50302,-2.19484],[120.50543,-2.20187],[120.50483,-2.20462],[120.4971,-2.20625],[120.49109,-2.20916],[120.48998,-2.21054],[120.48921,-2.21328],[120.48938,-2.2174],[120.48758,-2.21954],[120.48826,-2.22452],[120.488,-2.22795],[120.49075,-2.23146],[120.49084,-2.23541],[120.48903,-2.24158],[120.47384,-2.26268],[120.48491,-2.27898],[120.48577,-2.28146],[120.49487,-2.28438],[120.50577,-2.29424],[120.51204,-2.31688],[120.51384,-2.31971],[120.5195,-2.32374],[120.5244,-2.33069],[120.52423,-2.33961],[120.52843,-2.3499],[120.52938,-2.35539],[120.52637,-2.36637],[120.52105,-2.37323],[120.51976,-2.37657],[120.52002,-2.38],[120.52191,-2.38558],[120.53581,-2.39801],[120.54259,-2.40538],[120.54326,-2.41154],[120.54276,-2.41589],[120.54079,-2.42314],[120.53972,-2.42481],[120.53933,-2.42794],[120.5447,-2.43184],[120.54791,-2.43664],[120.55238,-2.44129],[120.55542,-2.44303],[120.57096,-2.4462],[120.57201,-2.44732],[120.57182,-2.44972],[120.5751,-2.45896],[120.57435,-2.46833],[120.57665,-2.47356],[120.57871,-2.47637],[120.58012,-2.48513],[120.58313,-2.4909],[120.585,-2.4935],[120.58659,-2.49418],[120.58791,-2.49665],[120.59152,-2.50931],[120.58997,-2.51524],[120.59321,-2.51809],[120.59496,-2.52105],[120.59645,-2.5216],[120.59799,-2.524],[120.59754,-2.52636],[120.59816,-2.52799],[120.59707,-2.52976],[120.59878,-2.53341],[120.59867,-2.53651],[120.60023,-2.53761],[120.60164,-2.53769],[120.6042,-2.53988],[120.60516,-2.54441],[120.60716,-2.54452],[120.60613,-2.54551],[120.60816,-2.5485],[120.60738,-2.55112],[120.60979,-2.55933],[120.611,-2.55972],[120.61127,-2.5576],[120.61271,-2.55928],[120.6147,-2.55998],[120.6145,-2.56113],[120.61245,-2.56184],[120.6128,-2.56275],[120.6119,-2.56353],[120.61164,-2.56535],[120.61561,-2.57039],[120.61495,-2.5716],[120.61531,-2.57232],[120.61593,-2.57257],[120.61778,-2.57098],[120.62041,-2.56988],[120.62055,-2.5708],[120.61963,-2.57171],[120.62102,-2.57531],[120.62049,-2.57742],[120.61725,-2.57614],[120.61808,-2.57855],[120.61961,-2.57996],[120.62085,-2.58489],[120.62222,-2.58526],[120.62434,-2.58446],[120.62847,-2.58594],[120.62944,-2.58745],[120.63129,-2.5883],[120.63218,-2.59124],[120.63612,-2.58997],[120.63548,-2.59101],[120.63617,-2.59224],[120.63575,-2.5933],[120.63707,-2.59452],[120.63697,-2.59608],[120.63934,-2.5979],[120.63948,-2.60127],[120.63833,-2.60276],[120.63527,-2.60276],[120.63444,-2.60339],[120.63486,-2.60447],[120.63306,-2.60481],[120.63503,-2.60906],[120.63739,-2.60995],[120.63654,-2.6118],[120.6368,-2.61577],[120.63441,-2.61806],[120.63169,-2.61882],[120.63115,-2.61977],[120.63558,-2.62202],[120.63572,-2.62532],[120.63644,-2.62634],[120.63835,-2.62718],[120.63883,-2.63135],[120.64076,-2.63435],[120.64307,-2.63999],[120.64469,-2.64058],[120.64656,-2.6403],[120.64602,-2.64108],[120.64671,-2.64218],[120.64659,-2.64431],[120.64557,-2.64486],[120.64603,-2.64561],[120.64528,-2.64641],[120.6454,-2.64712],[120.64646,-2.64755],[120.64587,-2.64912],[120.64781,-2.65184],[120.64872,-2.65145],[120.65,-2.65207],[120.64941,-2.65294],[120.64992,-2.65399],[120.6483,-2.65344],[120.64818,-2.65391],[120.64858,-2.65505],[120.64928,-2.65526],[120.64893,-2.65614],[120.64965,-2.65733],[120.65077,-2.65747],[120.65093,-2.65828],[120.65187,-2.6587],[120.65177,-2.65955],[120.65372,-2.66067],[120.65299,-2.66202],[120.65465,-2.6615],[120.65382,-2.66433],[120.65468,-2.6662],[120.65674,-2.66454],[120.65623,-2.66327],[120.65697,-2.66151],[120.65914,-2.66118],[120.6593,-2.66221],[120.66079,-2.66214],[120.66128,-2.66101],[120.663,-2.66027],[120.6634,-2.6585],[120.6643,-2.65809],[120.6639,-2.6556],[120.66676,-2.65386],[120.66647,-2.65022],[120.66925,-2.65037],[120.67213,-2.64696],[120.67161,-2.64519],[120.67222,-2.6437],[120.67162,-2.64355],[120.67188,-2.64313],[120.67339,-2.64322],[120.67489,-2.6442],[120.67642,-2.64361],[120.6788,-2.64521],[120.682,-2.64368],[120.68592,-2.64316],[120.68779,-2.64395],[120.69054,-2.64333],[120.69358,-2.64399],[120.69839,-2.64397],[120.70745,-2.64257],[120.70913,-2.64178],[120.71115,-2.64293],[120.71324,-2.64187],[120.71487,-2.63922],[120.71797,-2.63739],[120.72818,-2.63549],[120.73926,-2.63581],[120.74611,-2.637],[120.74727,-2.63595],[120.74796,-2.63292],[120.74731,-2.62862],[120.74869,-2.62452],[120.75065,-2.62373],[120.75046,-2.62237],[120.75117,-2.62165],[120.75469,-2.62017],[120.76045,-2.61919],[120.76719,-2.61992],[120.77334,-2.61942],[120.77373,-2.62035],[120.77526,-2.62084],[120.78248,-2.62625],[120.78543,-2.62692],[120.78619,-2.62568],[120.78834,-2.62603],[120.78976,-2.62515],[120.79118,-2.62237],[120.79335,-2.62212],[120.79563,-2.62332],[120.79711,-2.62299],[120.80086,-2.62021],[120.80112,-2.61945],[120.80884,-2.61783],[120.81543,-2.61856],[120.8213,-2.62157],[120.82232,-2.62467],[120.82581,-2.62692],[120.82731,-2.62893],[120.82804,-2.63592],[120.82969,-2.6371],[120.83102,-2.6367],[120.83239,-2.63731],[120.83475,-2.63924],[120.83487,-2.64025],[120.83701,-2.63992],[120.83908,-2.64325],[120.83925,-2.64747],[120.84,-2.64945],[120.84692,-2.65267],[120.84892,-2.65249],[120.85005,-2.65126],[120.85125,-2.65146],[120.85239,-2.65503],[120.85373,-2.65609],[120.85639,-2.6568],[120.8589,-2.65653],[120.86007,-2.65395],[120.86273,-2.65627],[120.86623,-2.65563],[120.86697,-2.65408],[120.86687,-2.65218],[120.86782,-2.65098],[120.86764,-2.64755],[120.86811,-2.64658],[120.87167,-2.64604],[120.87359,-2.64465],[120.87538,-2.64484],[120.87991,-2.64381],[120.88315,-2.64261],[120.88375,-2.64121],[120.88545,-2.64159],[120.88606,-2.64259],[120.88742,-2.6425],[120.88841,-2.64043],[120.89095,-2.63963],[120.89149,-2.64193],[120.89674,-2.64491],[120.89894,-2.64489],[120.9009,-2.64787],[120.90425,-2.64883],[120.9042,-2.64941],[120.90316,-2.64964],[120.90333,-2.65088],[120.90477,-2.65294],[120.90794,-2.6612],[120.90941,-2.66115],[120.91325,-2.6584],[120.91364,-2.65887],[120.91304,-2.66218],[120.91396,-2.66327],[120.91788,-2.66343],[120.92229,-2.66232],[120.92585,-2.65952],[120.92826,-2.65912],[120.93164,-2.65927],[120.93285,-2.66008],[120.93525,-2.66035],[120.93738,-2.6595],[120.93803,-2.66055],[120.93992,-2.66116],[120.94073,-2.65973],[120.94059,-2.65746],[120.94146,-2.65702],[120.94688,-2.6601],[120.94724,-2.6617],[120.9481,-2.66179],[120.94996,-2.66538],[120.95338,-2.6672],[120.95417,-2.66828],[120.95867,-2.66784],[120.96128,-2.66955],[120.96398,-2.67004],[120.97125,-2.66963],[120.97318,-2.66843],[120.97394,-2.66691],[120.97208,-2.66594],[120.97253,-2.66524],[120.97731,-2.66373],[120.97889,-2.66499],[120.97693,-2.66681],[120.97978,-2.66736],[120.98119,-2.66867],[120.98301,-2.66827],[120.98302,-2.66933],[120.98508,-2.66979],[120.98698,-2.67273],[120.98864,-2.67188],[120.9897,-2.67204],[120.99139,-2.67463],[120.99346,-2.67597],[120.99429,-2.67891],[120.99771,-2.67948],[120.99941,-2.67901],[121.00078,-2.67684],[121.00201,-2.67606],[121.00398,-2.67759],[121.00437,-2.67863],[121.00577,-2.67867],[121.00977,-2.67665],[121.0114,-2.67683],[121.0139,-2.67306],[121.01752,-2.67188],[121.01871,-2.67317],[121.02025,-2.67265],[121.022,-2.66871],[121.01971,-2.66116],[121.01839,-2.66052],[121.01885,-2.65797],[121.02089,-2.65575],[121.02114,-2.65035],[121.02361,-2.6509],[121.02529,-2.6529],[121.02706,-2.65376],[121.03431,-2.65442],[121.02992,-2.65116],[121.02918,-2.64776],[121.02956,-2.64604],[121.03123,-2.64505],[121.03548,-2.6449],[121.03627,-2.64124],[121.03779,-2.63977],[121.04009,-2.63957],[121.0431,-2.64048],[121.04338,-2.64121],[121.04269,-2.64168],[121.03809,-2.6416],[121.03736,-2.64709],[121.03303,-2.64944],[121.03573,-2.65081],[121.03689,-2.65376],[121.03636,-2.65551],[121.0352,-2.65657],[121.03013,-2.65741],[121.03154,-2.65947]]],[[[120.95581,-2.81222],[120.95785,-2.81513],[120.96167,-2.81408],[120.96222,-2.81192],[120.96335,-2.81101],[120.96706,-2.81089],[120.96809,-2.81011],[120.96472,-2.80751],[120.96241,-2.8108],[120.95517,-2.81094],[120.95581,-2.81222]]]]}},
{"type":"Feature","properties":{"slug":"luwu-utara","nama":"Kabupaten Luwu Utara","osm":"relation/14757140","pusat":[-2.5486949898167017,120.19068331975568]},"geometry":{"type":"Polygon","coordinates":[[[120.5434,-2.7357],[120.54357,-2.73439],[120.54467,-2.73302],[120.54909,-2.73094],[120.54503,-2.73344],[120.54539,-2.73437],[120.54644,-2.73456],[120.55438,-2.72951],[120.55516,-2.72654],[120.55822,-2.72488],[120.5554,-2.72363],[120.55567,-2.72247],[120.55675,-2.7219],[120.55952,-2.72247],[120.55954,-2.72154],[120.56135,-2.71988],[120.56078,-2.71671],[120.56319,-2.71736],[120.56422,-2.71702],[120.56507,-2.71371],[120.56715,-2.71342],[120.56944,-2.71056],[120.56925,-2.70681],[120.57294,-2.70503],[120.57455,-2.70025],[120.57343,-2.69611],[120.56892,-2.6952],[120.56545,-2.69152],[120.56671,-2.6906],[120.56846,-2.69176],[120.57016,-2.69119],[120.57051,-2.69038],[120.56991,-2.68974],[120.57113,-2.68806],[120.57137,-2.6865],[120.57365,-2.68567],[120.57617,-2.68752],[120.57739,-2.68545],[120.57943,-2.68558],[120.58404,-2.68388],[120.58712,-2.68495],[120.59043,-2.68308],[120.59115,-2.68357],[120.59287,-2.68332],[120.59897,-2.67955],[120.60372,-2.67845],[120.60846,-2.67851],[120.61065,-2.6811],[120.61515,-2.68166],[120.6161,-2.68242],[120.6169,-2.68186],[120.61864,-2.68212],[120.62166,-2.68356],[120.6239,-2.68383],[120.62643,-2.68261],[120.62715,-2.68361],[120.63053,-2.68065],[120.63267,-2.68151],[120.63452,-2.68072],[120.63782,-2.67812],[120.63976,-2.67466],[120.64382,-2.67236],[120.64542,-2.67213],[120.64437,-2.67177],[120.64435,-2.67075],[120.64681,-2.6703],[120.64889,-2.66822],[120.65457,-2.66656],[120.65382,-2.66433],[120.65468,-2.66169],[120.65435,-2.6613],[120.65299,-2.66202],[120.65372,-2.66067],[120.65177,-2.65955],[120.6518,-2.65859],[120.65093,-2.65828],[120.65061,-2.65734],[120.64965,-2.65733],[120.64893,-2.65614],[120.64928,-2.65526],[120.64858,-2.65505],[120.64817,-2.65357],[120.64992,-2.65399],[120.64941,-2.65294],[120.65,-2.65207],[120.64872,-2.65145],[120.64781,-2.65184],[120.6459,-2.64923],[120.64646,-2.64755],[120.6454,-2.64712],[120.64528,-2.64641],[120.64603,-2.64561],[120.64557,-2.64486],[120.64659,-2.64431],[120.64671,-2.64218],[120.64602,-2.64108],[120.64656,-2.6403],[120.64469,-2.64058],[120.64307,-2.63999],[120.64076,-2.63435],[120.63883,-2.63135],[120.63835,-2.62718],[120.63644,-2.62634],[120.63572,-2.62532],[120.63558,-2.62202],[120.63115,-2.61977],[120.63169,-2.61882],[120.63441,-2.61806],[120.6368,-2.61577],[120.63654,-2.6118],[120.63739,-2.60995],[120.63503,-2.60906],[120.63306,-2.60481],[120.63486,-2.60447],[120.63444,-2.60339],[120.63527,-2.60276],[120.63833,-2.60276],[120.63948,-2.60127],[120.63934,-2.5979],[120.63697,-2.59608],[120.63707,-2.59452],[120.63575,-2.5933],[120.63617,-2.59224],[120.63548,-2.59101],[120.63612,-2.58997],[120.63218,-2.59124],[120.63129,-2.5883],[120.62944,-2.58745],[120.62847,-2.58594],[120.62434,-2.58446],[120.62222,-2.58526],[120.62085,-2.58489],[120.61961,-2.57996],[120.61808,-2.57855],[120.61725,-2.57614],[120.62049,-2.57742],[120.62102,-2.57531],[120.61963,-2.57171],[120.62055,-2.5708],[120.62041,-2.56988],[120.61778,-2.57098],[120.61593,-2.57257],[120.61531,-2.57232],[120.61495,-2.5716],[120.61561,-2.57039],[120.61164,-2.56535],[120.6119,-2.56353],[120.6128,-2.56275],[120.61245,-2.56184],[120.6145,-2.56113],[120.6147,-2.55998],[120.61271,-2.55928],[120.61127,-2.5576],[120.611,-2.55972],[120.60979,-2.55933],[120.60738,-2.55112],[120.60816,-2.5485],[120.60613,-2.54551],[120.60716,-2.54452],[120.60516,-2.54441],[120.6042,-2.53988],[120.60164,-2.53769],[120.60023,-2.53761],[120.59867,-2.53651],[120.59878,-2.53341],[120.59707,-2.52976],[120.59816,-2.52799],[120.59754,-2.52636],[120.59799,-2.524],[120.59645,-2.5216],[120.59496,-2.52105],[120.59321,-2.51809],[120.58997,-2.51524],[120.59152,-2.50931],[120.58791,-2.49665],[120.58659,-2.49418],[120.585,-2.4935],[120.58313,-2.4909],[120.58012,-2.48513],[120.57871,-2.47637],[120.57665,-2.47356],[120.57435,-2.46833],[120.5751,-2.45896],[120.57182,-2.44972],[120.57201,-2.44732],[120.57096,-2.4462],[120.55542,-2.44303],[120.55238,-2.44129],[120.54791,-2.43664],[120.5447,-2.43184],[120.53933,-2.42794],[120.53972,-2.42481],[120.54079,-2.42314],[120.54276,-2.41589],[120.54326,-2.41154],[120.54259,-2.40538],[120.53581,-2.39801],[120.52191,-2.38558],[120.52002,-2.38],[120.51976,-2.37657],[120.52105,-2.37323],[120.52637,-2.36637],[120.52938,-2.35539],[120.52843,-2.3499],[120.52423,-2.33961],[120.5244,-2.33069],[120.5195,-2.32374],[120.51384,-2.31971],[120.51204,-2.31688],[120.50577,-2.29424],[120.49487,-2.28438],[120.48577,-2.28146],[120.48491,-2.27898],[120.47384,-2.26268],[120.48903,-2.24158],[120.49084,-2.23541],[120.49075,-2.23146],[120.488,-2.22795],[120.48826,-2.22452],[120.48758,-2.21954],[120.48938,-2.2174],[120.48921,-2.21328],[120.48998,-2.21054],[120.49109,-2.20916],[120.4971,-2.20625],[120.50483,-2.20462],[120.50543,-2.20187],[120.50302,-2.19484],[120.50354,-2.18197],[120.50817,-2.1794],[120.51281,-2.16997],[120.51126,-2.16465],[120.51212,-2.16019],[120.5195,-2.13789],[120.51899,-2.13017],[120.51281,-2.10375],[120.51435,-2.09998],[120.52053,-2.09792],[120.52465,-2.09329],[120.52809,-2.08042],[120.52191,-2.07047],[120.52191,-2.06275],[120.52071,-2.05469],[120.50876,-2.05108],[120.51742,-2.04303],[120.49711,-2.00013],[120.48743,-1.99315],[120.48185,-1.97202],[120.47223,-1.9536],[120.46533,-1.92997],[120.4597,-1.93118],[120.4498,-1.94682],[120.43319,-1.93963],[120.41075,-1.94046],[120.40732,-1.93688],[120.40743,-1.91641],[120.38093,-1.8911],[120.37444,-1.89064],[120.37124,-1.90953],[120.36853,-1.91126],[120.36803,-1.91889],[120.37271,-1.92061],[120.37629,-1.92377],[120.37606,-1.92941],[120.38454,-1.94695],[120.38971,-1.94966],[120.38971,-1.95508],[120.38562,-1.95659],[120.38749,-1.96763],[120.37592,-1.98019],[120.36582,-1.99398],[120.36501,-2.00834],[120.36151,-2.0144],[120.36541,-2.02203],[120.34731,-2.0416],[120.32019,-2.03942],[120.30662,-2.04677],[120.29709,-2.04567],[120.2952,-2.04018],[120.28896,-2.03262],[120.28727,-2.02531],[120.26918,-2.02191],[120.26359,-2.01022],[120.25617,-2.00747],[120.24838,-1.99613],[120.21689,-1.99354],[120.14067,-1.98912],[120.11507,-1.98999],[120.10296,-1.98804],[120.09907,-1.98464],[120.09246,-1.9811],[120.08505,-1.97876],[120.06356,-1.98073],[120.05251,-1.98381],[120.04227,-1.98116],[120.03403,-1.97165],[120.02325,-1.96914],[120.01543,-1.96954],[120.00998,-1.96488],[119.99091,-1.96616],[119.98536,-1.97302],[119.97696,-1.97482],[119.97491,-1.98778],[119.96933,-1.99779],[119.95769,-2.00332],[119.94746,-2.01116],[119.94443,-2.01585],[119.94481,-2.02051],[119.9438,-2.02277],[119.94531,-2.02818],[119.94027,-2.03057],[119.93587,-2.03536],[119.9336,-2.03536],[119.92947,-2.0377],[119.92453,-2.03393],[119.92004,-2.03423],[119.91421,-2.04504],[119.9088,-2.05322],[119.90112,-2.05574],[119.89634,-2.05347],[119.88258,-2.04323],[119.88005,-2.03775],[119.87265,-2.03427],[119.86891,-2.02878],[119.86925,-2.02652],[119.87291,-2.02295],[119.87361,-2.0213],[119.87033,-2.01848],[119.86627,-2.0206],[119.8627,-2.02628],[119.8625,-2.03076],[119.86157,-2.03225],[119.86009,-2.033],[119.8576,-2.03282],[119.85545,-2.0345],[119.85279,-2.03794],[119.85139,-2.04204],[119.84867,-2.04289],[119.84354,-2.04585],[119.83904,-2.04463],[119.82837,-2.04673],[119.82572,-2.04862],[119.81772,-2.05931],[119.81779,-2.0665],[119.82123,-2.07463],[119.81979,-2.08097],[119.81722,-2.08251],[119.81584,-2.08476],[119.81702,-2.0876],[119.81672,-2.09018],[119.81781,-2.09382],[119.81738,-2.09574],[119.81488,-2.10126],[119.81403,-2.10205],[119.81031,-2.10307],[119.80472,-2.11203],[119.80169,-2.11161],[119.79203,-2.10847],[119.78475,-2.11375],[119.78204,-2.11665],[119.77869,-2.11759],[119.77707,-2.11946],[119.77122,-2.12057],[119.7699,-2.12032],[119.7678,-2.11832],[119.76183,-2.1176],[119.75951,-2.12265],[119.74528,-2.12339],[119.74055,-2.12844],[119.73833,-2.12877],[119.73667,-2.12738],[119.73588,-2.12571],[119.7343,-2.1256],[119.73185,-2.12747],[119.73121,-2.13042],[119.72746,-2.13277],[119.72179,-2.13925],[119.71803,-2.13953],[119.71647,-2.14064],[119.711,-2.1425],[119.71106,-2.14602],[119.71392,-2.15163],[119.71542,-2.1526],[119.72118,-2.16075],[119.72544,-2.16478],[119.72822,-2.17059],[119.73173,-2.17519],[119.73126,-2.17722],[119.73174,-2.17935],[119.7382,-2.18844],[119.73883,-2.19194],[119.73789,-2.1987],[119.73904,-2.203],[119.74077,-2.2065],[119.74286,-2.20792],[119.7466,-2.21414],[119.74718,-2.22138],[119.74422,-2.2244],[119.74217,-2.22833],[119.74065,-2.22874],[119.73849,-2.23241],[119.72919,-2.23919],[119.72797,-2.2433],[119.72641,-2.24377],[119.72326,-2.24292],[119.72008,-2.24304],[119.71774,-2.244],[119.71738,-2.24483],[119.71813,-2.2492],[119.71746,-2.2519],[119.71431,-2.25301],[119.7122,-2.25623],[119.70027,-2.25618],[119.69934,-2.25653],[119.69792,-2.25964],[119.69471,-2.26143],[119.69341,-2.26566],[119.6921,-2.26678],[119.68599,-2.267],[119.68139,-2.26529],[119.67672,-2.268],[119.67626,-2.27049],[119.6775,-2.27954],[119.67937,-2.2822],[119.68305,-2.28445],[119.68448,-2.28613],[119.68669,-2.28986],[119.69025,-2.29373],[119.69115,-2.29617],[119.69277,-2.29765],[119.69366,-2.3005],[119.69323,-2.30335],[119.69494,-2.30944],[119.69901,-2.31399],[119.68645,-2.32196],[119.68396,-2.32582],[119.6805,-2.3281],[119.68264,-2.32969],[119.68605,-2.33716],[119.68755,-2.34376],[119.68779,-2.34629],[119.68607,-2.35232],[119.6872,-2.3543],[119.68789,-2.35886],[119.68931,-2.36099],[119.6901,-2.36418],[119.68946,-2.36676],[119.68775,-2.36978],[119.68784,-2.37116],[119.68835,-2.37181],[119.69243,-2.37257],[119.69745,-2.37848],[119.70016,-2.37997],[119.70586,-2.37707],[119.70871,-2.37731],[119.71077,-2.3785],[119.71247,-2.37994],[119.71328,-2.38286],[119.71547,-2.38462],[119.71501,-2.38923],[119.71547,-2.39013],[119.7179,-2.39153],[119.72254,-2.39189],[119.72288,-2.39271],[119.72084,-2.40175],[119.71606,-2.40683],[119.71466,-2.40748],[119.71384,-2.4159],[119.71272,-2.41727],[119.70878,-2.41856],[119.71303,-2.4222],[119.71281,-2.4238],[119.71396,-2.42503],[119.71429,-2.4269],[119.71544,-2.42808],[119.71814,-2.42896],[119.7198,-2.43163],[119.72057,-2.43425],[119.72293,-2.43589],[119.72332,-2.43749],[119.72238,-2.43928],[119.72366,-2.449],[119.72215,-2.45253],[119.72231,-2.45678],[119.72133,-2.45776],[119.72232,-2.45867],[119.72211,-2.46121],[119.72313,-2.46218],[119.72295,-2.46504],[119.72445,-2.467],[119.72423,-2.46792],[119.72228,-2.4687],[119.72234,-2.47002],[119.72079,-2.47053],[119.72074,-2.47144],[119.71984,-2.47187],[119.72002,-2.47324],[119.71814,-2.47432],[119.71755,-2.47812],[119.71572,-2.47956],[119.71609,-2.4805],[119.71544,-2.48149],[119.71332,-2.48281],[119.71271,-2.48498],[119.71096,-2.48671],[119.70959,-2.49101],[119.71072,-2.49169],[119.7116,-2.49403],[119.71068,-2.49606],[119.71102,-2.49816],[119.70828,-2.50387],[119.71047,-2.50963],[119.71012,-2.51278],[119.71083,-2.51589],[119.71265,-2.51989],[119.71995,-2.52501],[119.72874,-2.52881],[119.7327,-2.52976],[119.73481,-2.53145],[119.73559,-2.53309],[119.74093,-2.53289],[119.74578,-2.53589],[119.7457,-2.54002],[119.74897,-2.54428],[119.75046,-2.55265],[119.75533,-2.55762],[119.75747,-2.56278],[119.75743,-2.56665],[119.76224,-2.57188],[119.76192,-2.57414],[119.76014,-2.57498],[119.76213,-2.58289],[119.76133,-2.58444],[119.75977,-2.58554],[119.75997,-2.58636],[119.77369,-2.59585],[119.78281,-2.59736],[119.78378,-2.59801],[119.78436,-2.59981],[119.78387,-2.60663],[119.79039,-2.61121],[119.79686,-2.61373],[119.8056,-2.61861],[119.80846,-2.61956],[119.82285,-2.61712],[119.82328,-2.61967],[119.817,-2.62183],[119.81618,-2.62256],[119.81659,-2.62352],[119.8162,-2.62454],[119.81436,-2.62373],[119.8137,-2.62235],[119.81145,-2.62296],[119.8103,-2.62202],[119.80822,-2.62232],[119.80754,-2.62569],[119.80661,-2.62605],[119.80629,-2.625],[119.80477,-2.62458],[119.80405,-2.62649],[119.80112,-2.62772],[119.80072,-2.62874],[119.79789,-2.62962],[119.79826,-2.63057],[119.79979,-2.63062],[119.79758,-2.63203],[119.79796,-2.63339],[119.79612,-2.63334],[119.79598,-2.63206],[119.79149,-2.63271],[119.79187,-2.63419],[119.79043,-2.63532],[119.78778,-2.63367],[119.78665,-2.63551],[119.78518,-2.63568],[119.78478,-2.63674],[119.78395,-2.63659],[119.78394,-2.63722],[119.78273,-2.63746],[119.78188,-2.63893],[119.78058,-2.63901],[119.77925,-2.64039],[119.77876,-2.64253],[119.7758,-2.6452],[119.77667,-2.64684],[119.77602,-2.64697],[119.77588,-2.64827],[119.77948,-2.64962],[119.78203,-2.6538],[119.78202,-2.65478],[119.78683,-2.65412],[119.78951,-2.6574],[119.7908,-2.65718],[119.79518,-2.65883],[119.7971,-2.65851],[119.79951,-2.66019],[119.80115,-2.66038],[119.80303,-2.66274],[119.80435,-2.6632],[119.80461,-2.66474],[119.80608,-2.66441],[119.80668,-2.66357],[119.81149,-2.66329],[119.81352,-2.66433],[119.81409,-2.66559],[119.81573,-2.66582],[119.81636,-2.66829],[119.81968,-2.67175],[119.82398,-2.67424],[119.82631,-2.6742],[119.82755,-2.67677],[119.82977,-2.67923],[119.8321,-2.67777],[119.83562,-2.67706],[119.83839,-2.67782],[119.8387,-2.67927],[119.84095,-2.67984],[119.84259,-2.67736],[119.84717,-2.67638],[119.84729,-2.67579],[119.84897,-2.67657],[119.85262,-2.67391],[119.85321,-2.67471],[119.85262,-2.67796],[119.85396,-2.67921],[119.85499,-2.68175],[119.86195,-2.68214],[119.86202,-2.68478],[119.86309,-2.68605],[119.86861,-2.68779],[119.8682,-2.69006],[119.87177,-2.69091],[119.8735,-2.69019],[119.87843,-2.69061],[119.87851,-2.69197],[119.88083,-2.6968],[119.88045,-2.69952],[119.8794,-2.69982],[119.87954,-2.70023],[119.88374,-2.70376],[119.89723,-2.69975],[119.91211,-2.71301],[119.9193,-2.71169],[119.92661,-2.71592],[119.94238,-2.70935],[119.96487,-2.71638],[119.97534,-2.71638],[119.99748,-2.71364],[120.01814,-2.70175],[120.02064,-2.69951],[120.0665,-2.69],[120.07597,-2.69149],[120.08675,-2.6889],[120.08932,-2.68655],[120.09516,-2.67626],[120.09402,-2.66726],[120.10173,-2.65718],[120.11207,-2.65791],[120.1185,-2.66082],[120.12649,-2.66314],[120.13438,-2.6676],[120.13678,-2.67508],[120.13699,-2.68258],[120.13955,-2.68925],[120.13923,-2.69262],[120.1377,-2.69553],[120.13529,-2.69609],[120.13297,-2.69785],[120.13159,-2.70016],[120.13191,-2.70162],[120.13461,-2.70383],[120.13585,-2.70595],[120.13675,-2.70606],[120.13679,-2.70716],[120.13796,-2.70778],[120.13812,-2.70874],[120.13937,-2.70893],[120.13931,-2.70961],[120.13756,-2.71074],[120.13959,-2.71274],[120.14238,-2.7135],[120.14174,-2.71506],[120.14499,-2.71734],[120.14558,-2.72108],[120.14646,-2.7205],[120.15218,-2.72404],[120.15217,-2.72587],[120.15412,-2.72707],[120.15425,-2.7285],[120.15528,-2.72844],[120.15746,-2.73134],[120.16257,-2.73195],[120.1645,-2.73336],[120.16723,-2.73308],[120.16839,-2.73392],[120.16811,-2.73522],[120.16868,-2.736],[120.17145,-2.73609],[120.17033,-2.73727],[120.17132,-2.73751],[120.1723,-2.73886],[120.17256,-2.74087],[120.17403,-2.7416],[120.17414,-2.7438],[120.17334,-2.74468],[120.17385,-2.75021],[120.17749,-2.75583],[120.17689,-2.75851],[120.1783,-2.76074],[120.18076,-2.76186],[120.18165,-2.76409],[120.18541,-2.76748],[120.18952,-2.76612],[120.19107,-2.76737],[120.19254,-2.76702],[120.19411,-2.7691],[120.19517,-2.76943],[120.19532,-2.77075],[120.19638,-2.77084],[120.19574,-2.77252],[120.19894,-2.7748],[120.19944,-2.77625],[120.20135,-2.77682],[120.20194,-2.77816],[120.20373,-2.77887],[120.20275,-2.78006],[120.20293,-2.78078],[120.20383,-2.78156],[120.20542,-2.78112],[120.20613,-2.78356],[120.20826,-2.78512],[120.20999,-2.78773],[120.21238,-2.78948],[120.21402,-2.78786],[120.21654,-2.78893],[120.21698,-2.79062],[120.21869,-2.79182],[120.21896,-2.794],[120.22092,-2.79491],[120.22268,-2.79774],[120.22405,-2.79854],[120.22663,-2.79839],[120.22726,-2.79887],[120.22638,-2.80232],[120.22859,-2.80318],[120.22878,-2.80644],[120.23152,-2.80767],[120.23145,-2.81087],[120.23494,-2.81145],[120.23624,-2.81326],[120.23868,-2.81455],[120.24269,-2.8152],[120.24508,-2.81474],[120.24564,-2.81628],[120.24473,-2.81944],[120.24488,-2.82149],[120.24783,-2.82198],[120.24835,-2.8261],[120.24947,-2.82667],[120.25015,-2.82634],[120.25012,-2.82376],[120.25076,-2.82306],[120.25518,-2.82374],[120.25903,-2.82311],[120.26038,-2.82352],[120.26057,-2.82502],[120.25809,-2.82654],[120.25906,-2.82876],[120.25866,-2.82961],[120.25657,-2.82982],[120.25657,-2.83149],[120.25536,-2.83283],[120.25557,-2.83821],[120.25766,-2.83899],[120.2591,-2.841],[120.26113,-2.84164],[120.26022,-2.84761],[120.26484,-2.84846],[120.26615,-2.8513],[120.26771,-2.85107],[120.27017,-2.85372],[120.26988,-2.85517],[120.27139,-2.85683],[120.2704,-2.85978],[120.2736,-2.86288],[120.2736,-2.86458],[120.27511,-2.86416],[120.27699,-2.86767],[120.27553,-2.86825],[120.27441,-2.86972],[120.27535,-2.87151],[120.27386,-2.87265],[120.2746,-2.87375],[120.27285,-2.87836],[120.2741,-2.88331],[120.27292,-2.88617],[120.2714,-2.88654],[120.27266,-2.88794],[120.27048,-2.89024],[120.26873,-2.88972],[120.26722,-2.89123],[120.26736,-2.89432],[120.26918,-2.8947],[120.26985,-2.89591],[120.27043,-2.8955],[120.2704,-2.8967],[120.27419,-2.89666],[120.27632,-2.89902],[120.27998,-2.89912],[120.28117,-2.90169],[120.28337,-2.90151],[120.28337,-2.90273],[120.28167,-2.9036],[120.28216,-2.90452],[120.28512,-2.90573],[120.28439,-2.90849],[120.28723,-2.90899],[120.28772,-2.91104],[120.28858,-2.9112],[120.28986,-2.91308],[120.29438,-2.91486],[120.29434,-2.91653],[120.2974,-2.9115],[120.29776,-2.90821],[120.29887,-2.90751],[120.29915,-2.90653],[120.30112,-2.90624],[120.30197,-2.9045],[120.30437,-2.90472],[120.30806,-2.90707],[120.30902,-2.9067],[120.30953,-2.90431],[120.31076,-2.90538],[120.31259,-2.90521],[120.31349,-2.90655],[120.31481,-2.90595],[120.31576,-2.90371],[120.31924,-2.90281],[120.32001,-2.90097],[120.32177,-2.90127],[120.32228,-2.89902],[120.3242,-2.89673],[120.32981,-2.89293],[120.33041,-2.89134],[120.33034,-2.88831],[120.32896,-2.88625],[120.32917,-2.88528],[120.33196,-2.88507],[120.33265,-2.88193],[120.33303,-2.88357],[120.33478,-2.88316],[120.3348,-2.88481],[120.33549,-2.88555],[120.33757,-2.88224],[120.34252,-2.87945],[120.3467,-2.87384],[120.34646,-2.87219],[120.3455,-2.871],[120.34446,-2.87075],[120.3446,-2.86984],[120.34577,-2.86996],[120.34969,-2.86815],[120.35241,-2.86204],[120.35338,-2.86247],[120.35216,-2.86653],[120.35294,-2.86739],[120.35495,-2.86656],[120.35552,-2.86387],[120.35756,-2.86382],[120.35786,-2.8645],[120.3598,-2.8651],[120.36545,-2.86407],[120.37026,-2.86111],[120.37757,-2.85929],[120.37803,-2.85775],[120.37659,-2.85498],[120.37761,-2.85376],[120.37918,-2.85449],[120.38302,-2.85481],[120.38708,-2.85259],[120.38912,-2.85072],[120.39412,-2.85064],[120.39769,-2.84835],[120.39797,-2.84554],[120.40217,-2.84498],[120.4053,-2.84363],[120.40821,-2.8414],[120.40997,-2.84102],[120.41221,-2.84224],[120.41696,-2.84151],[120.41847,-2.83997],[120.41763,-2.83818],[120.41914,-2.83674],[120.42085,-2.83777],[120.42288,-2.83682],[120.42406,-2.8375],[120.42658,-2.8372],[120.42929,-2.83357],[120.42911,-2.83252],[120.43092,-2.83097],[120.43097,-2.82929],[120.43245,-2.82832],[120.43348,-2.82925],[120.43322,-2.8307],[120.43508,-2.83119],[120.43815,-2.83038],[120.43922,-2.82838],[120.44091,-2.82895],[120.44176,-2.8282],[120.44274,-2.8285],[120.4462,-2.82736],[120.44816,-2.82618],[120.44854,-2.82529],[120.45044,-2.82569],[120.4496,-2.82524],[120.44965,-2.8243],[120.44874,-2.82336],[120.45034,-2.82225],[120.45316,-2.82316],[120.45557,-2.82094],[120.45615,-2.81876],[120.45894,-2.81529],[120.46192,-2.8143],[120.46295,-2.8154],[120.46674,-2.81183],[120.46679,-2.81119],[120.46592,-2.81084],[120.46615,-2.80841],[120.46801,-2.80809],[120.46922,-2.80641],[120.47298,-2.80644],[120.47813,-2.8028],[120.47994,-2.80066],[120.48089,-2.79635],[120.48158,-2.79569],[120.48057,-2.79176],[120.48187,-2.79141],[120.48276,-2.79286],[120.48399,-2.79314],[120.48506,-2.79195],[120.48539,-2.78999],[120.48968,-2.78845],[120.49016,-2.78647],[120.48681,-2.78551],[120.48664,-2.78486],[120.4888,-2.78278],[120.49069,-2.78253],[120.49165,-2.77993],[120.49269,-2.78139],[120.49301,-2.7805],[120.49796,-2.77919],[120.49965,-2.77599],[120.4997,-2.77393],[120.50178,-2.77294],[120.50448,-2.77316],[120.50405,-2.77514],[120.50482,-2.7756],[120.50646,-2.77447],[120.51123,-2.77317],[120.51403,-2.77092],[120.51574,-2.77099],[120.51919,-2.76918],[120.52214,-2.76937],[120.52328,-2.76716],[120.52735,-2.76687],[120.52738,-2.76474],[120.52927,-2.76628],[120.5307,-2.76152],[120.53169,-2.76035],[120.53197,-2.75744],[120.53533,-2.75802],[120.53628,-2.75619],[120.53741,-2.75551],[120.53853,-2.75151],[120.53742,-2.74845],[120.53784,-2.74773],[120.53922,-2.74792],[120.53977,-2.74713],[120.53836,-2.7455],[120.53966,-2.74042],[120.5392,-2.7391],[120.5434,-2.7357]]]}},
{"type":"Feature","properties":{"slug":"makassar","nama":"Kota Makassar","osm":"relation/11243159","pusat":[-5.136861028571427,119.4524775714286]},"geometry":{"type":"MultiPolygon","coordinates":[[[[119.44659,-5.18899],[119.45552,-5.19196],[119.45876,-5.191],[119.46102,-5.18539],[119.4637,-5.1755],[119.46884,-5.17777],[119.47564,-5.18321],[119.48348,-5.18636],[119.48409,-5.18656],[119.48431,-5.18601],[119.48655,-5.18676],[119.48665,-5.18872],[119.4911,-5.19121],[119.49528,-5.18938],[119.50268,-5.19115],[119.5158,-5.19186],[119.51613,-5.18872],[119.51544,-5.1877],[119.51693,-5.18527],[119.51643,-5.18428],[119.51679,-5.18313],[119.51508,-5.18128],[119.51368,-5.1811],[119.51401,-5.17929],[119.51227,-5.17826],[119.5128,-5.17791],[119.51201,-5.17713],[119.51301,-5.1768],[119.51522,-5.17368],[119.51545,-5.17091],[119.51794,-5.17056],[119.51918,-5.16971],[119.51837,-5.16828],[119.519,-5.16848],[119.51961,-5.16781],[119.51954,-5.16583],[119.51567,-5.16373],[119.51381,-5.16584],[119.51373,-5.16272],[119.51058,-5.16279],[119.50776,-5.16427],[119.50458,-5.16251],[119.50169,-5.16197],[119.49992,-5.15745],[119.49796,-5.1563],[119.49576,-5.15292],[119.49399,-5.15238],[119.49371,-5.1515],[119.49861,-5.15116],[119.50214,-5.14647],[119.50428,-5.14739],[119.50806,-5.15155],[119.509,-5.14801],[119.51081,-5.14671],[119.51478,-5.14818],[119.51702,-5.15108],[119.51844,-5.15096],[119.51875,-5.1495],[119.5202,-5.14968],[119.52044,-5.14845],[119.5221,-5.14729],[119.52123,-5.14556],[119.52158,-5.14403],[119.52296,-5.14357],[119.52384,-5.1412],[119.52546,-5.1394],[119.52686,-5.13893],[119.52704,-5.13785],[119.52781,-5.13778],[119.52747,-5.13643],[119.52868,-5.13288],[119.5309,-5.13234],[119.53228,-5.1312],[119.53766,-5.12431],[119.53826,-5.12256],[119.53966,-5.12204],[119.54099,-5.11656],[119.54338,-5.11157],[119.54118,-5.10977],[119.53983,-5.10959],[119.53927,-5.10816],[119.53904,-5.09831],[119.53807,-5.09635],[119.53781,-5.09381],[119.5388,-5.08937],[119.54126,-5.08582],[119.54167,-5.08406],[119.5396,-5.08266],[119.53964,-5.08154],[119.53661,-5.08121],[119.53601,-5.07921],[119.53696,-5.07684],[119.53499,-5.07437],[119.53283,-5.07298],[119.53317,-5.07203],[119.53186,-5.07046],[119.53149,-5.0684],[119.52816,-5.06624],[119.52814,-5.06441],[119.52075,-5.06403],[119.51893,-5.06293],[119.51555,-5.06268],[119.51419,-5.06517],[119.51398,-5.06822],[119.51246,-5.06801],[119.50902,-5.06922],[119.50791,-5.06863],[119.50764,-5.0676],[119.50528,-5.06793],[119.50484,-5.06747],[119.50188,-5.06951],[119.49976,-5.0687],[119.4975,-5.06676],[119.4961,-5.06764],[119.49527,-5.06722],[119.49502,-5.06535],[119.49583,-5.06417],[119.49495,-5.06342],[119.49398,-5.06412],[119.49399,-5.06554],[119.49259,-5.06534],[119.49317,-5.06687],[119.49054,-5.06565],[119.4904,-5.06406],[119.48829,-5.06324],[119.48799,-5.06365],[119.489,-5.06521],[119.48859,-5.06577],[119.48731,-5.06561],[119.4864,-5.06472],[119.48631,-5.06324],[119.48459,-5.06182],[119.48499,-5.06032],[119.48443,-5.05962],[119.47945,-5.05986],[119.47553,-5.06138],[119.47287,-5.06394],[119.47016,-5.064],[119.46957,-5.06778],[119.47002,-5.06802],[119.46832,-5.07288],[119.46572,-5.07751],[119.46113,-5.08279],[119.46157,-5.08352],[119.45896,-5.08286],[119.45784,-5.08412],[119.45695,-5.08388],[119.45233,-5.08521],[119.45095,-5.08634],[119.44983,-5.0859],[119.44836,-5.08658],[119.44868,-5.08796],[119.45042,-5.08953],[119.4506,-5.09332],[119.44965,-5.09511],[119.4498,-5.09646],[119.45125,-5.09824],[119.4517,-5.09795],[119.45285,-5.1002],[119.45389,-5.10011],[119.45184,-5.10184],[119.45171,-5.10307],[119.45093,-5.10375],[119.44822,-5.10198],[119.44755,-5.10239],[119.44792,-5.10141],[119.44589,-5.10117],[119.44571,-5.10047],[119.44295,-5.1015],[119.44293,-5.10224],[119.44141,-5.10235],[119.44112,-5.10148],[119.44054,-5.10182],[119.44002,-5.10293],[119.43808,-5.10362],[119.43857,-5.10457],[119.43737,-5.10559],[119.43558,-5.10109],[119.43429,-5.10189],[119.42298,-5.09643],[119.41644,-5.09363],[119.41603,-5.09392],[119.41461,-5.10339],[119.42406,-5.10474],[119.4291,-5.1004],[119.43004,-5.10091],[119.43041,-5.10042],[119.43302,-5.10154],[119.43367,-5.10408],[119.43311,-5.10382],[119.4331,-5.10244],[119.43256,-5.10246],[119.42528,-5.10719],[119.42665,-5.10638],[119.42741,-5.10708],[119.42841,-5.10645],[119.42873,-5.10698],[119.42774,-5.1076],[119.42851,-5.10735],[119.4283,-5.10832],[119.43122,-5.10648],[119.43167,-5.10724],[119.43126,-5.10786],[119.42783,-5.10937],[119.42819,-5.11035],[119.42649,-5.10911],[119.4265,-5.11023],[119.42573,-5.10943],[119.4247,-5.11047],[119.42434,-5.11019],[119.42446,-5.11075],[119.42157,-5.11173],[119.42057,-5.1102],[119.42408,-5.10758],[119.42189,-5.10924],[119.41918,-5.1101],[119.41889,-5.1116],[119.41527,-5.11236],[119.41394,-5.11168],[119.41317,-5.11223],[119.41279,-5.11133],[119.41288,-5.1123],[119.4103,-5.11229],[119.40935,-5.11374],[119.40672,-5.12568],[119.40801,-5.1254],[119.40782,-5.12623],[119.40754,-5.12681],[119.40581,-5.12684],[119.40122,-5.13399],[119.40221,-5.13302],[119.40347,-5.13326],[119.40443,-5.13247],[119.40406,-5.13385],[119.40323,-5.13386],[119.40407,-5.13484],[119.40362,-5.13651],[119.40414,-5.13636],[119.40491,-5.13858],[119.40582,-5.13916],[119.40854,-5.14681],[119.40735,-5.14826],[119.40535,-5.14807],[119.40437,-5.14718],[119.40533,-5.14484],[119.40489,-5.14213],[119.40395,-5.14057],[119.40227,-5.14165],[119.40187,-5.14137],[119.40212,-5.13932],[119.40009,-5.13922],[119.39891,-5.14015],[119.3997,-5.14043],[119.39959,-5.14125],[119.39765,-5.14027],[119.3966,-5.14164],[119.39608,-5.14396],[119.39664,-5.14587],[119.39587,-5.14591],[119.39282,-5.14901],[119.39415,-5.15056],[119.39529,-5.15044],[119.39434,-5.15235],[119.39499,-5.15398],[119.39257,-5.15539],[119.3919,-5.15499],[119.39114,-5.15543],[119.38968,-5.15376],[119.38767,-5.15618],[119.38918,-5.15929],[119.38743,-5.16038],[119.3878,-5.16315],[119.38707,-5.16367],[119.3876,-5.16376],[119.3875,-5.1662],[119.38689,-5.16792],[119.38577,-5.16779],[119.38567,-5.17086],[119.38715,-5.17092],[119.38724,-5.17149],[119.3874,-5.17859],[119.3866,-5.18406],[119.38321,-5.19077],[119.38256,-5.19132],[119.38113,-5.19122],[119.37889,-5.19488],[119.37797,-5.19501],[119.37973,-5.19526],[119.38047,-5.19758],[119.38047,-5.20006],[119.38004,-5.2],[119.38135,-5.20346],[119.3821,-5.20342],[119.3845,-5.20741],[119.3853,-5.215],[119.39165,-5.2173],[119.39423,-5.21656],[119.39901,-5.21987],[119.39795,-5.22344],[119.39739,-5.2225],[119.39612,-5.22258],[119.39625,-5.22363],[119.39687,-5.22377],[119.3963,-5.22636],[119.39723,-5.22712],[119.39723,-5.22843],[119.39796,-5.22922],[119.40639,-5.23242],[119.40675,-5.22614],[119.40364,-5.22015],[119.40724,-5.21393],[119.40791,-5.21026],[119.41069,-5.21012],[119.4113,-5.20789],[119.41083,-5.20502],[119.40985,-5.20328],[119.4075,-5.20315],[119.40497,-5.20045],[119.40228,-5.19929],[119.40028,-5.19916],[119.39757,-5.20006],[119.39677,-5.19932],[119.39682,-5.19798],[119.39508,-5.19887],[119.39312,-5.19863],[119.39089,-5.19691],[119.3906,-5.19324],[119.39626,-5.19226],[119.39737,-5.18868],[119.39653,-5.18719],[119.39731,-5.18627],[119.40088,-5.18714],[119.40394,-5.18605],[119.40727,-5.18604],[119.40883,-5.18678],[119.41034,-5.1859],[119.41303,-5.19099],[119.41631,-5.19282],[119.41847,-5.19534],[119.42157,-5.19516],[119.43242,-5.19004],[119.43442,-5.18982],[119.43693,-5.19054],[119.43959,-5.19234],[119.44072,-5.19087],[119.4409,-5.18858],[119.44475,-5.18867],[119.44539,-5.18802],[119.44681,-5.18849],[119.44659,-5.18899]]],[[[119.39341,-5.13901],[119.39422,-5.13764],[119.39063,-5.13551],[119.38928,-5.13092],[119.39046,-5.13621],[119.39006,-5.13691],[119.39341,-5.13901]]],[[[119.39272,-5.12819],[119.39272,-5.12814],[119.39273,-5.12808],[119.39291,-5.12773],[119.39327,-5.12699],[119.3936,-5.12633],[119.39411,-5.1253],[119.39437,-5.12481],[119.39449,-5.12459],[119.39467,-5.12431],[119.39495,-5.12386],[119.39506,-5.12368],[119.3952,-5.12345],[119.39534,-5.12321],[119.39536,-5.12316],[119.39546,-5.12294],[119.39568,-5.12249],[119.39573,-5.12227],[119.39581,-5.12211],[119.39591,-5.12195],[119.39591,-5.12182],[119.39593,-5.12172],[119.39606,-5.12147],[119.39621,-5.12114],[119.39649,-5.12058],[119.39657,-5.12042],[119.39663,-5.12025],[119.39672,-5.12014],[119.39678,-5.12006],[119.39679,-5.12],[119.39676,-5.11995],[119.39673,-5.11993],[119.39668,-5.11993],[119.3966,-5.11998],[119.39655,-5.12006],[119.39646,-5.12022],[119.39598,-5.12092],[119.3959,-5.12106],[119.39582,-5.12118],[119.39573,-5.12119],[119.39567,-5.12128],[119.39565,-5.12159],[119.39562,-5.12181],[119.39557,-5.12198],[119.39548,-5.1222],[119.39528,-5.12266],[119.39465,-5.12398],[119.39406,-5.12511],[119.39372,-5.12582],[119.39335,-5.12659],[119.3929,-5.12749],[119.39292,-5.1275],[119.39287,-5.12766],[119.39282,-5.12766],[119.39262,-5.128],[119.39251,-5.12821],[119.39247,-5.12828],[119.39247,-5.12834],[119.39249,-5.12839],[119.39252,-5.12842],[119.39257,-5.12843],[119.39265,-5.12841],[119.3927,-5.12838],[119.39272,-5.12836],[119.39274,-5.12832],[119.39274,-5.12826],[119.39272,-5.12819]]],[[[119.40143,-5.11382],[119.40057,-5.11354],[119.40009,-5.11468],[119.40143,-5.11382]]],[[[119.26387,-5.15171],[119.26274,-5.15307],[119.26515,-5.15077],[119.267,-5.14691],[119.26543,-5.14503],[119.26246,-5.14603],[119.26368,-5.14882],[119.26387,-5.15171]]],[[[119.2881,-5.10635],[119.28919,-5.10532],[119.28945,-5.10408],[119.28786,-5.10588],[119.2881,-5.10635]]],[[[119.32138,-5.08111],[119.32133,-5.07995],[119.32004,-5.07926],[119.31951,-5.08102],[119.31978,-5.08342],[119.32138,-5.08111]]],[[[119.32734,-5.04761],[119.32752,-5.05087],[119.32852,-5.05154],[119.3303,-5.05138],[119.33109,-5.04612],[119.32939,-5.04562],[119.32787,-5.04649],[119.32734,-5.04761]]],[[[119.278,-5.0372],[119.27815,-5.03585],[119.27645,-5.03638],[119.27689,-5.03719],[119.278,-5.0372]]],[[[119.09615,-5.03382],[119.09814,-5.03138],[119.096,-5.03022],[119.09322,-5.03008],[119.09114,-5.03158],[119.09235,-5.03379],[119.09615,-5.03382]]],[[[119.34419,-5.12548],[119.34387,-5.12479],[119.34276,-5.12489],[119.3434,-5.12636],[119.34419,-5.12548]]],[[[119.46652,-5.05829],[119.46553,-5.05921],[119.46324,-5.05702],[119.46539,-5.05934],[119.46442,-5.06023],[119.4658,-5.06151],[119.46667,-5.06071],[119.46729,-5.06138],[119.46814,-5.06003],[119.46652,-5.05829]]],[[[119.07461,-4.98138],[119.07576,-4.98146],[119.07738,-4.98031],[119.07969,-4.9772],[119.07844,-4.97826],[119.07434,-4.9793],[119.07382,-4.98015],[119.07461,-4.98138]]],[[[119.21518,-4.97688],[119.21555,-4.97555],[119.21499,-4.97503],[119.21367,-4.9768],[119.21518,-4.97688]]]]}},
{"type":"Feature","properties":{"slug":"maros","nama":"Kabupaten Maros","osm":"relation/12350745","pusat":[-4.984025734375002,119.68584984374998]},"geometry":{"type":"Polygon","coordinates":[[[119.86461,-5.09175],[119.8623,-5.10183],[119.86009,-5.10538],[119.85693,-5.11352],[119.85914,-5.11639],[119.86942,-5.12279],[119.86955,-5.12541],[119.86895,-5.12687],[119.86517,-5.13144],[119.86543,-5.13505],[119.86131,-5.13854],[119.86077,-5.14065],[119.85861,-5.14193],[119.85631,-5.14785],[119.85644,-5.15046],[119.8576,-5.1504],[119.86191,-5.15371],[119.86363,-5.15781],[119.86313,-5.16269],[119.8594,-5.16839],[119.85554,-5.17249],[119.84871,-5.1787],[119.84704,-5.17788],[119.84534,-5.18011],[119.84463,-5.18297],[119.83716,-5.1913],[119.83399,-5.19399],[119.83097,-5.1956],[119.83004,-5.1952],[119.82641,-5.19606],[119.82488,-5.19819],[119.8238,-5.19825],[119.81636,-5.20547],[119.80618,-5.20541],[119.80205,-5.21069],[119.79877,-5.21162],[119.79405,-5.20961],[119.78971,-5.21088],[119.78578,-5.20796],[119.78123,-5.20942],[119.779,-5.20781],[119.77556,-5.20756],[119.77429,-5.20568],[119.77476,-5.20498],[119.77356,-5.20002],[119.76984,-5.19819],[119.7672,-5.19367],[119.76328,-5.18991],[119.75039,-5.18606],[119.74342,-5.18264],[119.731,-5.18267],[119.72773,-5.18368],[119.71956,-5.18273],[119.71136,-5.17845],[119.70718,-5.17785],[119.7054,-5.17578],[119.7009,-5.17428],[119.69367,-5.1698],[119.68972,-5.17011],[119.68739,-5.16776],[119.68325,-5.16613],[119.66619,-5.16759],[119.65465,-5.16734],[119.64911,-5.17248],[119.64724,-5.17865],[119.63784,-5.17684],[119.63671,-5.17477],[119.6231,-5.16188],[119.6213,-5.16093],[119.61286,-5.15903],[119.60606,-5.15885],[119.60564,-5.15522],[119.60405,-5.15412],[119.60077,-5.15368],[119.5993,-5.15759],[119.59614,-5.15979],[119.58568,-5.15764],[119.5796,-5.15761],[119.57921,-5.16041],[119.57497,-5.16311],[119.57101,-5.16869],[119.5691,-5.16922],[119.56671,-5.17312],[119.56576,-5.17256],[119.56652,-5.17162],[119.56572,-5.17114],[119.56532,-5.17277],[119.56423,-5.17182],[119.56433,-5.17288],[119.5638,-5.17301],[119.56365,-5.17224],[119.56299,-5.17251],[119.56284,-5.17071],[119.56192,-5.17137],[119.56165,-5.17019],[119.56108,-5.17059],[119.56035,-5.1701],[119.56105,-5.16872],[119.56008,-5.16829],[119.56043,-5.16762],[119.55864,-5.16853],[119.55802,-5.16802],[119.55826,-5.16722],[119.5574,-5.16726],[119.55662,-5.16607],[119.55457,-5.16596],[119.55338,-5.16513],[119.55386,-5.16409],[119.55483,-5.16375],[119.5543,-5.16222],[119.5533,-5.16278],[119.55245,-5.16129],[119.55107,-5.16142],[119.54962,-5.15986],[119.54747,-5.15946],[119.54621,-5.15986],[119.54567,-5.161],[119.54576,-5.16337],[119.54364,-5.16455],[119.54072,-5.16565],[119.53924,-5.16401],[119.53608,-5.16618],[119.53188,-5.16562],[119.53095,-5.16726],[119.5292,-5.16702],[119.5291,-5.16615],[119.52548,-5.16395],[119.52324,-5.16406],[119.52292,-5.16309],[119.51962,-5.1638],[119.51839,-5.16504],[119.51539,-5.16376],[119.514,-5.16589],[119.51373,-5.16272],[119.51058,-5.16279],[119.50776,-5.16427],[119.50458,-5.16251],[119.50169,-5.16197],[119.49992,-5.15745],[119.49796,-5.1563],[119.49576,-5.15292],[119.49399,-5.15238],[119.49377,-5.15118],[119.49825,-5.15136],[119.50214,-5.14647],[119.50428,-5.14739],[119.50806,-5.15155],[119.509,-5.14801],[119.51081,-5.14671],[119.51478,-5.14818],[119.51702,-5.15108],[119.51844,-5.15096],[119.51875,-5.1495],[119.5202,-5.14968],[119.52044,-5.14845],[119.5221,-5.14729],[119.52123,-5.14556],[119.52158,-5.14403],[119.52296,-5.14357],[119.52384,-5.1412],[119.52546,-5.1394],[119.52686,-5.13893],[119.52704,-5.13785],[119.52781,-5.13778],[119.52747,-5.13643],[119.52868,-5.13288],[119.5309,-5.13234],[119.53228,-5.1312],[119.53766,-5.12431],[119.53826,-5.12256],[119.53966,-5.12204],[119.54099,-5.11656],[119.54338,-5.11157],[119.54118,-5.10977],[119.53983,-5.10959],[119.53927,-5.10816],[119.53904,-5.09831],[119.53807,-5.09635],[119.53781,-5.09381],[119.5388,-5.08937],[119.54126,-5.08582],[119.54167,-5.08406],[119.5396,-5.08266],[119.53964,-5.08154],[119.53661,-5.08121],[119.53601,-5.07921],[119.53696,-5.07684],[119.53499,-5.07437],[119.53283,-5.07298],[119.53317,-5.07203],[119.53186,-5.07046],[119.53149,-5.0684],[119.52816,-5.06624],[119.52806,-5.06436],[119.52075,-5.06403],[119.51893,-5.06293],[119.51555,-5.06268],[119.51419,-5.06517],[119.51398,-5.06822],[119.51246,-5.06801],[119.50902,-5.06922],[119.50791,-5.06863],[119.50764,-5.0676],[119.50528,-5.06793],[119.50484,-5.06747],[119.50188,-5.06951],[119.49976,-5.0687],[119.4975,-5.06676],[119.4961,-5.06764],[119.49527,-5.06722],[119.49502,-5.06535],[119.49583,-5.06417],[119.49495,-5.06342],[119.49398,-5.06412],[119.49399,-5.06554],[119.49259,-5.06534],[119.49325,-5.06673],[119.49254,-5.06687],[119.49054,-5.06565],[119.4904,-5.06406],[119.48829,-5.06324],[119.48813,-5.06395],[119.48903,-5.06477],[119.48877,-5.06565],[119.48667,-5.06512],[119.48631,-5.06324],[119.48459,-5.06182],[119.48489,-5.0598],[119.4836,-5.05949],[119.4818,-5.06014],[119.47741,-5.05926],[119.47771,-5.04422],[119.47624,-5.03721],[119.47652,-5.03444],[119.47801,-5.03318],[119.47456,-5.03237],[119.47479,-5.03091],[119.47399,-5.03248],[119.47243,-5.0317],[119.46995,-5.03432],[119.46866,-5.03459],[119.46691,-5.03213],[119.46725,-5.02832],[119.46663,-5.02583],[119.46971,-5.02494],[119.47285,-5.01637],[119.47458,-5.014],[119.47613,-5.01318],[119.47539,-5.01043],[119.47686,-5.00452],[119.47705,-4.99943],[119.47805,-4.99898],[119.47805,-4.99841],[119.47662,-4.99768],[119.47719,-4.9953],[119.47672,-4.99403],[119.47892,-4.99284],[119.47972,-4.99145],[119.47834,-4.98974],[119.47975,-4.98838],[119.483,-4.98752],[119.48489,-4.98487],[119.48779,-4.98253],[119.48941,-4.98243],[119.49031,-4.98336],[119.49195,-4.98261],[119.49183,-4.98018],[119.49293,-4.97781],[119.4972,-4.97053],[119.49849,-4.96719],[119.49998,-4.96638],[119.50028,-4.96182],[119.50091,-4.96053],[119.50224,-4.95965],[119.50216,-4.95733],[119.50328,-4.95513],[119.50946,-4.94717],[119.5111,-4.94611],[119.51401,-4.94616],[119.51522,-4.94541],[119.51611,-4.94331],[119.51955,-4.93942],[119.52209,-4.93121],[119.52183,-4.93055],[119.52236,-4.92914],[119.52297,-4.92935],[119.52347,-4.92735],[119.52296,-4.92697],[119.52514,-4.92373],[119.5239,-4.92194],[119.52465,-4.92184],[119.52388,-4.91961],[119.52404,-4.91518],[119.52241,-4.90835],[119.5218,-4.90796],[119.52222,-4.90782],[119.52184,-4.90629],[119.52125,-4.90632],[119.52093,-4.90417],[119.51902,-4.90049],[119.51331,-4.89299],[119.51287,-4.89035],[119.51427,-4.8868],[119.51701,-4.88375],[119.51894,-4.88378],[119.5199,-4.88277],[119.52242,-4.88434],[119.52555,-4.88521],[119.52699,-4.88665],[119.52777,-4.89257],[119.5285,-4.89369],[119.52991,-4.89425],[119.53181,-4.89393],[119.53444,-4.89184],[119.53662,-4.89109],[119.53867,-4.89117],[119.54179,-4.89283],[119.54393,-4.89297],[119.54627,-4.89168],[119.54952,-4.8927],[119.55085,-4.89254],[119.55356,-4.89011],[119.5543,-4.8903],[119.55609,-4.89334],[119.55729,-4.89377],[119.56202,-4.89206],[119.56314,-4.8922],[119.56463,-4.89384],[119.56644,-4.89818],[119.5712,-4.89729],[119.5735,-4.89793],[119.5737,-4.89955],[119.57127,-4.89876],[119.57012,-4.89971],[119.5699,-4.902],[119.57412,-4.90473],[119.57553,-4.90481],[119.57698,-4.90368],[119.576,-4.89985],[119.57856,-4.89831],[119.57945,-4.89824],[119.58025,-4.89967],[119.57875,-4.90306],[119.57933,-4.90474],[119.58044,-4.90511],[119.58503,-4.90364],[119.58596,-4.9024],[119.58634,-4.89666],[119.58743,-4.89562],[119.59048,-4.89601],[119.59135,-4.89661],[119.59031,-4.89936],[119.59162,-4.9012],[119.59377,-4.90269],[119.59443,-4.90462],[119.59713,-4.90548],[119.59835,-4.90487],[119.59879,-4.90378],[119.59625,-4.90277],[119.59559,-4.9011],[119.59618,-4.90046],[119.59855,-4.90162],[119.6002,-4.9012],[119.60001,-4.89973],[119.59739,-4.89843],[119.60365,-4.89499],[119.60339,-4.89421],[119.60102,-4.89427],[119.59969,-4.89261],[119.60052,-4.89195],[119.60197,-4.89361],[119.60334,-4.89227],[119.60337,-4.89142],[119.60213,-4.89024],[119.60338,-4.88708],[119.60404,-4.88713],[119.60344,-4.88931],[119.60382,-4.89004],[119.60501,-4.88934],[119.60666,-4.88979],[119.60728,-4.88867],[119.60948,-4.89009],[119.61044,-4.88907],[119.6113,-4.88943],[119.6109,-4.88821],[119.61199,-4.88799],[119.61235,-4.88902],[119.61968,-4.89368],[119.62825,-4.90237],[119.62743,-4.90429],[119.6285,-4.9058],[119.63342,-4.90874],[119.63517,-4.90811],[119.63795,-4.90842],[119.64097,-4.91026],[119.64071,-4.91601],[119.64147,-4.9173],[119.64504,-4.92015],[119.64794,-4.92124],[119.65107,-4.92412],[119.65646,-4.92214],[119.66023,-4.9225],[119.66419,-4.92749],[119.6676,-4.92924],[119.6701,-4.93245],[119.66849,-4.93906],[119.66952,-4.94596],[119.66843,-4.9479],[119.6667,-4.94888],[119.66876,-4.95065],[119.67386,-4.95264],[119.68019,-4.95217],[119.68565,-4.94845],[119.68859,-4.94848],[119.7002,-4.94459],[119.70984,-4.94425],[119.7153,-4.94233],[119.72237,-4.94107],[119.73146,-4.93685],[119.73751,-4.93595],[119.74099,-4.93229],[119.74515,-4.92921],[119.74681,-4.92898],[119.74925,-4.92962],[119.7504,-4.93132],[119.75914,-4.93741],[119.76931,-4.94201],[119.77399,-4.94323],[119.77665,-4.94141],[119.7797,-4.93738],[119.78114,-4.93076],[119.78718,-4.92588],[119.79021,-4.92719],[119.79865,-4.92484],[119.80182,-4.92598],[119.80279,-4.92555],[119.80401,-4.92352],[119.80212,-4.91965],[119.80135,-4.91473],[119.8015,-4.91114],[119.8024,-4.90958],[119.80051,-4.90768],[119.79938,-4.90438],[119.80021,-4.90289],[119.80165,-4.90225],[119.80165,-4.89917],[119.80275,-4.89602],[119.80397,-4.89491],[119.80496,-4.89062],[119.80506,-4.88527],[119.80232,-4.88223],[119.79811,-4.87541],[119.79766,-4.87379],[119.79837,-4.87148],[119.79421,-4.8681],[119.79416,-4.86643],[119.79433,-4.86509],[119.7997,-4.85812],[119.79989,-4.85643],[119.80112,-4.85517],[119.80242,-4.84482],[119.80354,-4.84283],[119.80543,-4.84168],[119.80472,-4.82947],[119.80588,-4.82656],[119.81018,-4.8236],[119.81084,-4.82186],[119.81037,-4.81876],[119.80657,-4.81008],[119.80672,-4.80816],[119.81097,-4.80005],[119.8138,-4.79253],[119.81383,-4.79159],[119.81119,-4.78879],[119.81136,-4.78338],[119.81475,-4.77893],[119.81428,-4.77713],[119.81267,-4.77489],[119.81174,-4.76783],[119.8123,-4.76413],[119.81344,-4.76216],[119.81698,-4.75765],[119.82337,-4.75231],[119.82932,-4.74912],[119.83638,-4.74925],[119.83882,-4.74698],[119.84058,-4.74401],[119.8429,-4.74279],[119.84766,-4.74371],[119.85414,-4.74335],[119.86091,-4.75273],[119.86366,-4.75286],[119.86625,-4.74844],[119.86911,-4.73909],[119.8705,-4.73838],[119.87188,-4.73441],[119.87464,-4.73156],[119.87816,-4.73022],[119.87986,-4.72842],[119.87977,-4.7262],[119.88063,-4.72365],[119.88207,-4.7223],[119.88348,-4.71909],[119.89009,-4.72482],[119.89651,-4.72643],[119.89807,-4.72737],[119.89889,-4.72927],[119.90094,-4.73138],[119.90686,-4.73193],[119.91057,-4.73157],[119.91951,-4.73956],[119.92312,-4.74476],[119.9241,-4.74886],[119.93031,-4.75392],[119.93139,-4.75387],[119.93113,-4.7549],[119.93391,-4.75569],[119.93626,-4.75807],[119.93883,-4.75775],[119.94018,-4.75897],[119.94117,-4.75849],[119.94269,-4.75963],[119.94475,-4.75956],[119.94546,-4.76047],[119.94767,-4.7608],[119.95369,-4.76601],[119.96777,-4.77408],[119.97136,-4.77891],[119.97448,-4.77955],[119.97593,-4.78091],[119.9736,-4.78449],[119.97234,-4.78508],[119.97169,-4.78642],[119.9688,-4.78898],[119.96531,-4.78936],[119.96327,-4.79053],[119.96132,-4.79023],[119.95695,-4.79233],[119.95248,-4.79329],[119.95089,-4.7946],[119.95033,-4.79661],[119.94753,-4.8001],[119.94457,-4.80769],[119.94423,-4.81216],[119.9467,-4.81711],[119.94677,-4.8188],[119.94388,-4.82318],[119.94338,-4.82582],[119.94411,-4.82712],[119.94241,-4.82935],[119.94094,-4.8364],[119.93671,-4.84313],[119.935,-4.84339],[119.9336,-4.84503],[119.93083,-4.84636],[119.92414,-4.85576],[119.91759,-4.86694],[119.92375,-4.87082],[119.93293,-4.87474],[119.93473,-4.88295],[119.9335,-4.88499],[119.93425,-4.8867],[119.93188,-4.88867],[119.93271,-4.89065],[119.93046,-4.89106],[119.92918,-4.89389],[119.92505,-4.89465],[119.92427,-4.89991],[119.92088,-4.90162],[119.91977,-4.90411],[119.91727,-4.90573],[119.91728,-4.90737],[119.91262,-4.90702],[119.91204,-4.90768],[119.91203,-4.90938],[119.90949,-4.90911],[119.90855,-4.90966],[119.90702,-4.91378],[119.90458,-4.91186],[119.90316,-4.91153],[119.90268,-4.9125],[119.90339,-4.91483],[119.90162,-4.9165],[119.90073,-4.91687],[119.89802,-4.91603],[119.89742,-4.91663],[119.89763,-4.91769],[119.89942,-4.91868],[119.89952,-4.91936],[119.89618,-4.92128],[119.89638,-4.92335],[119.89487,-4.92763],[119.89468,-4.93064],[119.89497,-4.93102],[119.89634,-4.93001],[119.897,-4.93018],[119.89841,-4.93372],[119.89592,-4.93603],[119.89498,-4.93831],[119.89572,-4.93937],[119.9006,-4.93973],[119.90113,-4.94054],[119.90045,-4.943],[119.89765,-4.94247],[119.89635,-4.94486],[119.89509,-4.94381],[119.89474,-4.94509],[119.89362,-4.94421],[119.8919,-4.94544],[119.89256,-4.94751],[119.88948,-4.9509],[119.88953,-4.95229],[119.8903,-4.95306],[119.88559,-4.95901],[119.88677,-4.96007],[119.88676,-4.96141],[119.88578,-4.96243],[119.88432,-4.9622],[119.88503,-4.96346],[119.88421,-4.96423],[119.88624,-4.9661],[119.88922,-4.97825],[119.88416,-4.9927],[119.8848,-4.99839],[119.88276,-5.00716],[119.87628,-5.01447],[119.87156,-5.0218],[119.86255,-5.02894],[119.85673,-5.03263],[119.84564,-5.04591],[119.8448,-5.05023],[119.84525,-5.05602],[119.847,-5.06036],[119.84873,-5.06217],[119.85159,-5.06352],[119.8535,-5.06812],[119.85618,-5.07852],[119.86084,-5.08924],[119.86288,-5.09177],[119.86461,-5.09175]]]}},
{"type":"Feature","properties":{"slug":"palopo","nama":"Kota Palopo","osm":"relation/14752329","pusat":[-2.964406519999999,120.16920480000002]},"geometry":{"type":"Polygon","coordinates":[[[120.12992,-2.90583],[120.13189,-2.90478],[120.13414,-2.90502],[120.13617,-2.90319],[120.14001,-2.90289],[120.14132,-2.8986],[120.14276,-2.89672],[120.14662,-2.89714],[120.14837,-2.89533],[120.15065,-2.89523],[120.15143,-2.89336],[120.15379,-2.89258],[120.15534,-2.89101],[120.15714,-2.89064],[120.15906,-2.88921],[120.16173,-2.88819],[120.16559,-2.88844],[120.17115,-2.88634],[120.17218,-2.88679],[120.17306,-2.88848],[120.17457,-2.88911],[120.17746,-2.88725],[120.17794,-2.88973],[120.17928,-2.8916],[120.18213,-2.88984],[120.18254,-2.89083],[120.18619,-2.8902],[120.19931,-2.89012],[120.20985,-2.89464],[120.21147,-2.89455],[120.21359,-2.89654],[120.21618,-2.89571],[120.21798,-2.89804],[120.21989,-2.89837],[120.22008,-2.89958],[120.21908,-2.9007],[120.22145,-2.90315],[120.2167,-2.90217],[120.21655,-2.90295],[120.21742,-2.90344],[120.21726,-2.9067],[120.21819,-2.9073],[120.21569,-2.91207],[120.21662,-2.91388],[120.21601,-2.91493],[120.21824,-2.9212],[120.21961,-2.92147],[120.21884,-2.92368],[120.22085,-2.92379],[120.2208,-2.92473],[120.22177,-2.92581],[120.22087,-2.92635],[120.22143,-2.92695],[120.22298,-2.9268],[120.22332,-2.92471],[120.22443,-2.92754],[120.22669,-2.92674],[120.22636,-2.92867],[120.2256,-2.92935],[120.22687,-2.92951],[120.22866,-2.93244],[120.22626,-2.93258],[120.22813,-2.93393],[120.23049,-2.9341],[120.22944,-2.93481],[120.22969,-2.93584],[120.2315,-2.93738],[120.23092,-2.93806],[120.23285,-2.9397],[120.23037,-2.94043],[120.22951,-2.93934],[120.22685,-2.93958],[120.2267,-2.9406],[120.22873,-2.94261],[120.22602,-2.94172],[120.22478,-2.94279],[120.22579,-2.94294],[120.22623,-2.94371],[120.22428,-2.94556],[120.22414,-2.94683],[120.22728,-2.94842],[120.22727,-2.95031],[120.2296,-2.95244],[120.22677,-2.95605],[120.22518,-2.95624],[120.22244,-2.9545],[120.21491,-2.95695],[120.21373,-2.95678],[120.21306,-2.95541],[120.21161,-2.95637],[120.21097,-2.95465],[120.2091,-2.95676],[120.20772,-2.95604],[120.2061,-2.95739],[120.20432,-2.95726],[120.20167,-2.95807],[120.19942,-2.95722],[120.19837,-2.95908],[120.19854,-2.96065],[120.19658,-2.96056],[120.19583,-2.96144],[120.19266,-2.96189],[120.18911,-2.96852],[120.18958,-2.97506],[120.19483,-2.98084],[120.19566,-2.98045],[120.19744,-2.98106],[120.19733,-2.9831],[120.20108,-2.98362],[120.20347,-2.98607],[120.21032,-2.98352],[120.2104,-2.98404],[120.20373,-2.98627],[120.20566,-2.99004],[120.20909,-2.98753],[120.20942,-2.98796],[120.21049,-2.98734],[120.2095,-2.98799],[120.21066,-2.9883],[120.20881,-2.98855],[120.20596,-2.99054],[120.2054,-2.99179],[120.20685,-2.99295],[120.20784,-2.9919],[120.20919,-2.99286],[120.20905,-2.99354],[120.21002,-2.99386],[120.21248,-2.99362],[120.21315,-2.99532],[120.20993,-2.99774],[120.21024,-2.99864],[120.21297,-2.99876],[120.21724,-3.00168],[120.21781,-3.0044],[120.21914,-3.00475],[120.22119,-3.00708],[120.22186,-3.00954],[120.22129,-3.01395],[120.22314,-3.01809],[120.22244,-3.02226],[120.22462,-3.02573],[120.22547,-3.02881],[120.22687,-3.03014],[120.22643,-3.03315],[120.22848,-3.04057],[120.22949,-3.04171],[120.22982,-3.04341],[120.23301,-3.0476],[120.23013,-3.04943],[120.23023,-3.05258],[120.22857,-3.05602],[120.22338,-3.0605],[120.2207,-3.06163],[120.21722,-3.06737],[120.21246,-3.06664],[120.20879,-3.06742],[120.20117,-3.06322],[120.19495,-3.06255],[120.18943,-3.06065],[120.18578,-3.06105],[120.18186,-3.06971],[120.17877,-3.0684],[120.17531,-3.06979],[120.17306,-3.06898],[120.17224,-3.06962],[120.17021,-3.06973],[120.16411,-3.06862],[120.16207,-3.06922],[120.15913,-3.07162],[120.15699,-3.0717],[120.1565,-3.07054],[120.15378,-3.07035],[120.15004,-3.07339],[120.14844,-3.08102],[120.14314,-3.08445],[120.13844,-3.0849],[120.13646,-3.08357],[120.13228,-3.07768],[120.1243,-3.06846],[120.12069,-3.06745],[120.11704,-3.06191],[120.11547,-3.05712],[120.11121,-3.054],[120.10072,-3.04825],[120.09585,-3.04135],[120.09475,-3.03621],[120.09209,-3.03094],[120.09084,-3.02993],[120.08466,-3.03179],[120.08344,-3.02726],[120.08653,-3.02198],[120.08288,-3.01264],[120.08572,-3.00784],[120.08494,-3.00531],[120.07203,-3.00098],[120.07027,-2.99897],[120.06932,-2.9964],[120.0646,-2.99331],[120.0625,-2.9898],[120.05499,-2.98234],[120.05265,-2.98108],[120.05583,-2.97611],[120.05355,-2.96732],[120.04744,-2.95594],[120.048,-2.9541],[120.04952,-2.95343],[120.05053,-2.95409],[120.05147,-2.95084],[120.05641,-2.94668],[120.06104,-2.94651],[120.06778,-2.9388],[120.06889,-2.93653],[120.07289,-2.93427],[120.07365,-2.93302],[120.07671,-2.93343],[120.07817,-2.93126],[120.08085,-2.93049],[120.08324,-2.93164],[120.08398,-2.93159],[120.08457,-2.93014],[120.08579,-2.93055],[120.08764,-2.92702],[120.08728,-2.92559],[120.08949,-2.92529],[120.0916,-2.92051],[120.09296,-2.92061],[120.0929,-2.91906],[120.09423,-2.91894],[120.09401,-2.91751],[120.09563,-2.91789],[120.09665,-2.91724],[120.09856,-2.91859],[120.0992,-2.91703],[120.10222,-2.9171],[120.10358,-2.91555],[120.10679,-2.91445],[120.10927,-2.91456],[120.11027,-2.91316],[120.10977,-2.91181],[120.11295,-2.91252],[120.11415,-2.91099],[120.11624,-2.9101],[120.11711,-2.91082],[120.12116,-2.91133],[120.12169,-2.91215],[120.12299,-2.91202],[120.12575,-2.91015],[120.12755,-2.90774],[120.12936,-2.90711],[120.12992,-2.90583]]]}},
{"type":"Feature","properties":{"slug":"pangkep","nama":"Kabupaten Pangkajene dan Kepulauan","osm":"relation/13246111","pusat":[-4.787267133757962,119.63149040339701]},"geometry":{"type":"MultiPolygon","coordinates":[[[[119.59327,-4.55653],[119.59663,-4.55607],[119.60113,-4.55862],[119.60412,-4.5566],[119.60561,-4.55706],[119.60715,-4.55895],[119.60981,-4.5595],[119.61203,-4.56168],[119.61529,-4.56289],[119.61606,-4.56257],[119.61549,-4.56385],[119.61914,-4.56578],[119.619,-4.56773],[119.61779,-4.56955],[119.62322,-4.57341],[119.62472,-4.57339],[119.62565,-4.57529],[119.62582,-4.5779],[119.62679,-4.57905],[119.62679,-4.58072],[119.62888,-4.58113],[119.62917,-4.58427],[119.63105,-4.58456],[119.63192,-4.58832],[119.63074,-4.58943],[119.63041,-4.59184],[119.63218,-4.59717],[119.63223,-4.60001],[119.63502,-4.602],[119.63508,-4.60506],[119.63788,-4.60989],[119.63744,-4.61257],[119.63558,-4.6141],[119.63517,-4.61734],[119.63922,-4.62239],[119.63996,-4.62558],[119.63966,-4.62733],[119.64269,-4.6305],[119.64377,-4.63358],[119.64583,-4.6355],[119.64594,-4.6374],[119.6476,-4.63815],[119.64909,-4.64165],[119.65131,-4.64189],[119.65378,-4.64129],[119.65548,-4.64355],[119.65627,-4.64376],[119.65871,-4.64779],[119.66139,-4.64995],[119.66301,-4.65007],[119.66529,-4.65175],[119.6668,-4.65407],[119.66649,-4.65803],[119.66394,-4.66072],[119.66293,-4.66286],[119.66084,-4.66945],[119.66021,-4.66943],[119.65989,-4.67211],[119.65676,-4.67342],[119.65541,-4.67821],[119.65794,-4.68086],[119.65863,-4.6842],[119.65838,-4.69187],[119.65901,-4.69376],[119.66099,-4.69587],[119.66,-4.6975],[119.66066,-4.69929],[119.65986,-4.70097],[119.6602,-4.70251],[119.65809,-4.70402],[119.65735,-4.70548],[119.65586,-4.70569],[119.65486,-4.7073],[119.65652,-4.70968],[119.65448,-4.71617],[119.6555,-4.71828],[119.65647,-4.71814],[119.65785,-4.71907],[119.65837,-4.72115],[119.65989,-4.72201],[119.65967,-4.72449],[119.66113,-4.72629],[119.66145,-4.72573],[119.66068,-4.72388],[119.66264,-4.72372],[119.66308,-4.72149],[119.6673,-4.7191],[119.66875,-4.72058],[119.6742,-4.72084],[119.67605,-4.7192],[119.67759,-4.71917],[119.67912,-4.71811],[119.68021,-4.71818],[119.68161,-4.71946],[119.68454,-4.71751],[119.68518,-4.71793],[119.68515,-4.71979],[119.68835,-4.71903],[119.68958,-4.72026],[119.69161,-4.7208],[119.69094,-4.72248],[119.69163,-4.72349],[119.69237,-4.72847],[119.6912,-4.73097],[119.6911,-4.7332],[119.69256,-4.7363],[119.6894,-4.74132],[119.6905,-4.74252],[119.69132,-4.74629],[119.69321,-4.75011],[119.69482,-4.75152],[119.69604,-4.75659],[119.69303,-4.75866],[119.68769,-4.75913],[119.68774,-4.76137],[119.68651,-4.76167],[119.68596,-4.76304],[119.68439,-4.76372],[119.68342,-4.76656],[119.68094,-4.76896],[119.68294,-4.77183],[119.68528,-4.77316],[119.68795,-4.77314],[119.68978,-4.77441],[119.69066,-4.77829],[119.69011,-4.78043],[119.69144,-4.78289],[119.69625,-4.78733],[119.69591,-4.79236],[119.69722,-4.79768],[119.70032,-4.80224],[119.70482,-4.80464],[119.71236,-4.81096],[119.71321,-4.81378],[119.71494,-4.81541],[119.7155,-4.8177],[119.71934,-4.81976],[119.72009,-4.82126],[119.72096,-4.82166],[119.72492,-4.8193],[119.72519,-4.81802],[119.72712,-4.81581],[119.72744,-4.81232],[119.72506,-4.81044],[119.72563,-4.80946],[119.72859,-4.80958],[119.7299,-4.80843],[119.73293,-4.80889],[119.73438,-4.80754],[119.73593,-4.8077],[119.73992,-4.80354],[119.7434,-4.80438],[119.74469,-4.80536],[119.74452,-4.8068],[119.74515,-4.80729],[119.7471,-4.8055],[119.74712,-4.80422],[119.74812,-4.8046],[119.75,-4.80381],[119.75509,-4.80359],[119.75687,-4.80398],[119.76105,-4.80588],[119.76296,-4.80782],[119.76237,-4.81185],[119.76278,-4.81325],[119.76364,-4.81493],[119.76434,-4.81483],[119.76503,-4.81344],[119.76615,-4.81517],[119.76452,-4.8186],[119.76637,-4.82454],[119.76981,-4.82316],[119.77078,-4.82121],[119.77234,-4.82164],[119.77335,-4.81888],[119.77744,-4.81744],[119.77792,-4.81596],[119.77741,-4.81459],[119.78071,-4.81243],[119.78446,-4.80653],[119.78582,-4.80668],[119.78874,-4.809],[119.79222,-4.80809],[119.79899,-4.80951],[119.80667,-4.80884],[119.8081,-4.81451],[119.81037,-4.81876],[119.81084,-4.82186],[119.81018,-4.8236],[119.80588,-4.82656],[119.80472,-4.82947],[119.80543,-4.84168],[119.80354,-4.84283],[119.80242,-4.84482],[119.80112,-4.85517],[119.79989,-4.85643],[119.7997,-4.85812],[119.79433,-4.86509],[119.79416,-4.86643],[119.79421,-4.8681],[119.79837,-4.87148],[119.79766,-4.87379],[119.79811,-4.87541],[119.80232,-4.88223],[119.80506,-4.88527],[119.80496,-4.89062],[119.80397,-4.89491],[119.80275,-4.89602],[119.80165,-4.89917],[119.80165,-4.90225],[119.80021,-4.90289],[119.79938,-4.90438],[119.80051,-4.90768],[119.8024,-4.90958],[119.8015,-4.91114],[119.80135,-4.91473],[119.80212,-4.91965],[119.80401,-4.92352],[119.80279,-4.92555],[119.80182,-4.92598],[119.79865,-4.92484],[119.79021,-4.92719],[119.78718,-4.92588],[119.78114,-4.93076],[119.7797,-4.93738],[119.77665,-4.94141],[119.77399,-4.94323],[119.76931,-4.94201],[119.75914,-4.93741],[119.7504,-4.93132],[119.74925,-4.92962],[119.74681,-4.92898],[119.74515,-4.92921],[119.74099,-4.93229],[119.73751,-4.93595],[119.73146,-4.93685],[119.72237,-4.94107],[119.7153,-4.94233],[119.70984,-4.94425],[119.7002,-4.94459],[119.68859,-4.94848],[119.68565,-4.94845],[119.68019,-4.95217],[119.67386,-4.95264],[119.66876,-4.95065],[119.6667,-4.94888],[119.66843,-4.9479],[119.66952,-4.94596],[119.66849,-4.93906],[119.6701,-4.93245],[119.6676,-4.92924],[119.66419,-4.92749],[119.66023,-4.9225],[119.65646,-4.92214],[119.65107,-4.92412],[119.64794,-4.92124],[119.64504,-4.92015],[119.64147,-4.9173],[119.64071,-4.91601],[119.64097,-4.91026],[119.63795,-4.90842],[119.63517,-4.90811],[119.63342,-4.90874],[119.6285,-4.9058],[119.62743,-4.90429],[119.62825,-4.90237],[119.61968,-4.89368],[119.61235,-4.88902],[119.61199,-4.88799],[119.6109,-4.88821],[119.6113,-4.88943],[119.61044,-4.88907],[119.60948,-4.89009],[119.60728,-4.88867],[119.60666,-4.88979],[119.60501,-4.88934],[119.60382,-4.89004],[119.60344,-4.88931],[119.60404,-4.88713],[119.60338,-4.88708],[119.60213,-4.89024],[119.60337,-4.89142],[119.60334,-4.89227],[119.60197,-4.89361],[119.60052,-4.89195],[119.59969,-4.89261],[119.60102,-4.89427],[119.60339,-4.89421],[119.60365,-4.89499],[119.59739,-4.89843],[119.60001,-4.89973],[119.6002,-4.9012],[119.59855,-4.90162],[119.59618,-4.90046],[119.59559,-4.9011],[119.59625,-4.90277],[119.59879,-4.90378],[119.59835,-4.90487],[119.59713,-4.90548],[119.59443,-4.90462],[119.59377,-4.90269],[119.59162,-4.9012],[119.59031,-4.89936],[119.59128,-4.89631],[119.58822,-4.8956],[119.58634,-4.89666],[119.58556,-4.90325],[119.58044,-4.90511],[119.57933,-4.90474],[119.57877,-4.90367],[119.58025,-4.89967],[119.57945,-4.89824],[119.57644,-4.89926],[119.57603,-4.90066],[119.57698,-4.90368],[119.57553,-4.90481],[119.57412,-4.90473],[119.5699,-4.902],[119.57012,-4.89971],[119.57127,-4.89876],[119.5737,-4.89955],[119.5735,-4.89793],[119.5712,-4.89729],[119.56644,-4.89818],[119.56463,-4.89384],[119.56314,-4.8922],[119.55665,-4.89369],[119.5543,-4.8903],[119.55356,-4.89011],[119.55085,-4.89254],[119.54952,-4.8927],[119.54627,-4.89168],[119.54393,-4.89297],[119.54179,-4.89283],[119.53867,-4.89117],[119.53662,-4.89109],[119.53444,-4.89184],[119.53181,-4.89393],[119.52991,-4.89425],[119.5285,-4.89369],[119.52777,-4.89257],[119.5277,-4.88941],[119.52653,-4.88583],[119.52106,-4.88374],[119.5199,-4.88277],[119.52064,-4.88161],[119.51588,-4.87708],[119.51434,-4.87217],[119.51342,-4.87163],[119.51107,-4.87195],[119.50727,-4.86937],[119.50508,-4.86524],[119.50531,-4.85826],[119.50399,-4.85468],[119.50065,-4.85089],[119.50003,-4.84883],[119.50105,-4.84299],[119.49828,-4.836],[119.4989,-4.83512],[119.49974,-4.83522],[119.49716,-4.83284],[119.4982,-4.83216],[119.50001,-4.83407],[119.49989,-4.83271],[119.49767,-4.83154],[119.49915,-4.82912],[119.49981,-4.82913],[119.5008,-4.82791],[119.50196,-4.82457],[119.50118,-4.82201],[119.49967,-4.82246],[119.49929,-4.81901],[119.50022,-4.81862],[119.49751,-4.81852],[119.49738,-4.81725],[119.49607,-4.81688],[119.48143,-4.818],[119.49633,-4.81649],[119.49612,-4.81451],[119.49935,-4.8141],[119.49917,-4.81281],[119.4983,-4.81252],[119.49868,-4.81195],[119.49817,-4.8117],[119.49789,-4.80624],[119.49578,-4.80497],[119.49333,-4.79985],[119.49402,-4.7987],[119.49483,-4.79339],[119.49388,-4.79181],[119.49369,-4.78556],[119.49286,-4.78372],[119.49341,-4.78222],[119.4931,-4.77917],[119.49245,-4.77922],[119.49274,-4.77662],[119.49337,-4.77684],[119.49284,-4.77646],[119.49298,-4.77473],[119.49178,-4.77486],[119.49024,-4.77394],[119.49166,-4.77385],[119.4919,-4.77237],[119.49288,-4.77246],[119.49235,-4.7697],[119.49186,-4.76918],[119.49002,-4.76936],[119.49142,-4.76547],[119.48879,-4.76028],[119.48318,-4.75547],[119.48303,-4.75329],[119.48234,-4.75339],[119.48194,-4.75134],[119.48487,-4.74725],[119.4871,-4.74533],[119.48626,-4.74458],[119.48803,-4.74296],[119.48965,-4.7435],[119.48897,-4.7425],[119.48956,-4.7411],[119.48935,-4.73765],[119.49046,-4.73518],[119.49349,-4.73176],[119.49524,-4.73073],[119.49653,-4.73078],[119.49771,-4.72734],[119.49867,-4.72688],[119.49916,-4.72561],[119.50176,-4.72412],[119.50618,-4.72389],[119.50639,-4.72326],[119.50861,-4.72265],[119.51105,-4.72285],[119.51273,-4.71824],[119.51702,-4.71588],[119.51706,-4.71454],[119.51824,-4.71365],[119.51802,-4.71078],[119.51853,-4.71045],[119.51584,-4.70701],[119.51627,-4.70171],[119.51807,-4.69539],[119.52134,-4.69026],[119.52488,-4.67584],[119.53236,-4.66785],[119.53696,-4.66405],[119.54785,-4.65116],[119.55141,-4.64425],[119.5514,-4.63757],[119.55328,-4.63522],[119.55175,-4.63463],[119.55216,-4.63364],[119.55289,-4.63281],[119.55387,-4.63332],[119.55578,-4.63215],[119.56028,-4.62664],[119.56512,-4.6178],[119.56567,-4.61751],[119.56676,-4.61827],[119.56555,-4.61715],[119.5657,-4.61604],[119.56974,-4.60924],[119.5729,-4.60191],[119.58005,-4.59671],[119.5869,-4.58678],[119.58767,-4.58641],[119.59399,-4.57001],[119.59488,-4.5653],[119.59527,-4.56147],[119.59437,-4.55782],[119.59327,-4.55653]]],[[[119.41864,-4.94449],[119.41975,-4.94377],[119.42049,-4.94209],[119.41936,-4.94018],[119.41831,-4.9408],[119.41756,-4.94276],[119.41773,-4.9444],[119.41864,-4.94449]]],[[[119.4325,-4.75341],[119.43422,-4.75246],[119.43447,-4.7497],[119.43496,-4.74968],[119.43494,-4.74909],[119.43447,-4.74959],[119.43386,-4.74713],[119.43309,-4.74669],[119.43135,-4.74739],[119.43082,-4.74832],[119.43096,-4.75188],[119.43148,-4.75309],[119.4325,-4.75341]]],[[[119.23467,-4.81244],[119.23535,-4.81144],[119.23513,-4.81013],[119.23384,-4.81141],[119.2337,-4.81247],[119.23467,-4.81244]]],[[[119.06195,-4.71928],[119.06556,-4.71571],[119.06631,-4.71327],[119.06374,-4.71546],[119.06065,-4.71681],[119.06048,-4.71885],[119.06195,-4.71928]]],[[[119.32101,-4.92981],[119.32147,-4.92806],[119.32021,-4.926],[119.32021,-4.92816],[119.32101,-4.92981]]],[[[119.40297,-4.84553],[119.40432,-4.84483],[119.40386,-4.84376],[119.40248,-4.84407],[119.40297,-4.84553]]],[[[119.43415,-4.77548],[119.43469,-4.77787],[119.43535,-4.77827],[119.43552,-4.77551],[119.43754,-4.77164],[119.43728,-4.77087],[119.43529,-4.77112],[119.43399,-4.77326],[119.43447,-4.77421],[119.43415,-4.77548]]],[[[119.50505,-4.66849],[119.50511,-4.66848],[119.50514,-4.66844],[119.50513,-4.66839],[119.50511,-4.66835],[119.50501,-4.6683],[119.50485,-4.66823],[119.50479,-4.66819],[119.50475,-4.66809],[119.50466,-4.66774],[119.50462,-4.66765],[119.5046,-4.66764],[119.50457,-4.66765],[119.50456,-4.66768],[119.50456,-4.66777],[119.50463,-4.66806],[119.50468,-4.66826],[119.50471,-4.66836],[119.50476,-4.66842],[119.50487,-4.66848],[119.50505,-4.66849]]],[[[119.1184,-4.69101],[119.1237,-4.69054],[119.12359,-4.68995],[119.1205,-4.68997],[119.11792,-4.69062],[119.1184,-4.69101]]],[[[119.46234,-4.76759],[119.46308,-4.7676],[119.46417,-4.76622],[119.46329,-4.76595],[119.46148,-4.76667],[119.46234,-4.76759]]],[[[119.41991,-4.82225],[119.4215,-4.82015],[119.41891,-4.81759],[119.41937,-4.82153],[119.41768,-4.82472],[119.41991,-4.82225]]],[[[119.32931,-4.70652],[119.33031,-4.70547],[119.33032,-4.70455],[119.3288,-4.70347],[119.32786,-4.70549],[119.32881,-4.70668],[119.32931,-4.70652]]],[[[119.25795,-4.60584],[119.25794,-4.60591],[119.25799,-4.60596],[119.25808,-4.60595],[119.25824,-4.60588],[119.25834,-4.60579],[119.25844,-4.6057],[119.25847,-4.60562],[119.25848,-4.60552],[119.25845,-4.60546],[119.25835,-4.60545],[119.25823,-4.60552],[119.25813,-4.60559],[119.25801,-4.60571],[119.25795,-4.60584]]],[[[119.39686,-4.92601],[119.3991,-4.92519],[119.39953,-4.92359],[119.39614,-4.92586],[119.39686,-4.92601]]],[[[119.34023,-4.88821],[119.34086,-4.88734],[119.34078,-4.88525],[119.33992,-4.88532],[119.33933,-4.88632],[119.3392,-4.88813],[119.34023,-4.88821]]],[[[119.33217,-4.80304],[119.33255,-4.80194],[119.3317,-4.80092],[119.33088,-4.8023],[119.33217,-4.80304]]],[[[119.35328,-4.71802],[119.35467,-4.7174],[119.35458,-4.71666],[119.35271,-4.7165],[119.35256,-4.71743],[119.35328,-4.71802]]],[[[119.27256,-4.72119],[119.27385,-4.72008],[119.27368,-4.71887],[119.27256,-4.72025],[119.27256,-4.72119]]],[[[119.28494,-4.67793],[119.28519,-4.6771],[119.28445,-4.67787],[119.28494,-4.67793]]],[[[119.32746,-4.97063],[119.32811,-4.97048],[119.32872,-4.96827],[119.32757,-4.96758],[119.32707,-4.96919],[119.32746,-4.97063]]],[[[119.46387,-4.77584],[119.4639,-4.77454],[119.46308,-4.77522],[119.46387,-4.77584]]],[[[119.43206,-4.79027],[119.43304,-4.78642],[119.43253,-4.78501],[119.43053,-4.78439],[119.42901,-4.78493],[119.43146,-4.78799],[119.43143,-4.79017],[119.43206,-4.79027]]],[[[119.30085,-4.78929],[119.30162,-4.78851],[119.30124,-4.78768],[119.30085,-4.78929]]],[[[119.3416,-4.94742],[119.34247,-4.94563],[119.34086,-4.94432],[119.34066,-4.94679],[119.3416,-4.94742]]],[[[119.45099,-4.74013],[119.45085,-4.73915],[119.44944,-4.73901],[119.45007,-4.74025],[119.45099,-4.74013]]],[[[119.38474,-4.85895],[119.38674,-4.85855],[119.3874,-4.85565],[119.38431,-4.85465],[119.38209,-4.85529],[119.38285,-4.85726],[119.38474,-4.85895]]],[[[119.50333,-4.65615],[119.50294,-4.65467],[119.5015,-4.65523],[119.50333,-4.65615]]],[[[119.47246,-4.71167],[119.47707,-4.70618],[119.47721,-4.70527],[119.47659,-4.70485],[119.47714,-4.70485],[119.47747,-4.70369],[119.47629,-4.70239],[119.47555,-4.70208],[119.47525,-4.70262],[119.47413,-4.69976],[119.47013,-4.7051],[119.46987,-4.70679],[119.46893,-4.70719],[119.46991,-4.70991],[119.47246,-4.71167]]],[[[119.39714,-4.94847],[119.39844,-4.94661],[119.40068,-4.94511],[119.39846,-4.94105],[119.3973,-4.94129],[119.39606,-4.94393],[119.39604,-4.94692],[119.39655,-4.94842],[119.39714,-4.94847]]],[[[119.36355,-4.71153],[119.36534,-4.71136],[119.3652,-4.7101],[119.3635,-4.71018],[119.36355,-4.71153]]],[[[119.359,-4.89794],[119.35934,-4.89831],[119.36066,-4.89752],[119.36038,-4.89621],[119.35974,-4.89607],[119.35876,-4.89705],[119.359,-4.89794]]],[[[119.06276,-4.74124],[119.06341,-4.74058],[119.06394,-4.73527],[119.06251,-4.73714],[119.0623,-4.74035],[119.06276,-4.74124]]],[[[119.26752,-4.88279],[119.26798,-4.88124],[119.267,-4.87932],[119.26587,-4.87902],[119.26503,-4.88009],[119.26507,-4.88237],[119.26578,-4.88298],[119.26752,-4.88279]]],[[[119.46953,-4.6925],[119.47046,-4.6881],[119.46882,-4.68662],[119.4678,-4.68782],[119.46748,-4.68972],[119.46953,-4.6925]]],[[[119.50387,-4.67497],[119.50391,-4.67494],[119.50395,-4.67486],[119.50398,-4.67476],[119.50398,-4.67465],[119.50394,-4.67449],[119.50389,-4.67439],[119.50382,-4.67432],[119.50379,-4.67429],[119.50372,-4.67429],[119.50368,-4.67433],[119.50368,-4.67437],[119.5037,-4.67441],[119.50375,-4.67444],[119.50379,-4.67448],[119.50383,-4.67452],[119.50385,-4.67458],[119.50387,-4.67468],[119.50386,-4.67478],[119.50385,-4.67482],[119.50382,-4.67484],[119.5038,-4.67484],[119.50375,-4.67481],[119.50371,-4.67482],[119.50368,-4.67483],[119.50367,-4.67487],[119.50368,-4.6749],[119.50372,-4.67494],[119.50379,-4.67497],[119.50387,-4.67497]]],[[[119.30303,-4.7281],[119.30375,-4.72821],[119.30499,-4.7266],[119.30449,-4.72622],[119.30303,-4.7281]]],[[[119.41034,-4.90776],[119.40769,-4.9025],[119.41029,-4.9086],[119.41034,-4.90776]]],[[[119.13607,-4.65481],[119.13803,-4.65273],[119.13814,-4.65143],[119.13722,-4.65161],[119.13607,-4.65481]]],[[[119.4503,-4.70739],[119.45073,-4.70605],[119.45469,-4.70312],[119.45778,-4.69869],[119.46217,-4.69756],[119.45989,-4.69682],[119.45897,-4.69673],[119.4586,-4.69738],[119.45668,-4.69702],[119.45524,-4.69991],[119.45378,-4.69979],[119.44935,-4.70298],[119.44985,-4.70487],[119.44889,-4.70493],[119.44895,-4.70621],[119.4499,-4.70812],[119.4503,-4.70739]]],[[[119.28645,-4.96871],[119.28789,-4.96851],[119.28928,-4.96671],[119.28747,-4.96621],[119.28616,-4.96686],[119.28561,-4.96777],[119.28645,-4.96871]]],[[[119.44715,-4.77336],[119.44809,-4.76987],[119.44597,-4.77261],[119.44715,-4.77336]]],[[[119.36563,-4.95594],[119.36605,-4.95535],[119.36555,-4.95471],[119.3643,-4.95561],[119.36563,-4.95594]]],[[[119.34321,-4.84671],[119.34395,-4.84579],[119.34313,-4.84485],[119.34227,-4.8458],[119.34321,-4.84671]]],[[[119.22363,-4.55893],[119.22361,-4.5568],[119.22269,-4.55627],[119.22182,-4.55774],[119.22363,-4.55893]]],[[[118.53148,-4.97448],[118.53216,-4.97583],[118.53229,-4.97501],[118.53148,-4.97448]]],[[[118.54885,-4.95949],[118.54617,-4.95812],[118.54271,-4.95922],[118.54607,-4.95847],[118.54885,-4.95949]]],[[[117.05723,-5.10124],[117.05829,-5.10134],[117.06193,-5.09782],[117.05887,-5.09598],[117.0522,-5.08998],[117.04868,-5.08836],[117.04737,-5.08906],[117.04548,-5.09098],[117.04513,-5.09303],[117.04502,-5.0946],[117.0463,-5.09681],[117.05395,-5.10136],[117.05723,-5.10124]]],[[[118.54975,-4.96058],[118.54953,-4.96054],[118.54953,-4.96066],[118.54974,-4.96076],[118.54985,-4.96091],[118.54993,-4.96102],[118.55015,-4.96116],[118.55022,-4.96094],[118.55008,-4.96082],[118.54989,-4.96075],[118.54975,-4.96058]]],[[[118.54103,-4.96021],[118.54092,-4.96028],[118.54082,-4.96041],[118.54095,-4.96049],[118.54126,-4.96046],[118.5415,-4.96028],[118.54142,-4.9601],[118.54119,-4.96006],[118.54103,-4.96021]]],[[[117.88291,-5.17937],[117.88569,-5.1782],[117.89061,-5.17294],[117.88732,-5.16944],[117.88493,-5.16847],[117.88028,-5.16887],[117.87841,-5.17323],[117.87847,-5.17594],[117.87982,-5.17864],[117.88291,-5.17937]]],[[[117.07294,-5.02471],[117.07518,-5.02251],[117.07597,-5.0194],[117.07325,-5.01788],[117.07214,-5.01814],[117.06899,-5.0209],[117.06768,-5.02355],[117.07078,-5.02469],[117.07294,-5.02471]]],[[[117.07475,-5.05024],[117.07557,-5.04938],[117.0756,-5.04599],[117.07381,-5.04497],[117.0716,-5.04492],[117.07342,-5.04917],[117.07475,-5.05024]]],[[[117.06238,-5.02366],[117.06326,-5.02347],[117.06198,-5.02296],[117.06319,-5.0211],[117.06199,-5.02193],[117.06176,-5.02329],[117.06238,-5.02366]]],[[[118.62987,-5.49885],[118.63047,-5.49864],[118.63301,-5.48909],[118.63194,-5.4879],[118.63068,-5.48756],[118.63129,-5.48726],[118.62941,-5.48759],[118.62963,-5.48847],[118.62812,-5.49275],[118.62987,-5.49885]]],[[[117.88868,-5.23435],[117.88761,-5.23456],[117.88706,-5.23767],[117.88599,-5.23976],[117.88649,-5.24037],[117.88554,-5.24796],[117.88583,-5.2524],[117.88729,-5.25608],[117.88761,-5.25875],[117.88811,-5.25996],[117.8892,-5.26053],[117.89046,-5.26352],[117.88893,-5.27414],[117.88833,-5.28899],[117.88754,-5.29182],[117.8896,-5.29665],[117.89086,-5.29271],[117.89039,-5.29119],[117.89135,-5.28771],[117.8923,-5.2866],[117.892,-5.2858],[117.8943,-5.28023],[117.89453,-5.27565],[117.8967,-5.26484],[117.89913,-5.26194],[117.89775,-5.25894],[117.89837,-5.25803],[117.89791,-5.25548],[117.89483,-5.24696],[117.89389,-5.24119],[117.89427,-5.23772],[117.89357,-5.23626],[117.88868,-5.23435]]],[[[117.06438,-5.02593],[117.0644,-5.02579],[117.06418,-5.02565],[117.064,-5.02563],[117.06378,-5.02572],[117.06366,-5.0257],[117.06343,-5.02564],[117.06323,-5.02558],[117.06315,-5.02563],[117.06333,-5.02576],[117.06352,-5.02591],[117.06401,-5.02599],[117.0642,-5.02599],[117.06426,-5.02598],[117.06438,-5.02593]]],[[[117.65315,-5.22884],[117.65512,-5.22808],[117.65626,-5.22469],[117.65835,-5.2228],[117.65809,-5.22185],[117.65578,-5.22393],[117.65536,-5.22598],[117.65514,-5.22552],[117.65062,-5.22792],[117.65315,-5.22884]]],[[[117.05685,-5.03816],[117.05839,-5.03776],[117.05929,-5.03549],[117.05699,-5.03243],[117.05711,-5.03346],[117.05625,-5.03434],[117.05608,-5.03781],[117.05685,-5.03816]]],[[[117.94856,-5.40745],[117.95009,-5.40605],[117.95222,-5.40208],[117.95239,-5.39814],[117.95348,-5.39446],[117.95332,-5.39129],[117.95076,-5.38293],[117.94269,-5.3725],[117.93634,-5.36282],[117.93392,-5.35703],[117.93232,-5.35488],[117.92876,-5.35246],[117.92673,-5.35255],[117.92425,-5.3536],[117.92152,-5.35331],[117.92073,-5.35448],[117.92062,-5.35664],[117.9229,-5.36405],[117.92401,-5.37412],[117.92619,-5.3818],[117.92674,-5.38761],[117.92854,-5.39257],[117.93055,-5.39637],[117.93292,-5.39881],[117.93325,-5.40072],[117.93448,-5.40274],[117.93733,-5.4043],[117.93707,-5.40505],[117.93952,-5.407],[117.94357,-5.40797],[117.94481,-5.40731],[117.94767,-5.40813],[117.94856,-5.40745]]],[[[118.41548,-5.41571],[118.41611,-5.4155],[118.41442,-5.41441],[118.41471,-5.41545],[118.41548,-5.41571]]],[[[117.04037,-5.05213],[117.04232,-5.04895],[117.04291,-5.04535],[117.04204,-5.04188],[117.0402,-5.04029],[117.03909,-5.0415],[117.03885,-5.04742],[117.03825,-5.04849],[117.03909,-5.05258],[117.04037,-5.05213]]],[[[117.91607,-5.04906],[117.91456,-5.05142],[117.91391,-5.0543],[117.91403,-5.05632],[117.91551,-5.05674],[117.91738,-5.05634],[117.91964,-5.05467],[117.92095,-5.05091],[117.91888,-5.04846],[117.91607,-5.04906]]],[[[118.45682,-5.51157],[118.45726,-5.50984],[118.45628,-5.50514],[118.45721,-5.50291],[118.45255,-5.50037],[118.45079,-5.50038],[118.44961,-5.50264],[118.44946,-5.50518],[118.45106,-5.50965],[118.45314,-5.51188],[118.45682,-5.51157]]],[[[118.98241,-4.72332],[118.98217,-4.72027],[118.9809,-4.71894],[118.9793,-4.71917],[118.97891,-4.72015],[118.97955,-4.72183],[118.98064,-4.72293],[118.98241,-4.72332]]],[[[118.95636,-4.69596],[118.95429,-4.6952],[118.95054,-4.69557],[118.95122,-4.69738],[118.95442,-4.69717],[118.95819,-4.69881],[118.96417,-4.70461],[118.96561,-4.70533],[118.96633,-4.70409],[118.96461,-4.70075],[118.96275,-4.69936],[118.95779,-4.69782],[118.95636,-4.69596]]],[[[117.05646,-5.03182],[117.05574,-5.03221],[117.05679,-5.03209],[117.05646,-5.03182]]],[[[118.15502,-5.134],[118.15474,-5.12984],[118.15319,-5.12455],[118.14676,-5.11316],[118.14629,-5.11354],[118.14667,-5.11492],[118.14435,-5.12008],[118.13897,-5.12748],[118.147,-5.12956],[118.15357,-5.13389],[118.15502,-5.134]]],[[[117.67783,-5.20241],[117.68028,-5.20051],[117.68142,-5.19802],[117.68008,-5.19505],[117.68141,-5.19431],[117.6799,-5.19385],[117.67771,-5.1895],[117.67417,-5.18688],[117.67412,-5.18583],[117.67268,-5.18423],[117.6714,-5.18381],[117.66735,-5.17893],[117.66161,-5.17593],[117.65933,-5.1763],[117.6541,-5.18415],[117.65389,-5.18637],[117.65285,-5.18694],[117.65384,-5.18723],[117.65415,-5.18906],[117.6521,-5.19429],[117.6544,-5.19465],[117.65712,-5.19638],[117.65897,-5.19831],[117.66039,-5.20181],[117.65993,-5.20857],[117.65788,-5.21173],[117.65697,-5.2152],[117.65454,-5.21914],[117.6546,-5.22133],[117.65393,-5.22166],[117.65653,-5.22191],[117.65689,-5.22089],[117.66732,-5.2109],[117.67783,-5.20241]]],[[[117.9882,-7.53269],[117.98678,-7.53158],[117.98607,-7.53189],[117.98647,-7.53253],[117.9882,-7.53269]]],[[[118.10914,-7.29694],[118.1075,-7.2989],[118.10728,-7.30104],[118.10589,-7.30129],[118.10337,-7.30019],[118.10235,-7.30124],[118.10349,-7.30594],[118.10492,-7.30747],[118.10772,-7.30895],[118.10934,-7.30819],[118.11048,-7.30863],[118.11363,-7.30482],[118.1134,-7.30122],[118.11192,-7.29737],[118.10945,-7.29651],[118.10914,-7.29694]]],[[[117.27468,-7.53063],[117.27558,-7.52948],[117.27579,-7.52626],[117.27712,-7.52427],[117.27615,-7.52393],[117.27593,-7.52156],[117.27489,-7.52088],[117.274,-7.52116],[117.27428,-7.52221],[117.27375,-7.52326],[117.27507,-7.52645],[117.27468,-7.53063]]],[[[118.9547,-6.71946],[118.95479,-6.71607],[118.95287,-6.70987],[118.95193,-6.70828],[118.95072,-6.70814],[118.95046,-6.71131],[118.95133,-6.71636],[118.95396,-6.71886],[118.95381,-6.7198],[118.9547,-6.71946]]],[[[117.86909,-7.44531],[117.86963,-7.44763],[117.87389,-7.45633],[117.87644,-7.46025],[117.87765,-7.46051],[117.87805,-7.45597],[117.8774,-7.45533],[117.87605,-7.45553],[117.87407,-7.44982],[117.87164,-7.44629],[117.87208,-7.44562],[117.87353,-7.44572],[117.87414,-7.44515],[117.87249,-7.44464],[117.87172,-7.44308],[117.86765,-7.44057],[117.86513,-7.43998],[117.86468,-7.44062],[117.86535,-7.44198],[117.86525,-7.44121],[117.86606,-7.44145],[117.86503,-7.4406],[117.86549,-7.44006],[117.8682,-7.44149],[117.86975,-7.44413],[117.86909,-7.44531]]],[[[117.44904,-7.5893],[117.45028,-7.58959],[117.45542,-7.58835],[117.45396,-7.58685],[117.45291,-7.58332],[117.44919,-7.57828],[117.44591,-7.57528],[117.44295,-7.57505],[117.44101,-7.57851],[117.44086,-7.58247],[117.44404,-7.58652],[117.4464,-7.5883],[117.44904,-7.5893]]],[[[117.88505,-7.5329],[117.88259,-7.53259],[117.88147,-7.53338],[117.88516,-7.53386],[117.8856,-7.53358],[117.88505,-7.5329]]],[[[118.16323,-7.09121],[118.16885,-7.08978],[118.17266,-7.07992],[118.17685,-7.074],[118.17704,-7.07235],[118.17395,-7.07363],[118.16648,-7.0847],[118.16151,-7.08877],[118.15662,-7.09015],[118.1541,-7.08941],[118.15298,-7.08816],[118.15201,-7.09094],[118.15246,-7.09138],[118.15751,-7.09067],[118.16323,-7.09121]]],[[[118.92937,-6.6578],[118.93038,-6.65772],[118.93104,-6.65681],[118.93203,-6.65336],[118.93242,-6.64906],[118.93133,-6.64627],[118.93056,-6.64716],[118.92576,-6.64711],[118.92697,-6.6543],[118.92937,-6.6578]]],[[[117.27736,-7.53781],[117.27685,-7.53677],[117.2776,-7.5357],[117.27665,-7.53527],[117.27864,-7.5359],[117.27581,-7.53368],[117.27641,-7.53309],[117.27738,-7.53325],[117.27607,-7.53213],[117.27469,-7.53233],[117.27711,-7.53841],[117.27792,-7.53902],[117.28067,-7.53797],[117.27736,-7.53781]]],[[[118.36873,-7.20049],[118.37938,-7.19564],[118.38251,-7.19733],[118.38406,-7.19738],[118.38631,-7.19666],[118.38891,-7.19471],[118.38512,-7.19042],[118.38144,-7.19134],[118.37972,-7.19411],[118.37364,-7.19539],[118.37087,-7.19483],[118.36891,-7.19282],[118.36748,-7.19365],[118.36829,-7.19451],[118.36841,-7.19827],[118.36726,-7.19894],[118.36873,-7.20049]]],[[[117.45722,-7.58999],[117.45943,-7.58478],[117.4585,-7.58507],[117.45696,-7.58999],[117.45412,-7.59386],[117.45722,-7.58999]]],[[[119.01934,-6.84137],[119.02198,-6.84013],[119.02267,-6.83699],[119.02081,-6.83393],[119.01907,-6.83315],[119.01782,-6.83685],[119.0186,-6.84014],[119.0196,-6.84101],[119.0182,-6.84128],[119.01934,-6.84137]]],[[[119.1143,-6.8381],[119.11437,-6.83746],[119.1131,-6.83662],[119.10891,-6.83798],[119.09978,-6.84565],[119.09715,-6.85016],[119.09461,-6.8585],[119.09491,-6.85904],[119.09562,-6.85921],[119.09805,-6.85632],[119.10278,-6.85306],[119.10473,-6.84927],[119.10743,-6.8497],[119.1063,-6.84843],[119.11129,-6.84794],[119.10956,-6.84669],[119.10985,-6.84592],[119.11364,-6.84432],[119.11413,-6.84842],[119.1155,-6.84751],[119.11572,-6.84433],[119.11779,-6.84418],[119.11686,-6.84309],[119.1101,-6.84538],[119.10779,-6.84478],[119.10858,-6.84599],[119.1066,-6.84536],[119.10694,-6.84655],[119.10429,-6.84644],[119.10503,-6.84742],[119.10443,-6.84761],[119.10355,-6.84723],[119.10283,-6.84519],[119.10431,-6.84401],[119.10571,-6.84097],[119.10753,-6.84323],[119.10757,-6.83991],[119.1082,-6.83918],[119.10877,-6.83942],[119.10836,-6.84121],[119.10979,-6.83803],[119.11343,-6.8371],[119.1143,-6.8381]]],[[[118.27483,-6.69776],[118.27773,-6.68686],[118.27772,-6.68257],[118.27657,-6.68339],[118.2735,-6.69333],[118.2731,-6.69782],[118.27365,-6.6984],[118.27483,-6.69776]]],[[[117.59389,-7.40425],[117.59392,-7.40324],[117.5932,-7.4026],[117.58578,-7.39848],[117.58581,-7.40133],[117.58747,-7.40375],[117.59141,-7.40498],[117.59389,-7.40425]]],[[[118.03906,-7.03845],[118.04298,-7.03742],[118.0438,-7.03664],[118.04349,-7.03552],[118.04218,-7.03451],[118.03876,-7.03499],[118.03596,-7.03597],[118.03479,-7.03742],[118.03503,-7.03807],[118.03906,-7.03845]]],[[[117.25559,-7.59104],[117.25602,-7.58944],[117.25492,-7.58878],[117.25417,-7.59151],[117.25559,-7.59104]]],[[[117.53535,-7.35076],[117.53499,-7.34382],[117.53211,-7.33995],[117.53155,-7.34064],[117.5333,-7.3419],[117.53153,-7.34329],[117.53157,-7.34506],[117.53339,-7.35004],[117.5347,-7.35153],[117.53535,-7.35076]]],[[[117.43337,-7.51461],[117.42483,-7.5175],[117.42353,-7.51969],[117.42747,-7.52848],[117.43005,-7.53771],[117.43211,-7.54008],[117.43371,-7.53955],[117.43265,-7.53791],[117.43342,-7.53626],[117.43808,-7.53362],[117.44113,-7.52269],[117.44331,-7.51771],[117.44407,-7.5135],[117.44348,-7.51228],[117.43929,-7.51237],[117.43337,-7.51461]]],[[[117.28279,-7.53232],[117.28288,-7.52699],[117.2811,-7.52916],[117.28196,-7.53229],[117.28279,-7.53232]]],[[[118.79535,-6.55769],[118.79751,-6.55616],[118.79538,-6.55309],[118.79375,-6.55594],[118.79466,-6.55766],[118.79535,-6.55769]]],[[[117.9883,-7.53653],[117.9892,-7.53554],[117.9893,-7.53401],[117.9883,-7.53653]]],[[[118.96403,-6.86461],[118.96686,-6.8631],[118.96858,-6.85754],[118.96695,-6.85469],[118.96401,-6.85302],[118.96187,-6.85506],[118.96106,-6.85812],[118.96217,-6.86288],[118.96403,-6.86461]]],[[[117.71278,-7.39487],[117.71113,-7.39317],[117.70984,-7.39284],[117.71113,-7.39552],[117.71329,-7.3966],[117.71278,-7.39487]]],[[[118.83912,-6.58395],[118.83988,-6.58388],[118.84067,-6.58261],[118.84187,-6.57803],[118.84099,-6.57525],[118.8388,-6.57303],[118.83105,-6.56911],[118.82517,-6.57169],[118.82471,-6.5746],[118.82532,-6.57689],[118.82602,-6.57699],[118.82551,-6.57662],[118.82629,-6.57622],[118.82524,-6.57558],[118.82608,-6.57548],[118.8309,-6.58043],[118.83912,-6.58395]]],[[[118.85466,-6.9338],[118.85922,-6.93136],[118.86034,-6.92857],[118.85811,-6.92739],[118.85663,-6.92769],[118.85569,-6.93195],[118.85494,-6.93229],[118.85471,-6.93338],[118.85415,-6.93337],[118.85437,-6.93277],[118.85393,-6.93307],[118.85466,-6.9338]]],[[[118.18702,-7.19933],[118.18772,-7.19883],[118.18648,-7.19854],[118.18702,-7.19933]]],[[[119.15476,-6.9066],[119.15575,-6.9048],[119.15528,-6.90359],[119.15252,-6.90332],[119.15256,-6.90512],[119.15335,-6.90641],[119.15476,-6.9066]]],[[[117.78948,-7.43741],[117.79542,-7.4346],[117.79546,-7.43376],[117.79344,-7.43349],[117.79101,-7.43205],[117.78978,-7.43234],[117.78839,-7.43605],[117.78864,-7.43718],[117.78948,-7.43741]]],[[[119.14989,-6.86695],[119.15041,-6.86501],[119.14966,-6.86484],[119.14957,-6.86372],[119.14934,-6.86738],[119.14989,-6.86695]]],[[[117.99227,-7.06825],[117.99537,-7.06728],[117.99806,-7.06444],[117.99806,-7.0633],[117.99626,-7.061],[117.99357,-7.06267],[117.98983,-7.0674],[117.98998,-7.06836],[117.99227,-7.06825]]],[[[118.9881,-6.85662],[118.98889,-6.85578],[118.98826,-6.85474],[118.98833,-6.85531],[118.98725,-6.85558],[118.9881,-6.85662]]],[[[119.18492,-6.81792],[119.17935,-6.82338],[119.1794,-6.8247],[119.17635,-6.82475],[119.17394,-6.82616],[119.17048,-6.83171],[119.16781,-6.83885],[119.16938,-6.84118],[119.1684,-6.84306],[119.1697,-6.84622],[119.17077,-6.84532],[119.16998,-6.84442],[119.17058,-6.84305],[119.17238,-6.84316],[119.17242,-6.84245],[119.17392,-6.84148],[119.17731,-6.83525],[119.17999,-6.83177],[119.1923,-6.82135],[119.19388,-6.81886],[119.19131,-6.82036],[119.18645,-6.82475],[119.18573,-6.82369],[119.18652,-6.82003],[119.18492,-6.81792]]],[[[118.32487,-6.6437],[118.32718,-6.6419],[118.32728,-6.63652],[118.32784,-6.63572],[118.32663,-6.63493],[118.3244,-6.63532],[118.32554,-6.63802],[118.32487,-6.6437]]],[[[118.01134,-7.22122],[118.01098,-7.21922],[118.00907,-7.21674],[118.00877,-7.21877],[118.00933,-7.22098],[118.01103,-7.22181],[118.01134,-7.22122]]],[[[118.89825,-6.89115],[118.90176,-6.89021],[118.90506,-6.88767],[118.90961,-6.88544],[118.90937,-6.88204],[118.9063,-6.88231],[118.90454,-6.88317],[118.89987,-6.88795],[118.90057,-6.88694],[118.90043,-6.88626],[118.89995,-6.88636],[118.89923,-6.88957],[118.89736,-6.89103],[118.89825,-6.89115]]],[[[117.80209,-7.39653],[117.80263,-7.40103],[117.80318,-7.40126],[117.80308,-7.4007],[117.80384,-7.40059],[117.80602,-7.40231],[117.80726,-7.401],[117.80765,-7.39857],[117.80919,-7.39531],[117.80742,-7.39807],[117.80683,-7.40068],[117.80564,-7.40132],[117.80464,-7.40071],[117.80478,-7.3992],[117.80404,-7.39925],[117.80245,-7.39623],[117.8034,-7.39491],[117.80655,-7.39383],[117.80314,-7.39459],[117.80198,-7.39542],[117.80209,-7.39653]]],[[[119.02108,-6.90892],[119.02246,-6.90722],[119.02156,-6.90397],[119.01912,-6.90695],[119.01951,-6.90821],[119.02108,-6.90892]]],[[[119.10202,-6.85376],[119.10221,-6.85437],[119.10882,-6.85667],[119.11298,-6.85535],[119.11529,-6.85434],[119.11721,-6.84805],[119.11617,-6.84635],[119.11634,-6.84925],[119.11571,-6.84972],[119.11636,-6.85],[119.11281,-6.85212],[119.11344,-6.85217],[119.11378,-6.85338],[119.11273,-6.85528],[119.11185,-6.85391],[119.11074,-6.85591],[119.10709,-6.8545],[119.10625,-6.85334],[119.1063,-6.85188],[119.1052,-6.85226],[119.10587,-6.85093],[119.1047,-6.85285],[119.10202,-6.85376]]],[[[118.15876,-7.11783],[118.15897,-7.11276],[118.15835,-7.11459],[118.15876,-7.11783]]],[[[118.80735,-6.97598],[118.80858,-6.97461],[118.80842,-6.9711],[118.80767,-6.97061],[118.80798,-6.9725],[118.80542,-6.97447],[118.80735,-6.97598]]],[[[118.88709,-6.61143],[118.88844,-6.61024],[118.88858,-6.60722],[118.88758,-6.60571],[118.88453,-6.60489],[118.88232,-6.60735],[118.88434,-6.61119],[118.88709,-6.61143]]],[[[117.29118,-7.53928],[117.29801,-7.53832],[117.30164,-7.53849],[117.30251,-7.53798],[117.30384,-7.53855],[117.30415,-7.53799],[117.30654,-7.53849],[117.30755,-7.53793],[117.30783,-7.53844],[117.31111,-7.53796],[117.31198,-7.5386],[117.31372,-7.53856],[117.32001,-7.5371],[117.32631,-7.53489],[117.33457,-7.52923],[117.33536,-7.52807],[117.32464,-7.52928],[117.31166,-7.52939],[117.30627,-7.52894],[117.29184,-7.52546],[117.28806,-7.52526],[117.28392,-7.52598],[117.28352,-7.52652],[117.28431,-7.52718],[117.28631,-7.52729],[117.28802,-7.52856],[117.28947,-7.52698],[117.28964,-7.52793],[117.29033,-7.52803],[117.29105,-7.52669],[117.2991,-7.52827],[117.2972,-7.53148],[117.29647,-7.53087],[117.2945,-7.53196],[117.29405,-7.53351],[117.2926,-7.53393],[117.29233,-7.53313],[117.29094,-7.53499],[117.28917,-7.53553],[117.28771,-7.5349],[117.28814,-7.53258],[117.28729,-7.52927],[117.28655,-7.5286],[117.28632,-7.53313],[117.28527,-7.5343],[117.28404,-7.5323],[117.28397,-7.53277],[117.2854,-7.5359],[117.28808,-7.53771],[117.29101,-7.53825],[117.29044,-7.53878],[117.28887,-7.53833],[117.28717,-7.5391],[117.28463,-7.53784],[117.28381,-7.53859],[117.28226,-7.53721],[117.28416,-7.53558],[117.2818,-7.53508],[117.28205,-7.53775],[117.28366,-7.53898],[117.29029,-7.5397],[117.29118,-7.53928]]],[[[117.75092,-7.3985],[117.74963,-7.39714],[117.74715,-7.39629],[117.74479,-7.39646],[117.7437,-7.39732],[117.74369,-7.3979],[117.74545,-7.39909],[117.74953,-7.40055],[117.75097,-7.40056],[117.75092,-7.3985]]],[[[119.00407,-6.81786],[119.00499,-6.81855],[119.00667,-6.81853],[119.00777,-6.81715],[119.00616,-6.81634],[119.00427,-6.81323],[119.00279,-6.81251],[119.0021,-6.81336],[119.0023,-6.81526],[119.00407,-6.81786]]],[[[119.13322,-6.87273],[119.1345,-6.87478],[119.13521,-6.87453],[119.13558,-6.87315],[119.13273,-6.87178],[119.13322,-6.87273]]],[[[119.13256,-6.86139],[119.13113,-6.86319],[119.13293,-6.86573],[119.13392,-6.86533],[119.13408,-6.86301],[119.1348,-6.86181],[119.13422,-6.86077],[119.13256,-6.86139]]],[[[117.20358,-7.75926],[117.20285,-7.7581],[117.20171,-7.75786],[117.20358,-7.76],[117.20358,-7.75926]]],[[[117.98502,-7.53103],[117.98115,-7.52896],[117.98231,-7.5306],[117.98502,-7.53151],[117.98502,-7.53103]]],[[[118.97405,-6.7643],[118.97423,-6.76277],[118.9721,-6.75858],[118.96956,-6.75771],[118.96971,-6.76103],[118.97054,-6.76302],[118.97218,-6.76516],[118.97405,-6.7643]]],[[[118.4092,-7.1882],[118.41141,-7.18457],[118.4126,-7.17921],[118.40966,-7.17409],[118.40851,-7.17356],[118.40788,-7.17382],[118.40943,-7.17459],[118.4123,-7.17978],[118.41043,-7.18597],[118.40936,-7.18775],[118.40868,-7.18769],[118.4092,-7.1882]]],[[[119.16513,-6.80316],[119.16901,-6.79675],[119.16939,-6.79537],[119.16835,-6.79373],[119.16671,-6.79399],[119.16697,-6.79476],[119.1673,-6.79449],[119.16543,-6.80017],[119.16513,-6.80316]]],[[[118.39161,-7.18991],[118.39951,-7.18492],[118.40235,-7.18231],[118.3985,-7.18437],[118.39161,-7.18991]]],[[[118.86836,-6.60016],[118.86973,-6.59797],[118.86875,-6.59433],[118.86054,-6.58765],[118.85877,-6.58688],[118.85716,-6.58728],[118.8555,-6.59011],[118.85513,-6.59226],[118.85571,-6.59382],[118.86259,-6.59777],[118.86836,-6.60016]]],[[[119.06796,-6.8955],[119.06797,-6.89604],[119.06874,-6.89558],[119.0691,-6.8941],[119.06796,-6.8955]]],[[[119.1391,-6.86712],[119.13866,-6.86648],[119.13872,-6.86736],[119.1391,-6.86712]]],[[[119.16428,-6.79238],[119.16364,-6.79253],[119.16402,-6.79414],[119.16428,-6.79238]]],[[[119.13661,-6.88141],[119.13641,-6.88139],[119.13628,-6.88154],[119.13641,-6.8817],[119.13656,-6.88185],[119.13664,-6.88207],[119.1368,-6.88213],[119.13694,-6.88207],[119.13698,-6.88186],[119.13685,-6.88157],[119.13661,-6.88141]]],[[[118.38203,-7.18959],[118.38006,-7.19043],[118.38391,-7.18937],[118.38203,-7.18959]]],[[[118.38966,-7.18538],[118.38915,-7.18503],[118.38995,-7.18592],[118.38966,-7.18538]]],[[[118.65066,-7.07195],[118.65103,-7.07267],[118.65249,-7.07116],[118.65097,-7.07091],[118.65036,-7.06923],[118.64856,-7.06828],[118.6481,-7.06685],[118.64853,-7.06497],[118.64929,-7.06398],[118.64896,-7.067],[118.65073,-7.06865],[118.65176,-7.06836],[118.65095,-7.06837],[118.65064,-7.06704],[118.64988,-7.06748],[118.65049,-7.06221],[118.65328,-7.06498],[118.65185,-7.06282],[118.65009,-7.06187],[118.65027,-7.06267],[118.64857,-7.06425],[118.64789,-7.06671],[118.64825,-7.06889],[118.65053,-7.07083],[118.65066,-7.07195]]],[[[118.27871,-7.14314],[118.27822,-7.14263],[118.27736,-7.14295],[118.27813,-7.14346],[118.27746,-7.14563],[118.27806,-7.14727],[118.27967,-7.14661],[118.27957,-7.14601],[118.28033,-7.14646],[118.27974,-7.14535],[118.27791,-7.14506],[118.27826,-7.14377],[118.27774,-7.14286],[118.27871,-7.14314]]],[[[118.2384,-7.09049],[118.23766,-7.0875],[118.2358,-7.08501],[118.23492,-7.08516],[118.23508,-7.08596],[118.2356,-7.08564],[118.23494,-7.08542],[118.23562,-7.08525],[118.2366,-7.08676],[118.23429,-7.09037],[118.23451,-7.09133],[118.2361,-7.09307],[118.23675,-7.09302],[118.23575,-7.09194],[118.23752,-7.0881],[118.23678,-7.08752],[118.23707,-7.08689],[118.2384,-7.09049]]],[[[118.19009,-7.19886],[118.1919,-7.19897],[118.19158,-7.19672],[118.18945,-7.19706],[118.18925,-7.1986],[118.19027,-7.1969],[118.19085,-7.19714],[118.19019,-7.19774],[118.19046,-7.19863],[118.19181,-7.19753],[118.19189,-7.19861],[118.19009,-7.19886]]],[[[117.96907,-7.53944],[117.96895,-7.53944],[117.9688,-7.53956],[117.96869,-7.53969],[117.96864,-7.53978],[117.96865,-7.53991],[117.96876,-7.54015],[117.9688,-7.54043],[117.9688,-7.54074],[117.96876,-7.54104],[117.96862,-7.54135],[117.96852,-7.54146],[117.96852,-7.54156],[117.96862,-7.54159],[117.96875,-7.54157],[117.9689,-7.5414],[117.96899,-7.54119],[117.96904,-7.54098],[117.96908,-7.54064],[117.96915,-7.54038],[117.96915,-7.54029],[117.969,-7.54007],[117.96901,-7.5399],[117.96902,-7.53974],[117.96905,-7.53965],[117.96909,-7.53956],[117.96907,-7.53944]]],[[[117.98387,-7.53503],[117.98142,-7.53514],[117.98259,-7.53637],[117.98414,-7.536],[117.98449,-7.53537],[117.98387,-7.53503]]],[[[117.87739,-7.4532],[117.87776,-7.45273],[117.8768,-7.45144],[117.87739,-7.4532]]],[[[117.74305,-7.374],[117.74406,-7.37464],[117.74754,-7.37125],[117.75005,-7.36649],[117.74968,-7.36318],[117.74643,-7.36307],[117.74316,-7.36536],[117.74305,-7.374]]],[[[117.48171,-7.4758],[117.48128,-7.47621],[117.48219,-7.47678],[117.48171,-7.4758]]],[[[117.48167,-7.48727],[117.48203,-7.48474],[117.48023,-7.47938],[117.47666,-7.48234],[117.47459,-7.48716],[117.47449,-7.48945],[117.47537,-7.49241],[117.47768,-7.49496],[117.47957,-7.49552],[117.48104,-7.49372],[117.48352,-7.49218],[117.48104,-7.49313],[117.48167,-7.48727]]],[[[117.48455,-7.49942],[117.48459,-7.49608],[117.48414,-7.49776],[117.48438,-7.4998],[117.48455,-7.49942]]],[[[117.17585,-7.50709],[117.18499,-7.50393],[117.19706,-7.50112],[117.19065,-7.49798],[117.18528,-7.49321],[117.18291,-7.49236],[117.17969,-7.49303],[117.17897,-7.49352],[117.17961,-7.49456],[117.17681,-7.49757],[117.17535,-7.50107],[117.17483,-7.50529],[117.17585,-7.50709]]],[[[117.17256,-7.49325],[117.17246,-7.49319],[117.1723,-7.49321],[117.17218,-7.49331],[117.17205,-7.49348],[117.17197,-7.49365],[117.17192,-7.49382],[117.17196,-7.49398],[117.17206,-7.49415],[117.17221,-7.49421],[117.1722,-7.49416],[117.17211,-7.49407],[117.17213,-7.49391],[117.1722,-7.49387],[117.17239,-7.49387],[117.17254,-7.49391],[117.17264,-7.49385],[117.17259,-7.49379],[117.17247,-7.49372],[117.1724,-7.49355],[117.17247,-7.49339],[117.17256,-7.49338],[117.17261,-7.49332],[117.17256,-7.49325]]],[[[118.42443,-5.39928],[118.42582,-5.4056],[118.42515,-5.4148],[118.42635,-5.41776],[118.4274,-5.41808],[118.42708,-5.41738],[118.42801,-5.41561],[118.4356,-5.40963],[118.43624,-5.40757],[118.43516,-5.40682],[118.43479,-5.40298],[118.43356,-5.39928],[118.43021,-5.39574],[118.4286,-5.39501],[118.42641,-5.39562],[118.42464,-5.39729],[118.42443,-5.39928]]]]}},
{"type":"Feature","properties":{"slug":"parepare","nama":"Kota Parepare","osm":"relation/13246109","pusat":[-4.033627279999999,119.66540367999997]},"geometry":{"type":"MultiPolygon","coordinates":[[[[119.63477,-3.98249],[119.63393,-3.98353],[119.63475,-3.98636],[119.63348,-3.9894],[119.63366,-3.99036],[119.63299,-3.99032],[119.63272,-3.99179],[119.63335,-3.99232],[119.63223,-3.99656],[119.6296,-4.00175],[119.62466,-4.00433],[119.6223,-4.00214],[119.62135,-4.00214],[119.62171,-4.00591],[119.61992,-4.01553],[119.62044,-4.01737],[119.62352,-4.02231],[119.62437,-4.02939],[119.62394,-4.031],[119.62568,-4.03813],[119.62455,-4.04028],[119.62295,-4.04742],[119.62072,-4.0483],[119.6178,-4.05057],[119.61681,-4.0525],[119.61684,-4.05299],[119.6198,-4.05411],[119.62043,-4.05583],[119.62143,-4.05576],[119.62241,-4.05739],[119.62293,-4.06109],[119.62156,-4.06555],[119.62031,-4.0668],[119.6206,-4.06722],[119.62549,-4.06961],[119.62666,-4.07229],[119.6293,-4.07403],[119.63371,-4.07395],[119.63697,-4.07735],[119.63979,-4.07656],[119.64235,-4.07862],[119.64756,-4.077],[119.65048,-4.07739],[119.65454,-4.07606],[119.6575,-4.07379],[119.66128,-4.07332],[119.66235,-4.07153],[119.66405,-4.07148],[119.66708,-4.06944],[119.6693,-4.0705],[119.67411,-4.07006],[119.67834,-4.07106],[119.67985,-4.07271],[119.68277,-4.07354],[119.68379,-4.07317],[119.69098,-4.07382],[119.69233,-4.07477],[119.69491,-4.07503],[119.69761,-4.07718],[119.70146,-4.0756],[119.70321,-4.07786],[119.70676,-4.07998],[119.70853,-4.07821],[119.71151,-4.07889],[119.71315,-4.07998],[119.71618,-4.07811],[119.71751,-4.07887],[119.71948,-4.07726],[119.72127,-4.07851],[119.72144,-4.07661],[119.71857,-4.07429],[119.71357,-4.07232],[119.71047,-4.07231],[119.70911,-4.07165],[119.70779,-4.06933],[119.70717,-4.06269],[119.70624,-4.05982],[119.70271,-4.05597],[119.6985,-4.05459],[119.69725,-4.05344],[119.69743,-4.04491],[119.70058,-4.04125],[119.698,-4.03933],[119.69739,-4.0342],[119.69926,-4.03015],[119.69848,-4.0265],[119.69928,-4.02505],[119.69884,-4.02301],[119.70114,-4.02119],[119.69722,-4.01846],[119.69583,-4.01854],[119.69484,-4.01773],[119.695,-4.0165],[119.69729,-4.01436],[119.69313,-4.01642],[119.6908,-4.01483],[119.68745,-4.014],[119.68579,-4.01189],[119.68648,-4.01044],[119.68894,-4.00932],[119.68995,-4.00772],[119.691,-4.00241],[119.69297,-3.99841],[119.69228,-3.99486],[119.69138,-3.99408],[119.68699,-3.99429],[119.68581,-3.9935],[119.68467,-3.99148],[119.68339,-3.98651],[119.67093,-3.97324],[119.66737,-3.96826],[119.66547,-3.96263],[119.66336,-3.96054],[119.65339,-3.96784],[119.65268,-3.96894],[119.64674,-3.97277],[119.64588,-3.97489],[119.64279,-3.9765],[119.6401,-3.98051],[119.63925,-3.98087],[119.63817,-3.9798],[119.63725,-3.97996],[119.63616,-3.98109],[119.63605,-3.98225],[119.63477,-3.98249]]],[[[119.61748,-4.05095],[119.61733,-4.05133],[119.61779,-4.05064],[119.61748,-4.05095]]],[[[119.6331571,-4.027765],[119.6336734,-4.0278957],[119.6335555,-4.0283591],[119.6330393,-4.0282284],[119.6331571,-4.027765]]],[[[119.632472,-4.0293068],[119.6326824,-4.0289155],[119.6332232,-4.0292048],[119.6330129,-4.0295961],[119.632472,-4.0293068]]]]}},
{"type":"Feature","properties":{"slug":"pinrang","nama":"Kabupaten Pinrang","osm":"relation/14752096","pusat":[-3.6349448409893994,119.5877142402826]},"geometry":{"type":"MultiPolygon","coordinates":[[[[119.47422,-3.50154],[119.47478,-3.50096],[119.47656,-3.50093],[119.47755,-3.50252],[119.47863,-3.50283],[119.47907,-3.50193],[119.4776,-3.49936],[119.47883,-3.49766],[119.48057,-3.49861],[119.48282,-3.49813],[119.47941,-3.49575],[119.4788,-3.49434],[119.47933,-3.4929],[119.48021,-3.49359],[119.48191,-3.49354],[119.48435,-3.49651],[119.48581,-3.49525],[119.48571,-3.49424],[119.48389,-3.49236],[119.48441,-3.48992],[119.48757,-3.48539],[119.48801,-3.48378],[119.49266,-3.48369],[119.4927,-3.48298],[119.49087,-3.48152],[119.49276,-3.47888],[119.49204,-3.47722],[119.49281,-3.47543],[119.4906,-3.47362],[119.48622,-3.46811],[119.48313,-3.46801],[119.48296,-3.46437],[119.47825,-3.46229],[119.47679,-3.46078],[119.47727,-3.45877],[119.47553,-3.45839],[119.47558,-3.45618],[119.47751,-3.45677],[119.47871,-3.45367],[119.47813,-3.45134],[119.47914,-3.45086],[119.4795,-3.44951],[119.4788,-3.44862],[119.47753,-3.44832],[119.47501,-3.44447],[119.47458,-3.44],[119.47225,-3.43939],[119.46904,-3.4332],[119.47022,-3.43064],[119.47257,-3.4299],[119.47292,-3.42911],[119.47299,-3.42574],[119.47071,-3.42322],[119.47165,-3.4211],[119.47135,-3.41727],[119.47401,-3.41575],[119.47458,-3.41296],[119.4693,-3.40899],[119.4677,-3.40571],[119.46717,-3.40083],[119.4678,-3.39815],[119.46688,-3.39633],[119.46557,-3.39639],[119.4647,-3.39498],[119.46589,-3.39291],[119.46585,-3.38942],[119.46506,-3.38813],[119.46401,-3.38827],[119.46357,-3.38738],[119.45996,-3.38607],[119.45955,-3.38435],[119.46014,-3.3833],[119.46153,-3.38306],[119.46195,-3.38186],[119.46295,-3.38182],[119.46394,-3.37958],[119.46581,-3.37822],[119.46554,-3.37588],[119.46388,-3.37509],[119.46424,-3.37294],[119.45589,-3.36633],[119.45473,-3.36457],[119.45488,-3.36319],[119.45348,-3.36178],[119.45071,-3.35417],[119.44947,-3.35473],[119.44191,-3.35205],[119.43757,-3.34489],[119.43541,-3.34399],[119.43487,-3.34248],[119.43142,-3.33912],[119.43556,-3.34032],[119.43841,-3.33874],[119.44256,-3.33785],[119.44508,-3.33465],[119.44556,-3.33266],[119.4455,-3.3306],[119.44417,-3.32866],[119.44056,-3.32555],[119.44094,-3.32423],[119.44026,-3.32271],[119.43856,-3.32185],[119.43816,-3.32074],[119.44148,-3.31757],[119.44393,-3.31701],[119.44462,-3.31474],[119.44199,-3.31331],[119.43741,-3.31442],[119.43588,-3.31407],[119.43634,-3.31225],[119.4381,-3.31172],[119.43997,-3.30617],[119.44039,-3.30281],[119.43941,-3.30053],[119.43514,-3.29476],[119.43575,-3.29219],[119.43688,-3.29064],[119.43671,-3.28774],[119.43727,-3.28575],[119.44112,-3.28314],[119.44335,-3.2837],[119.44852,-3.28718],[119.4562,-3.28551],[119.45913,-3.28649],[119.4615,-3.29332],[119.46723,-3.29276],[119.47169,-3.29387],[119.47784,-3.29276],[119.48691,-3.29415],[119.49124,-3.2961],[119.49585,-3.29401],[119.50395,-3.29457],[119.50618,-3.29764],[119.51219,-3.29708],[119.51735,-3.29346],[119.51931,-3.28927],[119.51847,-3.28398],[119.51931,-3.2784],[119.52252,-3.27617],[119.52573,-3.27715],[119.52796,-3.2752],[119.53159,-3.27506],[119.5348,-3.27366],[119.54137,-3.27436],[119.54974,-3.27129],[119.55212,-3.27338],[119.55435,-3.27032],[119.55924,-3.27046],[119.56845,-3.27784],[119.57236,-3.28509],[119.57879,-3.2883],[119.58507,-3.28663],[119.58982,-3.28663],[119.59554,-3.28426],[119.59819,-3.28523],[119.60308,-3.28272],[119.60615,-3.28495],[119.61272,-3.2869],[119.61411,-3.2915],[119.61858,-3.29583],[119.62012,-3.30057],[119.63031,-3.30963],[119.63156,-3.31325],[119.64246,-3.31799],[119.64692,-3.32384],[119.64776,-3.329],[119.64148,-3.33639],[119.64246,-3.33946],[119.65181,-3.34155],[119.64832,-3.34754],[119.64944,-3.36148],[119.6539,-3.3651],[119.65949,-3.36301],[119.66326,-3.36521],[119.67916,-3.36638],[119.6859,-3.36379],[119.68695,-3.36452],[119.6883,-3.36435],[119.6897,-3.36086],[119.69233,-3.36463],[119.69207,-3.3715],[119.6937,-3.37264],[119.69267,-3.37642],[119.69334,-3.38012],[119.69775,-3.38372],[119.69776,-3.38471],[119.69612,-3.38746],[119.69478,-3.3938],[119.69714,-3.40384],[119.69621,-3.40723],[119.69664,-3.41215],[119.69836,-3.41631],[119.69793,-3.42241],[119.6984,-3.424],[119.70106,-3.42359],[119.70175,-3.42419],[119.69926,-3.42678],[119.69851,-3.42627],[119.6977,-3.42704],[119.69688,-3.42629],[119.69499,-3.42719],[119.69332,-3.42608],[119.69083,-3.42783],[119.69102,-3.43085],[119.69531,-3.4425],[119.6942,-3.44687],[119.69222,-3.44807],[119.6878,-3.44666],[119.68715,-3.44537],[119.68602,-3.4445],[119.68561,-3.44488],[119.68859,-3.45206],[119.68913,-3.45649],[119.68848,-3.45818],[119.68996,-3.46152],[119.69132,-3.46155],[119.69391,-3.46292],[119.69473,-3.46472],[119.69574,-3.46476],[119.69604,-3.46577],[119.69831,-3.46669],[119.69898,-3.46919],[119.70086,-3.46983],[119.70164,-3.47103],[119.70419,-3.47069],[119.70625,-3.47296],[119.70449,-3.47538],[119.70183,-3.47611],[119.70239,-3.47806],[119.70013,-3.47999],[119.7014,-3.48249],[119.70144,-3.48412],[119.70005,-3.48598],[119.70159,-3.49082],[119.70266,-3.50288],[119.69481,-3.50764],[119.6946,-3.50916],[119.69848,-3.51425],[119.7003,-3.52085],[119.70414,-3.52588],[119.70695,-3.53119],[119.70657,-3.53522],[119.7129,-3.5403],[119.71867,-3.54756],[119.71904,-3.54893],[119.71803,-3.55897],[119.71719,-3.55955],[119.71749,-3.56274],[119.71916,-3.56835],[119.72064,-3.58641],[119.72895,-3.59998],[119.73471,-3.6163],[119.7366,-3.62439],[119.73619,-3.63238],[119.73831,-3.63657],[119.73958,-3.64288],[119.74261,-3.64637],[119.7433,-3.65377],[119.7491,-3.65723],[119.74893,-3.65888],[119.74693,-3.66107],[119.7474,-3.6625],[119.74573,-3.66354],[119.74517,-3.66565],[119.74642,-3.66571],[119.74905,-3.66913],[119.75134,-3.66742],[119.75569,-3.66785],[119.75874,-3.66958],[119.75978,-3.671],[119.75924,-3.67571],[119.76102,-3.70241],[119.76649,-3.70642],[119.77063,-3.71173],[119.77868,-3.71359],[119.78361,-3.7176],[119.78605,-3.72582],[119.78553,-3.72643],[119.78082,-3.72681],[119.78057,-3.73399],[119.77963,-3.73727],[119.77551,-3.73808],[119.77291,-3.73965],[119.76591,-3.74147],[119.7645,-3.74346],[119.7648,-3.74416],[119.76394,-3.74461],[119.76167,-3.74489],[119.76044,-3.74431],[119.75621,-3.74506],[119.75688,-3.74579],[119.75705,-3.74877],[119.75484,-3.75104],[119.75518,-3.75318],[119.7534,-3.75472],[119.7527,-3.75686],[119.75173,-3.75725],[119.7519,-3.75915],[119.75042,-3.75977],[119.75916,-3.76514],[119.75589,-3.76733],[119.75549,-3.76926],[119.75199,-3.77256],[119.75068,-3.77609],[119.74862,-3.77836],[119.74731,-3.78198],[119.74491,-3.78493],[119.75188,-3.79786],[119.74853,-3.81396],[119.74375,-3.82383],[119.74123,-3.8325],[119.73888,-3.83806],[119.73647,-3.8466],[119.73702,-3.8493],[119.73615,-3.8514],[119.73374,-3.85293],[119.73417,-3.85705],[119.73277,-3.85827],[119.73166,-3.85836],[119.72955,-3.86045],[119.72849,-3.86026],[119.72815,-3.86231],[119.72722,-3.86319],[119.72713,-3.8679],[119.7252,-3.87161],[119.72597,-3.87291],[119.72487,-3.87414],[119.7248,-3.87533],[119.72328,-3.8762],[119.72313,-3.87718],[119.72325,-3.87836],[119.72531,-3.87917],[119.72581,-3.88213],[119.72683,-3.883],[119.72656,-3.88483],[119.72432,-3.88587],[119.72438,-3.88792],[119.72341,-3.88869],[119.72419,-3.89026],[119.72407,-3.89254],[119.72492,-3.89392],[119.72357,-3.89533],[119.71964,-3.90486],[119.71863,-3.90544],[119.71771,-3.90727],[119.7123,-3.91085],[119.70975,-3.91103],[119.70785,-3.90881],[119.70405,-3.90628],[119.70247,-3.90753],[119.69697,-3.92043],[119.69459,-3.92446],[119.69351,-3.92512],[119.67052,-3.9546],[119.65339,-3.96784],[119.65268,-3.96894],[119.64674,-3.97277],[119.64588,-3.97489],[119.64279,-3.9765],[119.6401,-3.98051],[119.63925,-3.98087],[119.63817,-3.9798],[119.63725,-3.97996],[119.63616,-3.98109],[119.63605,-3.98225],[119.63477,-3.98249],[119.63333,-3.98085],[119.63307,-3.97724],[119.63322,-3.97565],[119.6337,-3.97565],[119.63299,-3.97524],[119.63399,-3.97401],[119.63276,-3.97352],[119.6328,-3.97204],[119.63075,-3.97173],[119.63059,-3.97123],[119.63235,-3.96906],[119.63384,-3.96962],[119.63484,-3.9688],[119.63493,-3.96783],[119.63449,-3.96764],[119.63415,-3.9684],[119.63373,-3.96732],[119.63283,-3.96704],[119.63163,-3.9684],[119.63094,-3.9686],[119.63099,-3.96798],[119.63033,-3.96779],[119.62925,-3.96921],[119.62815,-3.96902],[119.62833,-3.97061],[119.62649,-3.97116],[119.62577,-3.97281],[119.62429,-3.97282],[119.62351,-3.97139],[119.62239,-3.97093],[119.62165,-3.97247],[119.62288,-3.97341],[119.62259,-3.97417],[119.61597,-3.97916],[119.61496,-3.97878],[119.61345,-3.98045],[119.61212,-3.98399],[119.61116,-3.984],[119.60881,-3.98236],[119.60772,-3.97756],[119.6058,-3.97396],[119.60487,-3.97375],[119.6016,-3.97552],[119.60056,-3.97538],[119.5967,-3.97236],[119.5956,-3.97254],[119.59275,-3.97103],[119.59116,-3.97104],[119.58795,-3.97347],[119.58628,-3.97347],[119.58664,-3.97455],[119.58557,-3.97902],[119.58705,-3.98027],[119.58756,-3.98235],[119.58696,-3.98759],[119.59021,-4.0009],[119.5921,-4.00425],[119.59262,-4.00437],[119.59227,-4.00372],[119.59319,-4.00533],[119.59552,-4.00604],[119.59764,-4.00573],[119.59967,-4.00629],[119.60479,-4.0057],[119.6061,-4.00499],[119.60626,-4.00404],[119.61374,-4.00442],[119.61259,-4.00584],[119.61073,-4.00656],[119.60884,-4.00879],[119.60696,-4.01017],[119.60609,-4.0101],[119.60372,-4.01294],[119.60229,-4.01335],[119.60108,-4.01606],[119.5967,-4.02076],[119.59385,-4.02153],[119.59304,-4.02278],[119.59245,-4.02599],[119.59345,-4.02707],[119.59342,-4.02812],[119.59247,-4.02798],[119.59284,-4.03361],[119.59395,-4.03552],[119.59784,-4.03682],[119.59853,-4.03803],[119.59849,-4.04239],[119.59563,-4.04375],[119.59476,-4.04377],[119.59235,-4.04176],[119.58693,-4.03942],[119.58539,-4.03764],[119.58378,-4.0324],[119.5808,-4.01543],[119.58163,-4.00919],[119.58037,-4.00668],[119.57892,-4.00038],[119.57853,-3.9841],[119.57132,-3.94939],[119.56755,-3.94473],[119.56269,-3.93677],[119.55822,-3.93151],[119.55426,-3.92234],[119.553,-3.92204],[119.54957,-3.91816],[119.54861,-3.91794],[119.54375,-3.91037],[119.54287,-3.90991],[119.53827,-3.90148],[119.52863,-3.87858],[119.50723,-3.81256],[119.50148,-3.79887],[119.49455,-3.78556],[119.48529,-3.76043],[119.47795,-3.7459],[119.46365,-3.72986],[119.45826,-3.72276],[119.45354,-3.71423],[119.45311,-3.70834],[119.4477,-3.69714],[119.44752,-3.69469],[119.44858,-3.69702],[119.45205,-3.69399],[119.453,-3.69235],[119.45194,-3.68974],[119.44851,-3.68472],[119.44781,-3.68065],[119.44814,-3.67804],[119.44956,-3.67875],[119.45108,-3.68296],[119.45111,-3.68344],[119.44925,-3.6835],[119.44929,-3.68474],[119.45051,-3.68627],[119.45175,-3.6865],[119.45325,-3.68499],[119.45015,-3.67828],[119.45141,-3.67545],[119.4506,-3.67489],[119.4518,-3.67308],[119.45273,-3.67336],[119.45373,-3.6718],[119.45374,-3.67244],[119.45562,-3.67307],[119.45667,-3.67244],[119.45647,-3.6719],[119.4569,-3.6728],[119.45755,-3.67229],[119.45568,-3.67051],[119.45538,-3.66903],[119.45628,-3.66722],[119.45733,-3.66177],[119.45804,-3.66068],[119.45905,-3.66095],[119.46061,-3.65927],[119.45985,-3.65892],[119.45927,-3.6596],[119.45865,-3.65758],[119.45894,-3.64464],[119.46008,-3.63919],[119.46129,-3.63813],[119.46338,-3.63775],[119.4618,-3.6383],[119.46028,-3.63993],[119.46027,-3.64065],[119.46109,-3.64104],[119.46437,-3.63868],[119.46669,-3.63946],[119.47258,-3.63636],[119.47549,-3.6343],[119.47547,-3.63366],[119.47722,-3.63382],[119.48084,-3.63157],[119.48389,-3.62644],[119.48637,-3.61989],[119.48996,-3.6139],[119.49505,-3.60241],[119.49759,-3.60004],[119.50156,-3.59861],[119.50379,-3.59857],[119.50498,-3.59991],[119.50835,-3.59883],[119.51067,-3.59602],[119.51117,-3.59376],[119.51142,-3.58316],[119.51208,-3.58139],[119.51103,-3.57608],[119.51195,-3.57534],[119.51092,-3.57245],[119.51356,-3.56146],[119.51172,-3.5528],[119.51052,-3.54941],[119.50981,-3.54906],[119.51045,-3.54782],[119.50745,-3.54144],[119.50291,-3.53397],[119.50009,-3.53158],[119.49179,-3.52011],[119.47461,-3.5031],[119.47422,-3.50154]]],[[[119.60559,-3.99897],[119.60644,-3.99743],[119.60182,-3.99594],[119.60261,-3.9945],[119.60374,-3.99536],[119.60251,-3.99406],[119.60136,-3.99593],[119.60268,-3.99879],[119.60559,-3.99897]]],[[[119.59694,-3.99834],[119.5969,-3.99891],[119.59732,-3.99804],[119.59694,-3.99834]]]]}},
{"type":"Feature","properties":{"slug":"selayar","nama":"Kabupaten Kepulauan Selayar","osm":"relation/12574566","pusat":[-6.167425293103448,120.5048736896552]},"geometry":{"type":"MultiPolygon","coordinates":[[[[121.7596,-7.26066],[121.75371,-7.26222],[121.75185,-7.26172],[121.75273,-7.26317],[121.75169,-7.266],[121.74836,-7.26785],[121.74608,-7.2662],[121.74516,-7.26938],[121.74362,-7.27155],[121.74284,-7.27205],[121.74196,-7.27137],[121.74083,-7.27147],[121.7372,-7.27884],[121.73285,-7.28042],[121.7307,-7.2794],[121.73127,-7.27733],[121.72977,-7.27844],[121.72914,-7.28069],[121.73001,-7.28047],[121.73066,-7.28133],[121.731,-7.28563],[121.73049,-7.28829],[121.72783,-7.29078],[121.72777,-7.29474],[121.7302,-7.29505],[121.73665,-7.29186],[121.74287,-7.29121],[121.74847,-7.28973],[121.75309,-7.28694],[121.75509,-7.28641],[121.75948,-7.28764],[121.77195,-7.28709],[121.77311,-7.28652],[121.77655,-7.2788],[121.77814,-7.27761],[121.77944,-7.27516],[121.77879,-7.27251],[121.77544,-7.26812],[121.77378,-7.2674],[121.77003,-7.26398],[121.7671,-7.26301],[121.76513,-7.26062],[121.76358,-7.26177],[121.7596,-7.26066]]],[[[120.55461,-5.98558],[120.5542,-5.98214],[120.55226,-5.98125],[120.55197,-5.98041],[120.55276,-5.98008],[120.55304,-5.97904],[120.55216,-5.97637],[120.55388,-5.9751],[120.55369,-5.97289],[120.55288,-5.97256],[120.55329,-5.9706],[120.55093,-5.96811],[120.55106,-5.96708],[120.54974,-5.96472],[120.55042,-5.96412],[120.55016,-5.96142],[120.54902,-5.96055],[120.5497,-5.9592],[120.5475,-5.95394],[120.54662,-5.95355],[120.54591,-5.94552],[120.54641,-5.94501],[120.54566,-5.94495],[120.54373,-5.94257],[120.54402,-5.94026],[120.54283,-5.93437],[120.54033,-5.9313],[120.53811,-5.93136],[120.5387,-5.92986],[120.53638,-5.92363],[120.53559,-5.92296],[120.53558,-5.92152],[120.53491,-5.92112],[120.53516,-5.91976],[120.53452,-5.91942],[120.53549,-5.91756],[120.53486,-5.91316],[120.53427,-5.91295],[120.53467,-5.91243],[120.533,-5.91162],[120.53323,-5.91042],[120.53443,-5.90983],[120.53404,-5.90714],[120.53328,-5.90696],[120.53381,-5.90598],[120.53336,-5.90518],[120.53258,-5.90518],[120.53219,-5.90045],[120.53349,-5.89442],[120.53276,-5.89353],[120.53324,-5.89239],[120.53268,-5.88953],[120.53302,-5.88867],[120.53481,-5.88839],[120.53477,-5.88469],[120.53347,-5.87938],[120.53395,-5.87539],[120.53308,-5.87437],[120.53257,-5.87197],[120.5325,-5.87114],[120.5331,-5.87085],[120.53186,-5.86932],[120.53012,-5.86389],[120.52869,-5.8626],[120.52822,-5.8602],[120.52737,-5.85942],[120.52606,-5.85101],[120.52727,-5.84668],[120.53038,-5.84442],[120.52694,-5.8402],[120.52468,-5.83474],[120.5183,-5.83753],[120.5174,-5.83729],[120.51767,-5.83494],[120.51721,-5.83501],[120.51743,-5.83649],[120.51556,-5.83594],[120.51322,-5.83263],[120.5108,-5.8259],[120.50781,-5.82322],[120.50632,-5.81773],[120.50522,-5.81764],[120.50241,-5.81275],[120.50114,-5.80953],[120.50211,-5.8067],[120.50103,-5.80381],[120.50138,-5.80123],[120.50257,-5.79828],[120.50665,-5.79211],[120.5085,-5.79203],[120.50715,-5.79098],[120.50691,-5.78661],[120.50566,-5.78264],[120.50233,-5.77918],[120.4992,-5.7776],[120.49797,-5.77143],[120.49687,-5.76887],[120.49301,-5.76757],[120.48333,-5.76832],[120.47891,-5.77175],[120.47498,-5.77368],[120.4733,-5.7773],[120.46876,-5.78206],[120.46645,-5.78769],[120.46402,-5.78847],[120.46131,-5.79366],[120.45918,-5.82243],[120.45719,-5.8267],[120.45574,-5.84285],[120.45323,-5.84579],[120.45263,-5.85472],[120.45235,-5.89247],[120.45158,-5.89362],[120.45049,-5.90587],[120.44733,-5.91865],[120.44644,-5.92899],[120.44668,-5.93621],[120.44533,-5.96218],[120.44828,-5.97223],[120.44955,-5.9744],[120.44937,-5.9754],[120.45068,-5.97749],[120.44985,-5.97948],[120.45024,-5.98279],[120.44929,-5.98691],[120.44924,-6.00244],[120.45,-6.00564],[120.45271,-6.01138],[120.45161,-6.01851],[120.44918,-6.02516],[120.44842,-6.03428],[120.44872,-6.04026],[120.45,-6.04367],[120.45319,-6.04814],[120.4538,-6.05286],[120.45365,-6.05433],[120.45103,-6.05841],[120.4509,-6.06199],[120.45489,-6.07659],[120.46057,-6.08539],[120.46536,-6.08913],[120.46617,-6.09295],[120.46311,-6.10887],[120.4576,-6.11548],[120.45599,-6.11835],[120.45404,-6.11752],[120.456,-6.11849],[120.45572,-6.11961],[120.4549,-6.11941],[120.45655,-6.11999],[120.45661,-6.12136],[120.4558,-6.12347],[120.45451,-6.12283],[120.45575,-6.1236],[120.44874,-6.13981],[120.44899,-6.14136],[120.45109,-6.14299],[120.44891,-6.15372],[120.44878,-6.15825],[120.44662,-6.15957],[120.44616,-6.1636],[120.44247,-6.16529],[120.44024,-6.1649],[120.43377,-6.16667],[120.43255,-6.16645],[120.43322,-6.16827],[120.43066,-6.16837],[120.43033,-6.16894],[120.4325,-6.17426],[120.43217,-6.17543],[120.43083,-6.17658],[120.43072,-6.17761],[120.42977,-6.17724],[120.4273,-6.1787],[120.42643,-6.18056],[120.42667,-6.18131],[120.42792,-6.18144],[120.42903,-6.1792],[120.43055,-6.17967],[120.43035,-6.18031],[120.42946,-6.18032],[120.42855,-6.18634],[120.42911,-6.18742],[120.43516,-6.19138],[120.43805,-6.19252],[120.43998,-6.19243],[120.44446,-6.19843],[120.4449,-6.20012],[120.44412,-6.20099],[120.44617,-6.20609],[120.44523,-6.20792],[120.4469,-6.21097],[120.44629,-6.2117],[120.44685,-6.21249],[120.44636,-6.21343],[120.44692,-6.21371],[120.44739,-6.21605],[120.44533,-6.22586],[120.4459,-6.23666],[120.44694,-6.23953],[120.44673,-6.24121],[120.44744,-6.24179],[120.44781,-6.24577],[120.44595,-6.24929],[120.4444,-6.24988],[120.44492,-6.25032],[120.44453,-6.25286],[120.44398,-6.25311],[120.44341,-6.25588],[120.44243,-6.2563],[120.44365,-6.25816],[120.4433,-6.2591],[120.44458,-6.26006],[120.44515,-6.26184],[120.4457,-6.26662],[120.44713,-6.26668],[120.44784,-6.26832],[120.44871,-6.2685],[120.44971,-6.26739],[120.45083,-6.26755],[120.45416,-6.26577],[120.45677,-6.26677],[120.45782,-6.26656],[120.45951,-6.26779],[120.46507,-6.26764],[120.47193,-6.27062],[120.47363,-6.2725],[120.47478,-6.2765],[120.47806,-6.27731],[120.47899,-6.27833],[120.48103,-6.28408],[120.47935,-6.29075],[120.47601,-6.29626],[120.47388,-6.29904],[120.4728,-6.29966],[120.47144,-6.29928],[120.47275,-6.3016],[120.47299,-6.30354],[120.47548,-6.30452],[120.47666,-6.3063],[120.47741,-6.30639],[120.47616,-6.31317],[120.47641,-6.31732],[120.47234,-6.32798],[120.47258,-6.33169],[120.47129,-6.34132],[120.47141,-6.3514],[120.4722,-6.35733],[120.47374,-6.36223],[120.47318,-6.36625],[120.47409,-6.36851],[120.47251,-6.37296],[120.47171,-6.3817],[120.47007,-6.38518],[120.46595,-6.38853],[120.46401,-6.38909],[120.46212,-6.38716],[120.46211,-6.38574],[120.45776,-6.38211],[120.45418,-6.3816],[120.45472,-6.38347],[120.45542,-6.38307],[120.4549,-6.38399],[120.456,-6.38468],[120.45534,-6.38549],[120.45568,-6.38598],[120.456,-6.38553],[120.45647,-6.38725],[120.45727,-6.38701],[120.45802,-6.38832],[120.458,-6.38962],[120.4569,-6.39093],[120.45824,-6.39225],[120.45803,-6.3933],[120.46001,-6.39405],[120.46103,-6.39937],[120.46316,-6.39895],[120.46506,-6.39775],[120.46573,-6.39832],[120.46924,-6.39858],[120.46936,-6.40085],[120.47013,-6.40102],[120.4684,-6.40455],[120.4661,-6.40295],[120.46439,-6.40368],[120.46066,-6.40293],[120.45987,-6.4052],[120.46026,-6.4086],[120.46128,-6.4131],[120.46403,-6.41882],[120.4647,-6.42205],[120.46812,-6.42747],[120.46867,-6.4305],[120.47146,-6.4334],[120.47252,-6.43718],[120.4738,-6.43779],[120.47469,-6.44842],[120.47586,-6.45131],[120.47563,-6.45654],[120.47775,-6.46236],[120.47811,-6.47205],[120.4798,-6.47682],[120.47917,-6.48076],[120.48007,-6.4827],[120.47983,-6.48642],[120.48108,-6.48898],[120.48092,-6.49497],[120.48341,-6.49847],[120.48584,-6.4962],[120.48617,-6.48767],[120.48944,-6.48429],[120.49113,-6.48003],[120.49142,-6.47349],[120.49292,-6.46779],[120.49648,-6.46156],[120.50082,-6.45722],[120.50139,-6.4518],[120.50298,-6.44841],[120.50466,-6.44721],[120.50821,-6.44627],[120.50996,-6.44356],[120.5099,-6.44238],[120.50787,-6.43968],[120.50466,-6.43848],[120.5028,-6.4356],[120.49822,-6.42289],[120.49833,-6.4221],[120.50085,-6.41982],[120.50126,-6.4165],[120.49952,-6.41212],[120.49731,-6.41077],[120.49631,-6.40457],[120.49312,-6.40231],[120.49306,-6.39986],[120.49687,-6.39745],[120.49655,-6.39365],[120.49557,-6.39296],[120.49516,-6.39221],[120.49566,-6.39149],[120.49512,-6.39138],[120.49588,-6.3917],[120.49573,-6.39125],[120.49663,-6.39101],[120.49842,-6.39407],[120.49934,-6.39461],[120.50148,-6.394],[120.50261,-6.39458],[120.50605,-6.39269],[120.50654,-6.39125],[120.50524,-6.38933],[120.50588,-6.3886],[120.50731,-6.3891],[120.50782,-6.3869],[120.50547,-6.38465],[120.50562,-6.3809],[120.50963,-6.37834],[120.5109,-6.37449],[120.51178,-6.37336],[120.51269,-6.37351],[120.51343,-6.3721],[120.51264,-6.36934],[120.5135,-6.36795],[120.51263,-6.36683],[120.51041,-6.36637],[120.51059,-6.36508],[120.51248,-6.36425],[120.51264,-6.36317],[120.51391,-6.36265],[120.51509,-6.36275],[120.51562,-6.36357],[120.51671,-6.36344],[120.51948,-6.36564],[120.52116,-6.36475],[120.52077,-6.36048],[120.52171,-6.35763],[120.52088,-6.35616],[120.52268,-6.35504],[120.52308,-6.35352],[120.51862,-6.35132],[120.51748,-6.35],[120.51759,-6.34876],[120.51858,-6.34783],[120.52075,-6.3474],[120.5224,-6.34802],[120.52649,-6.34765],[120.52719,-6.34596],[120.52628,-6.34469],[120.52476,-6.34406],[120.52476,-6.34217],[120.52183,-6.33988],[120.5216,-6.33677],[120.52425,-6.33482],[120.5275,-6.3357],[120.52934,-6.33233],[120.53162,-6.3305],[120.53612,-6.32926],[120.53671,-6.32835],[120.53857,-6.32779],[120.53738,-6.32431],[120.5383,-6.32114],[120.53784,-6.31644],[120.5384,-6.312],[120.53712,-6.3092],[120.53838,-6.30766],[120.53685,-6.30445],[120.53691,-6.30077],[120.53574,-6.29896],[120.53594,-6.29831],[120.53816,-6.29737],[120.53836,-6.29345],[120.53949,-6.29225],[120.53777,-6.28834],[120.5388,-6.28591],[120.53779,-6.28323],[120.53883,-6.28237],[120.53947,-6.28015],[120.5383,-6.27574],[120.5369,-6.27514],[120.5363,-6.27391],[120.53673,-6.27256],[120.53775,-6.27177],[120.53687,-6.27069],[120.53563,-6.27071],[120.53428,-6.2672],[120.53466,-6.26298],[120.53566,-6.26262],[120.53586,-6.25914],[120.53864,-6.2535],[120.53874,-6.24893],[120.53773,-6.24583],[120.53455,-6.24543],[120.53252,-6.2466],[120.53011,-6.24471],[120.53016,-6.24131],[120.53131,-6.24066],[120.53028,-6.2394],[120.52994,-6.23771],[120.53094,-6.23683],[120.5313,-6.23543],[120.52945,-6.2336],[120.52813,-6.23332],[120.52784,-6.23187],[120.52918,-6.23065],[120.52934,-6.22962],[120.5269,-6.22843],[120.52587,-6.22421],[120.52455,-6.22353],[120.52428,-6.22263],[120.52534,-6.2212],[120.52679,-6.22089],[120.52788,-6.22177],[120.53039,-6.22089],[120.52992,-6.21963],[120.52768,-6.2197],[120.52663,-6.21766],[120.52771,-6.21529],[120.52996,-6.21527],[120.52912,-6.21212],[120.5281,-6.21155],[120.52666,-6.20785],[120.52824,-6.20524],[120.52995,-6.20461],[120.53038,-6.20373],[120.53108,-6.1997],[120.53069,-6.19819],[120.53158,-6.19685],[120.53123,-6.19354],[120.52875,-6.1884],[120.52926,-6.18597],[120.53135,-6.18321],[120.53209,-6.17908],[120.53367,-6.17805],[120.5338,-6.17593],[120.53308,-6.17421],[120.53537,-6.17391],[120.53667,-6.1724],[120.53703,-6.17123],[120.53606,-6.16975],[120.53734,-6.16847],[120.53737,-6.16697],[120.53857,-6.16454],[120.53897,-6.15729],[120.54117,-6.15533],[120.54269,-6.1554],[120.54204,-6.15136],[120.54338,-6.14853],[120.54418,-6.14853],[120.54554,-6.14683],[120.5467,-6.13808],[120.54863,-6.13553],[120.54825,-6.13361],[120.5492,-6.13118],[120.54854,-6.12905],[120.54772,-6.12844],[120.54687,-6.12866],[120.54507,-6.12714],[120.54136,-6.12618],[120.54089,-6.12483],[120.53967,-6.12416],[120.54073,-6.12279],[120.54158,-6.1234],[120.54302,-6.12288],[120.54681,-6.12354],[120.55049,-6.12327],[120.55118,-6.12253],[120.5514,-6.12078],[120.55029,-6.11835],[120.54626,-6.11489],[120.54443,-6.11166],[120.54478,-6.11053],[120.54414,-6.10896],[120.54511,-6.10688],[120.54721,-6.10657],[120.54743,-6.10593],[120.55148,-6.10706],[120.55291,-6.10836],[120.55472,-6.10466],[120.5557,-6.09388],[120.55531,-6.09317],[120.55458,-6.09342],[120.55444,-6.09162],[120.55269,-6.09019],[120.55355,-6.08869],[120.55516,-6.08977],[120.55658,-6.08956],[120.55744,-6.08106],[120.55662,-6.07904],[120.55508,-6.07873],[120.55516,-6.07799],[120.55426,-6.07737],[120.55188,-6.07661],[120.55168,-6.07479],[120.55391,-6.07539],[120.55701,-6.07513],[120.55489,-6.07325],[120.5576,-6.07066],[120.55672,-6.06906],[120.55715,-6.0679],[120.5557,-6.06588],[120.55531,-6.06369],[120.55598,-6.06341],[120.55736,-6.06419],[120.55893,-6.06357],[120.55943,-6.06395],[120.55898,-6.06472],[120.56227,-6.06635],[120.56294,-6.06528],[120.56241,-6.06382],[120.56461,-6.06283],[120.56843,-6.05595],[120.56829,-6.05321],[120.56743,-6.05132],[120.56575,-6.04986],[120.5671,-6.04797],[120.56661,-6.04451],[120.56703,-6.04115],[120.56651,-6.03728],[120.56584,-6.03686],[120.56648,-6.03549],[120.56568,-6.03496],[120.56616,-6.03373],[120.56531,-6.03231],[120.56556,-6.03128],[120.56486,-6.03063],[120.56487,-6.02815],[120.56423,-6.02726],[120.56469,-6.02578],[120.56362,-6.02422],[120.56406,-6.02364],[120.56384,-6.0201],[120.56305,-6.0198],[120.56202,-6.01453],[120.56083,-6.01286],[120.56144,-6.01174],[120.55865,-6.0002],[120.55881,-5.99495],[120.55795,-5.99429],[120.55879,-5.99391],[120.55869,-5.99219],[120.55461,-5.98558]]],[[[120.42157,-6.11606],[120.41705,-6.11608],[120.41618,-6.11521],[120.41451,-6.11512],[120.41373,-6.1169],[120.41267,-6.11768],[120.41254,-6.12009],[120.4086,-6.12275],[120.40825,-6.125],[120.40755,-6.1254],[120.40726,-6.12748],[120.40649,-6.12806],[120.40156,-6.15599],[120.40096,-6.15616],[120.40014,-6.15995],[120.39744,-6.16129],[120.3971,-6.16227],[120.39572,-6.16255],[120.39448,-6.16766],[120.39476,-6.17284],[120.39386,-6.17316],[120.39315,-6.18005],[120.39251,-6.18031],[120.39471,-6.1865],[120.39684,-6.19809],[120.39898,-6.20255],[120.40177,-6.20118],[120.40308,-6.20281],[120.40467,-6.20186],[120.40695,-6.20229],[120.40865,-6.203],[120.41081,-6.20738],[120.41171,-6.20716],[120.41478,-6.20899],[120.41995,-6.20737],[120.42268,-6.20193],[120.42666,-6.19669],[120.42569,-6.1946],[120.4255,-6.19155],[120.42328,-6.18805],[120.4212,-6.18704],[120.4189,-6.18221],[120.42031,-6.1784],[120.4204,-6.17612],[120.42181,-6.17465],[120.42221,-6.17227],[120.42154,-6.17231],[120.42024,-6.16939],[120.41983,-6.16569],[120.41669,-6.15597],[120.41767,-6.15286],[120.41671,-6.14865],[120.41677,-6.13826],[120.42112,-6.13174],[120.42151,-6.1289],[120.41922,-6.12312],[120.42254,-6.1203],[120.42382,-6.12239],[120.42714,-6.1197],[120.43006,-6.11197],[120.43163,-6.11048],[120.43258,-6.11073],[120.43246,-6.10664],[120.42896,-6.1058],[120.42542,-6.10796],[120.42244,-6.11577],[120.42157,-6.11606]]],[[[120.4517,-6.32445],[120.45111,-6.32302],[120.44983,-6.32329],[120.44967,-6.32442],[120.45069,-6.3249],[120.4517,-6.32445]]],[[[120.45281,-6.34692],[120.45278,-6.34396],[120.44986,-6.34085],[120.45039,-6.34224],[120.44941,-6.34274],[120.45017,-6.34366],[120.44827,-6.3444],[120.44907,-6.34472],[120.44962,-6.34681],[120.44796,-6.34629],[120.44605,-6.34746],[120.4464,-6.34809],[120.45033,-6.34888],[120.45186,-6.34852],[120.45281,-6.34692]]],[[[120.43141,-6.47978],[120.43178,-6.47197],[120.43107,-6.46923],[120.43017,-6.46961],[120.42644,-6.46891],[120.42459,-6.46958],[120.42554,-6.47061],[120.42554,-6.47284],[120.42488,-6.47355],[120.42524,-6.47522],[120.42399,-6.47923],[120.42238,-6.48124],[120.42166,-6.48344],[120.42092,-6.4873],[120.42126,-6.48837],[120.42463,-6.48977],[120.4286,-6.48901],[120.43261,-6.48308],[120.43161,-6.48155],[120.43141,-6.47978]]],[[[120.48139,-5.7528],[120.48331,-5.75455],[120.48531,-5.75535],[120.48753,-5.75356],[120.49086,-5.75322],[120.49266,-5.75216],[120.48954,-5.74448],[120.48917,-5.74214],[120.48996,-5.73977],[120.48913,-5.73822],[120.48336,-5.73992],[120.47926,-5.73891],[120.47412,-5.74456],[120.47355,-5.74892],[120.4746,-5.75069],[120.47726,-5.75227],[120.48139,-5.7528]]],[[[120.43866,-6.59627],[120.43779,-6.58789],[120.43571,-6.58056],[120.43259,-6.58304],[120.43083,-6.58313],[120.42775,-6.58606],[120.42587,-6.59385],[120.42422,-6.59763],[120.42299,-6.59827],[120.42098,-6.59709],[120.42043,-6.59783],[120.42059,-6.59889],[120.42281,-6.6013],[120.42477,-6.60117],[120.4266,-6.60206],[120.42783,-6.60652],[120.42796,-6.61159],[120.42614,-6.62851],[120.42585,-6.63995],[120.42661,-6.64106],[120.42862,-6.63835],[120.43135,-6.63823],[120.42886,-6.63803],[120.43104,-6.63676],[120.43329,-6.63745],[120.43831,-6.64194],[120.44044,-6.64168],[120.441,-6.64051],[120.44065,-6.63433],[120.43817,-6.63317],[120.43683,-6.62949],[120.43867,-6.62798],[120.44117,-6.62138],[120.44274,-6.61985],[120.43914,-6.61259],[120.43909,-6.61095],[120.44073,-6.60557],[120.43866,-6.59627]]],[[[120.42997,-6.66297],[120.42944,-6.672],[120.43018,-6.68927],[120.42944,-6.69137],[120.42783,-6.69193],[120.42823,-6.6937],[120.42697,-6.69508],[120.42818,-6.69647],[120.42969,-6.69639],[120.43088,-6.69844],[120.42968,-6.70777],[120.42874,-6.71045],[120.42816,-6.71751],[120.42974,-6.71532],[120.43156,-6.71009],[120.43297,-6.69755],[120.43807,-6.67949],[120.43944,-6.66779],[120.43868,-6.66424],[120.43705,-6.6616],[120.43377,-6.65885],[120.43095,-6.65981],[120.43017,-6.65955],[120.42997,-6.66297]]],[[[120.4261,-6.64897],[120.42634,-6.64989],[120.42696,-6.64917],[120.42643,-6.64767],[120.4261,-6.64897]]],[[[120.27967,-6.69095],[120.27915,-6.68785],[120.27789,-6.68598],[120.27892,-6.6883],[120.27861,-6.69242],[120.27921,-6.69241],[120.27967,-6.69095]]],[[[120.80869,-6.81832],[120.80979,-6.81296],[120.80791,-6.80811],[120.80712,-6.80769],[120.80686,-6.80502],[120.80745,-6.80272],[120.80639,-6.79996],[120.8074,-6.79682],[120.8071,-6.79488],[120.79728,-6.78583],[120.7937,-6.78033],[120.79136,-6.77913],[120.78827,-6.77898],[120.78709,-6.78107],[120.78615,-6.78695],[120.78449,-6.78871],[120.78304,-6.78822],[120.78304,-6.78991],[120.78061,-6.79443],[120.78062,-6.79721],[120.77983,-6.7976],[120.77926,-6.79944],[120.78034,-6.80354],[120.78065,-6.80866],[120.78202,-6.81285],[120.78317,-6.81295],[120.78422,-6.81485],[120.78578,-6.81606],[120.78641,-6.81814],[120.78886,-6.81775],[120.79089,-6.81943],[120.79151,-6.82093],[120.79153,-6.82727],[120.79323,-6.84172],[120.79333,-6.86264],[120.79385,-6.86442],[120.79552,-6.8666],[120.79829,-6.8662],[120.79895,-6.86536],[120.79959,-6.85629],[120.80194,-6.84912],[120.80429,-6.84589],[120.80753,-6.84448],[120.81069,-6.83831],[120.81331,-6.83589],[120.81299,-6.83495],[120.81372,-6.83205],[120.81013,-6.8254],[120.80969,-6.82082],[120.80869,-6.81832]]],[[[120.79041,-6.88236],[120.79246,-6.87955],[120.79063,-6.88079],[120.78888,-6.88385],[120.78581,-6.8847],[120.78792,-6.88476],[120.79041,-6.88236]]],[[[120.79077,-6.96103],[120.79264,-6.96028],[120.79394,-6.95887],[120.79534,-6.95862],[120.78823,-6.95655],[120.78541,-6.95866],[120.78701,-6.96141],[120.78622,-6.96191],[120.79077,-6.96103]]],[[[120.75279,-7.01853],[120.75227,-7.01933],[120.753,-7.02005],[120.75373,-7.0178],[120.75279,-7.01853]]],[[[120.75353,-7.02136],[120.75322,-7.02134],[120.75314,-7.02173],[120.75331,-7.02187],[120.75354,-7.02159],[120.75353,-7.02136]]],[[[120.76677,-7.13564],[120.7678,-7.13462],[120.76897,-7.13132],[120.77035,-7.12485],[120.77295,-7.11865],[120.77241,-7.11815],[120.77351,-7.11797],[120.77388,-7.11719],[120.77724,-7.10454],[120.77814,-7.10292],[120.78175,-7.10073],[120.78277,-7.09819],[120.7832,-7.09593],[120.78251,-7.08795],[120.78377,-7.07593],[120.78702,-7.06318],[120.7867,-7.06104],[120.78566,-7.05958],[120.78379,-7.0591],[120.78219,-7.06006],[120.77677,-7.06572],[120.77597,-7.06821],[120.77777,-7.06824],[120.77685,-7.06948],[120.76763,-7.07628],[120.76423,-7.07781],[120.75753,-7.07955],[120.74828,-7.07911],[120.74555,-7.07724],[120.73941,-7.07595],[120.73419,-7.07341],[120.72077,-7.06371],[120.7188,-7.06122],[120.71519,-7.05937],[120.70753,-7.0567],[120.70576,-7.05545],[120.70028,-7.05477],[120.69958,-7.05394],[120.69481,-7.05277],[120.69197,-7.05107],[120.6868,-7.04986],[120.6854,-7.04873],[120.68267,-7.04875],[120.67809,-7.04473],[120.67323,-7.04314],[120.67177,-7.04202],[120.66455,-7.03239],[120.65719,-7.01875],[120.65465,-7.01624],[120.65227,-7.01502],[120.6507,-7.01303],[120.64543,-7.01053],[120.64213,-7.01081],[120.64014,-7.00941],[120.63875,-7.00511],[120.63465,-7.00335],[120.63137,-7.00028],[120.62107,-7.00186],[120.62086,-7.00373],[120.61961,-7.00542],[120.62014,-7.00756],[120.61972,-7.01143],[120.62064,-7.01494],[120.62099,-7.02149],[120.62262,-7.02493],[120.62413,-7.02623],[120.62363,-7.03605],[120.62536,-7.03844],[120.62494,-7.0412],[120.62759,-7.04733],[120.62707,-7.05219],[120.62218,-7.05182],[120.62144,-7.05377],[120.61907,-7.05577],[120.61694,-7.06136],[120.61498,-7.06122],[120.61476,-7.06189],[120.61563,-7.06221],[120.6154,-7.06301],[120.61274,-7.06599],[120.61152,-7.06615],[120.61007,-7.06462],[120.60775,-7.0647],[120.60706,-7.06593],[120.60726,-7.06699],[120.60989,-7.06841],[120.60985,-7.07083],[120.60775,-7.07286],[120.60573,-7.07151],[120.60436,-7.07135],[120.60413,-7.07447],[120.60923,-7.07798],[120.61081,-7.07856],[120.61364,-7.07801],[120.61637,-7.07859],[120.61873,-7.08045],[120.61769,-7.08347],[120.62019,-7.08664],[120.6202,-7.08822],[120.61922,-7.09001],[120.61975,-7.09178],[120.61911,-7.09461],[120.61969,-7.09783],[120.62092,-7.09611],[120.62313,-7.09633],[120.62502,-7.09408],[120.62496,-7.09232],[120.62575,-7.0916],[120.62838,-7.09205],[120.6289,-7.0934],[120.62983,-7.09289],[120.63126,-7.09349],[120.63445,-7.09868],[120.6344,-7.1023],[120.63514,-7.10272],[120.63501,-7.10367],[120.63405,-7.10376],[120.63257,-7.10524],[120.63137,-7.10407],[120.63007,-7.10391],[120.62579,-7.10533],[120.62733,-7.10647],[120.6274,-7.10907],[120.6282,-7.11101],[120.62733,-7.11253],[120.62572,-7.11199],[120.62431,-7.11335],[120.62336,-7.1133],[120.62548,-7.11492],[120.62559,-7.11825],[120.62769,-7.11891],[120.62886,-7.121],[120.62991,-7.12034],[120.63116,-7.12059],[120.63208,-7.12157],[120.63198,-7.12324],[120.63333,-7.12394],[120.63379,-7.12711],[120.63187,-7.1286],[120.63164,-7.1324],[120.63273,-7.13309],[120.63413,-7.133],[120.63522,-7.13146],[120.6344,-7.13061],[120.63454,-7.12973],[120.63607,-7.12859],[120.63771,-7.12821],[120.64035,-7.12874],[120.64064,-7.13012],[120.64391,-7.13177],[120.64748,-7.13212],[120.64917,-7.13339],[120.64974,-7.13488],[120.65238,-7.13467],[120.65551,-7.13811],[120.65634,-7.13984],[120.65567,-7.14182],[120.65673,-7.14233],[120.65819,-7.14467],[120.66033,-7.14226],[120.66407,-7.14314],[120.66728,-7.1471],[120.66813,-7.14565],[120.67092,-7.14474],[120.67264,-7.14467],[120.67315,-7.14568],[120.67546,-7.1452],[120.6773,-7.14132],[120.67821,-7.14132],[120.67949,-7.14351],[120.67984,-7.14278],[120.67881,-7.14055],[120.67763,-7.14045],[120.67633,-7.13748],[120.67472,-7.13683],[120.67568,-7.13491],[120.67316,-7.13397],[120.67098,-7.13189],[120.67057,-7.13036],[120.66822,-7.12881],[120.66184,-7.12985],[120.65608,-7.12909],[120.65305,-7.1278],[120.65282,-7.12566],[120.65563,-7.12308],[120.66175,-7.12052],[120.66378,-7.12072],[120.66457,-7.12163],[120.66622,-7.12085],[120.66888,-7.12094],[120.67309,-7.12336],[120.67688,-7.1218],[120.68188,-7.12293],[120.68891,-7.12665],[120.69425,-7.12769],[120.69571,-7.12856],[120.69741,-7.13064],[120.69701,-7.13222],[120.6984,-7.13388],[120.69962,-7.13297],[120.70129,-7.13392],[120.70228,-7.13336],[120.70982,-7.13421],[120.71132,-7.13143],[120.71926,-7.12879],[120.72919,-7.12937],[120.73172,-7.13106],[120.73401,-7.13449],[120.73487,-7.13312],[120.73779,-7.13325],[120.74153,-7.13154],[120.7427,-7.1295],[120.74489,-7.12875],[120.74686,-7.12937],[120.74774,-7.12875],[120.75722,-7.13004],[120.76141,-7.13146],[120.76382,-7.13124],[120.76412,-7.13276],[120.76677,-7.13564]]],[[[120.6194,-7.04177],[120.6187,-7.04019],[120.61713,-7.03933],[120.61779,-7.04174],[120.6194,-7.04177]]],[[[120.61249,-7.04076],[120.61253,-7.04017],[120.61098,-7.03921],[120.61084,-7.04056],[120.61272,-7.04133],[120.61249,-7.04076]]],[[[120.60272,-7.04195],[120.60378,-7.04097],[120.60283,-7.04032],[120.60162,-7.04202],[120.60272,-7.04195]]],[[[120.60349,-7.06349],[120.60335,-7.06106],[120.60389,-7.05989],[120.60291,-7.05698],[120.6006,-7.05918],[120.60177,-7.06238],[120.6015,-7.06489],[120.60349,-7.06435],[120.60349,-7.06349]]],[[[120.59759,-7.066],[120.59689,-7.06493],[120.59597,-7.06636],[120.59848,-7.06692],[120.59759,-7.066]]],[[[120.59848,-7.0824],[120.59634,-7.08232],[120.59638,-7.08143],[120.59534,-7.08072],[120.58905,-7.08263],[120.5859,-7.08137],[120.58525,-7.07901],[120.58467,-7.07825],[120.58277,-7.07782],[120.58245,-7.07678],[120.58162,-7.07773],[120.57954,-7.07713],[120.57488,-7.07724],[120.57431,-7.07631],[120.57199,-7.07639],[120.57149,-7.07545],[120.57,-7.07605],[120.56935,-7.07847],[120.56696,-7.07827],[120.56675,-7.0775],[120.56574,-7.07734],[120.56464,-7.07907],[120.56386,-7.07888],[120.56322,-7.0767],[120.56372,-7.07391],[120.56279,-7.07316],[120.56041,-7.07296],[120.55935,-7.0733],[120.55813,-7.07557],[120.55703,-7.07553],[120.55669,-7.07753],[120.55465,-7.08],[120.5562,-7.07992],[120.55668,-7.08061],[120.55779,-7.08303],[120.55781,-7.08484],[120.55858,-7.08572],[120.55898,-7.08861],[120.56099,-7.08877],[120.56362,-7.09252],[120.56501,-7.09161],[120.56723,-7.09317],[120.56869,-7.09057],[120.56829,-7.08912],[120.57259,-7.08671],[120.5762,-7.08698],[120.57909,-7.08861],[120.5791,-7.08922],[120.58022,-7.08845],[120.58146,-7.08911],[120.58313,-7.09095],[120.58626,-7.08954],[120.5897,-7.0908],[120.59097,-7.09209],[120.59003,-7.09612],[120.59044,-7.09689],[120.59097,-7.09746],[120.59157,-7.09714],[120.59534,-7.10003],[120.59659,-7.0988],[120.60252,-7.0991],[120.60285,-7.09551],[120.60807,-7.09263],[120.61132,-7.08951],[120.61234,-7.08755],[120.61238,-7.08138],[120.61014,-7.0804],[120.60818,-7.08005],[120.60202,-7.08096],[120.59848,-7.0824]]],[[[120.59023,-7.10414],[120.58901,-7.10424],[120.58966,-7.10465],[120.58916,-7.10543],[120.59107,-7.10454],[120.59078,-7.10391],[120.59023,-7.10414]]],[[[120.56157,-7.06794],[120.55933,-7.06719],[120.55981,-7.0659],[120.55895,-7.06492],[120.55944,-7.06383],[120.55902,-7.06342],[120.55715,-7.06619],[120.55722,-7.07122],[120.55932,-7.07121],[120.56065,-7.07193],[120.56208,-7.07159],[120.56216,-7.07056],[120.56531,-7.06687],[120.56657,-7.06398],[120.5643,-7.06418],[120.56157,-7.06794]]],[[[120.541,-7.05908],[120.53864,-7.05974],[120.53695,-7.06286],[120.53705,-7.06433],[120.53917,-7.06734],[120.54178,-7.06827],[120.5422,-7.06774],[120.54304,-7.06849],[120.5445,-7.06771],[120.54687,-7.06842],[120.55107,-7.06696],[120.5503,-7.05949],[120.55115,-7.05765],[120.55257,-7.05718],[120.55233,-7.05637],[120.5492,-7.05606],[120.54806,-7.05686],[120.54263,-7.05755],[120.541,-7.05908]]],[[[120.52834,-7.00358],[120.52912,-7.00243],[120.5286,-6.99959],[120.52484,-6.99267],[120.52216,-6.98955],[120.52228,-6.98846],[120.52091,-6.98816],[120.5201,-6.98918],[120.51639,-6.98805],[120.51737,-6.98863],[120.52639,-7.00148],[120.52738,-7.00238],[120.5287,-7.00253],[120.52834,-7.00358]]],[[[120.44561,-6.96365],[120.44629,-6.96325],[120.44657,-6.9618],[120.44563,-6.96081],[120.44561,-6.96365]]],[[[121.05178,-7.32663],[121.05135,-7.32215],[121.05198,-7.31907],[121.05382,-7.31515],[121.06016,-7.30746],[121.06342,-7.30152],[121.0636,-7.30006],[121.06228,-7.2985],[121.05829,-7.29761],[121.0485,-7.29804],[121.04517,-7.29742],[121.04046,-7.29479],[121.03674,-7.2937],[121.0335,-7.28978],[121.02969,-7.28758],[121.0253,-7.28947],[121.02013,-7.28861],[121.01819,-7.28733],[121.01705,-7.28754],[121.01469,-7.2867],[121.01167,-7.28415],[121.00879,-7.28479],[121.00341,-7.28179],[120.99489,-7.28453],[120.98979,-7.28327],[120.98821,-7.28209],[120.97947,-7.28114],[120.97353,-7.28165],[120.97174,-7.28091],[120.96931,-7.28182],[120.96763,-7.28133],[120.9657,-7.28181],[120.96194,-7.2803],[120.96059,-7.27827],[120.9589,-7.2787],[120.95736,-7.28029],[120.95462,-7.2802],[120.95243,-7.2822],[120.95016,-7.28318],[120.94835,-7.2821],[120.94111,-7.28394],[120.9279,-7.28379],[120.92629,-7.28301],[120.91902,-7.28453],[120.91503,-7.28255],[120.9127,-7.2791],[120.90788,-7.2787],[120.90592,-7.27789],[120.90294,-7.27589],[120.90119,-7.27368],[120.89961,-7.27326],[120.89461,-7.27391],[120.89313,-7.27549],[120.88913,-7.27515],[120.88883,-7.27572],[120.88854,-7.27497],[120.88715,-7.27495],[120.88519,-7.27328],[120.88119,-7.27191],[120.87893,-7.2729],[120.87492,-7.27328],[120.87173,-7.27175],[120.86371,-7.27134],[120.86121,-7.2704],[120.8597,-7.2672],[120.8571,-7.2685],[120.85363,-7.26812],[120.85097,-7.26523],[120.84487,-7.26305],[120.83921,-7.25993],[120.83284,-7.25994],[120.82739,-7.26075],[120.82087,-7.25976],[120.81892,-7.2587],[120.81443,-7.25954],[120.81395,-7.25917],[120.81184,-7.26153],[120.81031,-7.26174],[120.8098,-7.26277],[120.80712,-7.26302],[120.80504,-7.26403],[120.80304,-7.26326],[120.80169,-7.26426],[120.79946,-7.26447],[120.79872,-7.26485],[120.79876,-7.2663],[120.79799,-7.26747],[120.79538,-7.27046],[120.79533,-7.27183],[120.79748,-7.27643],[120.79861,-7.27705],[120.79991,-7.27658],[120.80154,-7.27759],[120.80567,-7.28379],[120.80671,-7.28777],[120.80919,-7.28887],[120.81025,-7.28849],[120.81071,-7.28932],[120.81143,-7.28901],[120.81539,-7.29161],[120.81901,-7.29294],[120.82064,-7.2925],[120.82531,-7.29648],[120.8279,-7.29701],[120.8309,-7.29897],[120.83196,-7.29767],[120.83634,-7.29867],[120.83885,-7.29839],[120.84492,-7.29618],[120.84576,-7.29485],[120.8482,-7.29516],[120.85002,-7.29428],[120.85033,-7.29343],[120.8514,-7.29346],[120.86037,-7.29636],[120.86556,-7.29917],[120.87006,-7.30337],[120.87421,-7.3058],[120.88821,-7.3084],[120.89123,-7.30997],[120.89762,-7.3108],[120.90058,-7.31054],[120.90183,-7.30842],[120.90865,-7.307],[120.92128,-7.30787],[120.92583,-7.30663],[120.92848,-7.30679],[120.93122,-7.30744],[120.93599,-7.30991],[120.94027,-7.3141],[120.94553,-7.31783],[120.94769,-7.31857],[120.95066,-7.3214],[120.95585,-7.32471],[120.96017,-7.32494],[120.9653,-7.3242],[120.97282,-7.32473],[120.98355,-7.32714],[120.98532,-7.32701],[120.99595,-7.33107],[120.99716,-7.33043],[120.99955,-7.33189],[121.00265,-7.33275],[121.00542,-7.33216],[121.00892,-7.33278],[121.0104,-7.33202],[121.01247,-7.33232],[121.01332,-7.33083],[121.01608,-7.33009],[121.01977,-7.33012],[121.02646,-7.3283],[121.02746,-7.32857],[121.0307,-7.32668],[121.03431,-7.32593],[121.03798,-7.32579],[121.04357,-7.32713],[121.0446,-7.32616],[121.05011,-7.32703],[121.05178,-7.32663]]],[[[121.08145,-7.30448],[121.08199,-7.30507],[121.08071,-7.31069],[121.08077,-7.31818],[121.0796,-7.32005],[121.07929,-7.32536],[121.07789,-7.33069],[121.07893,-7.33305],[121.07893,-7.3428],[121.08059,-7.34604],[121.0813,-7.34955],[121.08314,-7.35138],[121.08303,-7.35591],[121.08264,-7.35909],[121.07989,-7.35785],[121.07775,-7.35843],[121.08005,-7.35805],[121.08125,-7.35911],[121.08146,-7.35871],[121.08261,-7.35915],[121.08192,-7.36294],[121.0797,-7.36363],[121.07338,-7.36958],[121.06187,-7.37025],[121.05993,-7.37111],[121.06048,-7.37292],[121.06498,-7.37528],[121.07006,-7.37635],[121.07213,-7.37788],[121.07895,-7.38562],[121.0844,-7.387],[121.08764,-7.3886],[121.09634,-7.39688],[121.09905,-7.39807],[121.10232,-7.3949],[121.10685,-7.39208],[121.11154,-7.39116],[121.11597,-7.38918],[121.11925,-7.38595],[121.12338,-7.38332],[121.1295,-7.38226],[121.13095,-7.38106],[121.13555,-7.37932],[121.14193,-7.37879],[121.14456,-7.37697],[121.14682,-7.37401],[121.14924,-7.37259],[121.15634,-7.37188],[121.15964,-7.36758],[121.16243,-7.36203],[121.16708,-7.35721],[121.16549,-7.34978],[121.16276,-7.34682],[121.15519,-7.34397],[121.15079,-7.34094],[121.15035,-7.33979],[121.14908,-7.33966],[121.14639,-7.33798],[121.14378,-7.33887],[121.13612,-7.33957],[121.13177,-7.33745],[121.12898,-7.33443],[121.12844,-7.33259],[121.12909,-7.33116],[121.1286,-7.32421],[121.12589,-7.32103],[121.12231,-7.32039],[121.11772,-7.31817],[121.11564,-7.31651],[121.11455,-7.31465],[121.11105,-7.31544],[121.11426,-7.31497],[121.11488,-7.31627],[121.11305,-7.31639],[121.11081,-7.31806],[121.10852,-7.3188],[121.10582,-7.31838],[121.10191,-7.31563],[121.10094,-7.3137],[121.10175,-7.31166],[121.1005,-7.31094],[121.09901,-7.30716],[121.09532,-7.3042],[121.09293,-7.30471],[121.09102,-7.30412],[121.08282,-7.30377],[121.08145,-7.30448]]],[[[121.04822,-7.36931],[121.04661,-7.3683],[121.05001,-7.37084],[121.04822,-7.36931]]],[[[121.04495,-7.36641],[121.04553,-7.36527],[121.04497,-7.3648],[121.04216,-7.36394],[121.0413,-7.36447],[121.04199,-7.36692],[121.0456,-7.36761],[121.04495,-7.36641]]],[[[121.82419,-7.39524],[121.82485,-7.39279],[121.82931,-7.38414],[121.83249,-7.38006],[121.83504,-7.37837],[121.8358,-7.37599],[121.83988,-7.37133],[121.83952,-7.37054],[121.83828,-7.37026],[121.83883,-7.3558],[121.84022,-7.35191],[121.83961,-7.34915],[121.83772,-7.34571],[121.83068,-7.33707],[121.83063,-7.33592],[121.8294,-7.33431],[121.82716,-7.3328],[121.82306,-7.33109],[121.82237,-7.33142],[121.82148,-7.33055],[121.81811,-7.3306],[121.81612,-7.32991],[121.81553,-7.33087],[121.80245,-7.33193],[121.791,-7.33473],[121.7853,-7.33395],[121.78361,-7.33656],[121.77979,-7.33907],[121.77459,-7.33922],[121.77448,-7.33541],[121.77439,-7.33892],[121.77236,-7.33986],[121.77011,-7.34456],[121.76422,-7.34647],[121.76235,-7.34593],[121.76033,-7.34424],[121.759,-7.34479],[121.75396,-7.3531],[121.75371,-7.35666],[121.75447,-7.36032],[121.75398,-7.37562],[121.75163,-7.37868],[121.74944,-7.37971],[121.74662,-7.37886],[121.74636,-7.38262],[121.74541,-7.38284],[121.74495,-7.3845],[121.74534,-7.38933],[121.74464,-7.39027],[121.74515,-7.39165],[121.74476,-7.39263],[121.7457,-7.3949],[121.74461,-7.39732],[121.74612,-7.39876],[121.74506,-7.39996],[121.74431,-7.40429],[121.74531,-7.40651],[121.7445,-7.4074],[121.74478,-7.41053],[121.74633,-7.41487],[121.75036,-7.41791],[121.75464,-7.42226],[121.75464,-7.42294],[121.75631,-7.42318],[121.75926,-7.42181],[121.76278,-7.42335],[121.76693,-7.42268],[121.77123,-7.42416],[121.7736,-7.42229],[121.77764,-7.42225],[121.77939,-7.42247],[121.78082,-7.42375],[121.78223,-7.42247],[121.7817,-7.42176],[121.78246,-7.42071],[121.78387,-7.41993],[121.78638,-7.41976],[121.78678,-7.4186],[121.78953,-7.41782],[121.78895,-7.41721],[121.78995,-7.41597],[121.79137,-7.41589],[121.79343,-7.41348],[121.79503,-7.41328],[121.79611,-7.41156],[121.80106,-7.40728],[121.80837,-7.40369],[121.81058,-7.40358],[121.8128,-7.40181],[121.81798,-7.39925],[121.8206,-7.39908],[121.82326,-7.39696],[121.82419,-7.39524]]],[[[121.79213,-7.47226],[121.79227,-7.47366],[121.79166,-7.47448],[121.78727,-7.47723],[121.78307,-7.47743],[121.77962,-7.47576],[121.77347,-7.47989],[121.76868,-7.48081],[121.76484,-7.48294],[121.76002,-7.48366],[121.75622,-7.48565],[121.75227,-7.4842],[121.75088,-7.4848],[121.74688,-7.48395],[121.74672,-7.48457],[121.74013,-7.48552],[121.73746,-7.4882],[121.73445,-7.48985],[121.73163,-7.49035],[121.72761,-7.48845],[121.72484,-7.48855],[121.72349,-7.48892],[121.72312,-7.49099],[121.72374,-7.49257],[121.72569,-7.4929],[121.72565,-7.4936],[121.72678,-7.49396],[121.73454,-7.49239],[121.73874,-7.4941],[121.7452,-7.49465],[121.7485,-7.4941],[121.75176,-7.49516],[121.75677,-7.49395],[121.75884,-7.49402],[121.76107,-7.49204],[121.76596,-7.49184],[121.76895,-7.49036],[121.77113,-7.4901],[121.77112,-7.48947],[121.77266,-7.48871],[121.77747,-7.48862],[121.77979,-7.48774],[121.78377,-7.48873],[121.78826,-7.48774],[121.78985,-7.48659],[121.79717,-7.48808],[121.79861,-7.4873],[121.8004,-7.48734],[121.80137,-7.48362],[121.80288,-7.48257],[121.8034,-7.48101],[121.802,-7.476],[121.80059,-7.4753],[121.79939,-7.47223],[121.79513,-7.47157],[121.79342,-7.47249],[121.79213,-7.47226]]],[[[122.09072,-7.42372],[122.08795,-7.42131],[122.08389,-7.42016],[122.08325,-7.41942],[122.08203,-7.42014],[122.08369,-7.42209],[122.08366,-7.42417],[122.08561,-7.42627],[122.08725,-7.42675],[122.0879,-7.42617],[122.08965,-7.42628],[122.09086,-7.42749],[122.09047,-7.42555],[122.09164,-7.42371],[122.09072,-7.42372]]],[[[121.74682,-7.22645],[121.74448,-7.22614],[121.74286,-7.22735],[121.73927,-7.22834],[121.73847,-7.22931],[121.74098,-7.23071],[121.74213,-7.23254],[121.74219,-7.23184],[121.74333,-7.23132],[121.74662,-7.23406],[121.74773,-7.23843],[121.74856,-7.23574],[121.74809,-7.23453],[121.74897,-7.23258],[121.74969,-7.23197],[121.75126,-7.23205],[121.7519,-7.23268],[121.75523,-7.23179],[121.75657,-7.23058],[121.75738,-7.22787],[121.7568,-7.22571],[121.75506,-7.22385],[121.75103,-7.22238],[121.74775,-7.22261],[121.7485,-7.22571],[121.74798,-7.22547],[121.74682,-7.22645]]],[[[121.74783,-7.24081],[121.74752,-7.23935],[121.74627,-7.23823],[121.74763,-7.2421],[121.74783,-7.24081]]],[[[121.70345,-7.30203],[121.70511,-7.3019],[121.7041,-7.30143],[121.70345,-7.30203]]],[[[121.12074,-7.07947],[121.1216,-7.0784],[121.12236,-7.07491],[121.12268,-7.06805],[121.12104,-7.06893],[121.12036,-7.07093],[121.12037,-7.07937],[121.11971,-7.0803],[121.12074,-7.07947]]],[[[121.09618,-7.0676],[121.09972,-7.06348],[121.10018,-7.06049],[121.09961,-7.05862],[121.09784,-7.05884],[121.09611,-7.0625],[121.09541,-7.06508],[121.09618,-7.0676]]],[[[121.06397,-7.04482],[121.0645,-7.04046],[121.06409,-7.03772],[121.06224,-7.04236],[121.06222,-7.04594],[121.06304,-7.04744],[121.06397,-7.04482]]],[[[121.21731,-7.00626],[121.21832,-7.0037],[121.21804,-7.0022],[121.21668,-7.00637],[121.21731,-7.00626]]],[[[121.28564,-6.91509],[121.28479,-6.9153],[121.28569,-6.91597],[121.28702,-6.91884],[121.28651,-6.91601],[121.28564,-6.91509]]],[[[121.26702,-6.89482],[121.26536,-6.89235],[121.26542,-6.88842],[121.26435,-6.88755],[121.26459,-6.89177],[121.26542,-6.8938],[121.27157,-6.90111],[121.27097,-6.89926],[121.26702,-6.89482]]],[[[121.0008,-6.9472],[121.00276,-6.94254],[121.00222,-6.94175],[121.00197,-6.94344],[121.00019,-6.94575],[121.00028,-6.9472],[121.0008,-6.9472]]],[[[120.9669,-6.75768],[120.96719,-6.76366],[120.96783,-6.76528],[120.97156,-6.753],[120.97149,-6.75029],[120.96901,-6.75092],[120.96761,-6.75206],[120.96696,-6.75382],[120.9669,-6.75768]]],[[[120.9797,-6.70307],[120.97601,-6.70384],[120.97449,-6.7053],[120.97901,-6.70437],[120.97999,-6.70343],[120.9797,-6.70307]]],[[[121.13375,-6.49656],[121.13501,-6.49683],[121.1357,-6.49604],[121.13562,-6.49491],[121.13205,-6.49056],[121.13228,-6.49554],[121.13375,-6.49656]]],[[[121.13139,-6.46068],[121.12872,-6.45605],[121.12702,-6.45465],[121.13186,-6.46234],[121.13139,-6.46068]]],[[[121.09515,-6.41288],[121.09596,-6.41325],[121.09666,-6.4127],[121.0978,-6.40942],[121.09644,-6.40597],[121.09541,-6.40528],[121.09603,-6.40599],[121.09516,-6.40941],[121.09515,-6.41288]]],[[[120.98618,-6.50409],[120.99255,-6.50367],[120.99551,-6.50282],[121.00177,-6.49551],[121.00194,-6.49437],[120.99857,-6.49499],[120.99278,-6.49828],[120.98496,-6.50163],[120.98046,-6.50482],[120.98618,-6.50409]]],[[[120.95171,-6.51565],[120.95077,-6.52187],[120.95337,-6.5134],[120.95389,-6.50892],[120.95268,-6.51116],[120.95171,-6.51565]]],[[[121.09882,-6.57402],[121.10008,-6.57013],[121.10013,-6.56807],[121.09909,-6.56544],[121.09958,-6.56497],[121.09837,-6.56571],[121.09745,-6.56894],[121.09805,-6.57451],[121.09936,-6.57545],[121.09882,-6.57402]]],[[[121.17132,-6.55722],[121.1716,-6.55365],[121.17072,-6.55003],[121.17082,-6.55811],[121.17132,-6.55722]]],[[[121.18102,-6.58499],[121.18085,-6.58441],[121.17947,-6.58475],[121.18102,-6.58499]]],[[[121.07829,-6.56965],[121.07976,-6.56768],[121.08009,-6.56609],[121.07955,-6.5649],[121.08002,-6.56452],[121.07913,-6.56472],[121.07783,-6.56942],[121.07678,-6.56975],[121.07829,-6.56965]]],[[[121.05739,-6.57265],[121.05823,-6.57024],[121.05728,-6.57049],[121.05781,-6.57086],[121.05757,-6.5719],[121.05642,-6.57295],[121.05739,-6.57265]]],[[[121.02358,-6.57933],[121.02482,-6.57815],[121.02575,-6.57495],[121.02564,-6.56803],[121.02461,-6.56564],[121.02358,-6.57933]]],[[[120.99933,-6.54611],[121.00012,-6.53497],[120.99997,-6.53286],[120.99911,-6.53124],[120.99751,-6.53332],[120.99664,-6.53857],[120.99783,-6.54499],[120.99893,-6.54615],[120.99863,-6.54655],[120.99933,-6.54611]]],[[[121.44222,-7.11935],[121.44287,-7.11819],[121.44163,-7.11732],[121.44222,-7.11935]]],[[[121.07273,-6.75975],[121.0725,-6.7573],[121.07272,-6.76015],[121.07273,-6.75975]]],[[[120.42658,-6.46734],[120.42632,-6.46739],[120.42602,-6.46756],[120.42588,-6.46761],[120.42577,-6.46773],[120.42582,-6.46788],[120.42608,-6.4679],[120.42634,-6.46769],[120.4266,-6.46761],[120.42665,-6.46748],[120.42658,-6.46734]]],[[[120.42758,-6.4678],[120.42745,-6.46773],[120.42736,-6.46785],[120.42736,-6.46801],[120.42744,-6.46816],[120.4276,-6.46809],[120.42762,-6.46792],[120.42758,-6.4678]]],[[[120.42933,-6.46826],[120.42942,-6.46805],[120.42937,-6.46796],[120.42923,-6.46803],[120.4292,-6.46816],[120.42918,-6.46829],[120.42933,-6.46826]]],[[[120.43025,-6.46854],[120.43003,-6.46852],[120.43016,-6.46877],[120.43024,-6.46894],[120.43041,-6.46877],[120.43035,-6.46861],[120.43025,-6.46854]]],[[[122.092,-7.42286],[122.09207,-7.42285],[122.0921,-7.42291],[122.09218,-7.42295],[122.09225,-7.42294],[122.09228,-7.423],[122.09224,-7.42307],[122.09217,-7.42306],[122.09212,-7.42315],[122.09206,-7.42315],[122.09203,-7.42321],[122.09197,-7.4232],[122.09191,-7.42322],[122.09183,-7.4232],[122.09184,-7.42313],[122.09189,-7.42309],[122.09187,-7.42304],[122.09195,-7.42297],[122.09193,-7.42294],[122.09197,-7.4229],[122.092,-7.42286]]],[[[122.09428,-7.42992],[122.09674,-7.42889],[122.09541,-7.43013],[122.09395,-7.43051],[122.09428,-7.42992]]],[[[122.22049,-6.90723],[122.22186,-6.90503],[122.22187,-6.90115],[122.22246,-6.89944],[122.21938,-6.89592],[122.21759,-6.89835],[122.21918,-6.90077],[122.21861,-6.90104],[122.21751,-6.89993],[122.21705,-6.90288],[122.21925,-6.90544],[122.21969,-6.90689],[122.22049,-6.90723]]],[[[121.4211,-7.46314],[121.42069,-7.46336],[121.4214,-7.46345],[121.4211,-7.46314]]],[[[121.42203,-7.46299],[121.42205,-7.46304],[121.42214,-7.4631],[121.42218,-7.46318],[121.42226,-7.46325],[121.42231,-7.46322],[121.42242,-7.46324],[121.42249,-7.46321],[121.42247,-7.46317],[121.42257,-7.46316],[121.4226,-7.46318],[121.42267,-7.46318],[121.42274,-7.46317],[121.42282,-7.46321],[121.42292,-7.4632],[121.42294,-7.46316],[121.42292,-7.46312],[121.42292,-7.46306],[121.42287,-7.463],[121.42282,-7.463],[121.42272,-7.46298],[121.42257,-7.46298],[121.42242,-7.463],[121.4224,-7.46304],[121.42232,-7.46292],[121.42223,-7.46288],[121.4221,-7.46291],[121.42203,-7.46299]]],[[[120.82607,-7.29662],[120.82601,-7.29668],[120.82603,-7.29674],[120.82609,-7.2968],[120.82618,-7.29685],[120.82627,-7.2968],[120.8263,-7.29673],[120.82624,-7.29669],[120.82619,-7.29666],[120.82607,-7.29662]]],[[[121.09679,-7.30276],[121.09598,-7.30344],[121.09867,-7.30445],[121.10155,-7.30853],[121.10202,-7.31033],[121.10189,-7.30855],[121.09971,-7.30498],[121.09679,-7.30276]]],[[[121.10199,-7.31109],[121.10204,-7.31122],[121.10206,-7.31144],[121.10204,-7.31161],[121.10201,-7.31175],[121.10205,-7.31183],[121.10221,-7.31175],[121.10233,-7.31159],[121.10237,-7.31144],[121.10236,-7.31125],[121.10225,-7.31104],[121.10221,-7.31098],[121.10211,-7.31094],[121.10203,-7.311],[121.10199,-7.31109]]],[[[120.53881,-7.057],[120.53812,-7.05722],[120.53811,-7.05832],[120.53878,-7.05757],[120.53962,-7.05763],[120.53881,-7.057]]],[[[120.53815,-7.05589],[120.53863,-7.05639],[120.54002,-7.05441],[120.53846,-7.05452],[120.53815,-7.05589]]],[[[120.56749,-7.0652],[120.568,-7.06471],[120.56744,-7.06435],[120.56749,-7.0652]]],[[[120.75729,-7.13371],[120.75829,-7.13285],[120.75493,-7.13249],[120.75544,-7.13363],[120.75729,-7.13371]]],[[[120.44858,-6.34503],[120.44854,-6.34504],[120.4485,-6.34505],[120.44848,-6.34508],[120.44847,-6.3451],[120.44846,-6.34512],[120.44846,-6.34514],[120.44847,-6.34516],[120.44851,-6.34528],[120.44855,-6.34536],[120.44857,-6.34539],[120.44861,-6.3454],[120.44867,-6.34539],[120.4487,-6.34537],[120.44873,-6.34534],[120.44874,-6.34532],[120.44875,-6.34528],[120.44874,-6.3452],[120.4487,-6.34509],[120.44869,-6.34506],[120.44866,-6.34504],[120.44862,-6.34503],[120.44858,-6.34503]]],[[[120.4334,-6.45481],[120.4309,-6.45456],[120.43296,-6.45491],[120.43365,-6.45565],[120.43484,-6.45553],[120.43459,-6.45494],[120.4334,-6.45481]]],[[[120.44006,-6.64411],[120.44063,-6.64365],[120.43973,-6.64302],[120.43938,-6.64373],[120.44006,-6.64411]]],[[[120.42664,-6.65629],[120.42655,-6.65644],[120.42663,-6.65662],[120.42687,-6.65669],[120.42707,-6.65659],[120.42664,-6.65629]]],[[[120.41961,-6.11381],[120.42,-6.11386],[120.42013,-6.11393],[120.42024,-6.11391],[120.4204,-6.11391],[120.42055,-6.11393],[120.42072,-6.11393],[120.42083,-6.11397],[120.42102,-6.11393],[120.42105,-6.11388],[120.42113,-6.11373],[120.42087,-6.11367],[120.42069,-6.11352],[120.4203,-6.11351],[120.42022,-6.11353],[120.42006,-6.11354],[120.41988,-6.11355],[120.4197,-6.11363],[120.41961,-6.11381]]],[[[120.81002,-6.7949],[120.80997,-6.79467],[120.80983,-6.79446],[120.80968,-6.79446],[120.80967,-6.79463],[120.80973,-6.79475],[120.80986,-6.79487],[120.80996,-6.79493],[120.81002,-6.7949]]],[[[120.5583,-6.07062],[120.5583,-6.07044],[120.55819,-6.07036],[120.55809,-6.07036],[120.55801,-6.0705],[120.55801,-6.07064],[120.55813,-6.07072],[120.5583,-6.07062]]],[[[120.40519,-6.20425],[120.40508,-6.20429],[120.40486,-6.20451],[120.40487,-6.20457],[120.40481,-6.20463],[120.40495,-6.20476],[120.40508,-6.20471],[120.40507,-6.20461],[120.40518,-6.20458],[120.40524,-6.20449],[120.4052,-6.20435],[120.40519,-6.20425]]],[[[121.78595,-7.42001],[121.7859,-7.42005],[121.78593,-7.42011],[121.78598,-7.42013],[121.78599,-7.4202],[121.7861,-7.42024],[121.78618,-7.42027],[121.78622,-7.42026],[121.78631,-7.4202],[121.78638,-7.42018],[121.78638,-7.42016],[121.78631,-7.42009],[121.7862,-7.42002],[121.78608,-7.42002],[121.78595,-7.42001]]],[[[121.78681,-7.41931],[121.78676,-7.41936],[121.78675,-7.41945],[121.78684,-7.41944],[121.78694,-7.41943],[121.787,-7.41945],[121.787,-7.41941],[121.78697,-7.41938],[121.78691,-7.4194],[121.78687,-7.41934],[121.78681,-7.41931]]],[[[120.44557,-6.23675],[120.44552,-6.23659],[120.44536,-6.23644],[120.44524,-6.23647],[120.44509,-6.23653],[120.44501,-6.23663],[120.44493,-6.23677],[120.44509,-6.23691],[120.44526,-6.23703],[120.44543,-6.23692],[120.44557,-6.23675]]],[[[120.44615,-6.24614],[120.44616,-6.2462],[120.44629,-6.24629],[120.4466,-6.24651],[120.44671,-6.24655],[120.4468,-6.24652],[120.44683,-6.24644],[120.44673,-6.24633],[120.44662,-6.2462],[120.44635,-6.24612],[120.44615,-6.24614]]],[[[120.44524,-6.20719],[120.44518,-6.20726],[120.44517,-6.20735],[120.44528,-6.20739],[120.44528,-6.20746],[120.44544,-6.20752],[120.44549,-6.20746],[120.44548,-6.20733],[120.44538,-6.20722],[120.44524,-6.20719]]],[[[120.44476,-6.20567],[120.44467,-6.20578],[120.44467,-6.20585],[120.44476,-6.20608],[120.44498,-6.20619],[120.44507,-6.20609],[120.44507,-6.20591],[120.44494,-6.2058],[120.44476,-6.20567]]],[[[120.44353,-6.20434],[120.44353,-6.20438],[120.4436,-6.20443],[120.44373,-6.20439],[120.44378,-6.20441],[120.44383,-6.20438],[120.44388,-6.20434],[120.44375,-6.20426],[120.44365,-6.20426],[120.44353,-6.20434]]],[[[120.45371,-6.38289],[120.45379,-6.38294],[120.45388,-6.38288],[120.45404,-6.38285],[120.45406,-6.383],[120.45418,-6.38312],[120.45426,-6.38311],[120.45428,-6.3827],[120.45413,-6.38267],[120.45379,-6.38281],[120.45371,-6.38289]]],[[[120.46475,-6.4028],[120.46463,-6.40289],[120.46461,-6.40296],[120.46451,-6.40298],[120.46436,-6.40294],[120.46424,-6.40299],[120.46415,-6.4031],[120.46427,-6.40331],[120.46443,-6.40342],[120.4646,-6.4034],[120.46476,-6.40332],[120.46487,-6.40321],[120.46497,-6.4031],[120.46498,-6.40296],[120.46487,-6.40284],[120.46475,-6.4028]]],[[[121.16146,-7.34484],[121.15986,-7.34468],[121.16493,-7.34615],[121.16419,-7.34534],[121.16146,-7.34484]]],[[[121.16715,-7.35261],[121.16708,-7.35267],[121.16708,-7.35279],[121.16713,-7.3529],[121.16723,-7.35293],[121.16727,-7.35285],[121.16726,-7.35278],[121.16724,-7.3527],[121.16715,-7.35261]]],[[[121.16747,-7.35397],[121.16749,-7.35416],[121.16752,-7.35434],[121.16754,-7.35444],[121.16763,-7.3546],[121.16772,-7.35461],[121.16775,-7.35447],[121.16774,-7.35432],[121.16769,-7.35418],[121.16764,-7.35409],[121.16761,-7.35403],[121.16753,-7.35395],[121.16747,-7.35397]]],[[[121.16591,-7.34775],[121.16577,-7.34767],[121.16564,-7.34768],[121.1657,-7.34785],[121.16588,-7.34805],[121.166,-7.34826],[121.16615,-7.34853],[121.16629,-7.34897],[121.16636,-7.34914],[121.16631,-7.34935],[121.16627,-7.34953],[121.16629,-7.34972],[121.16639,-7.35007],[121.16641,-7.35035],[121.16643,-7.35053],[121.1666,-7.35067],[121.16669,-7.35066],[121.16668,-7.35046],[121.16665,-7.35012],[121.16661,-7.34981],[121.16664,-7.34965],[121.16663,-7.3494],[121.16661,-7.34916],[121.16651,-7.34895],[121.16641,-7.34878],[121.16634,-7.34855],[121.16617,-7.34814],[121.16608,-7.34799],[121.16591,-7.34775]]],[[[121.16683,-7.3516],[121.16675,-7.35173],[121.16675,-7.35192],[121.16688,-7.35199],[121.167,-7.35195],[121.16703,-7.35181],[121.16702,-7.35172],[121.167,-7.35164],[121.16696,-7.35159],[121.16683,-7.3516]]],[[[120.46638,-6.12011],[120.46659,-6.1202],[120.46656,-6.12026],[120.46654,-6.1203],[120.46653,-6.12034],[120.46649,-6.12032],[120.46644,-6.12045],[120.46653,-6.12049],[120.46651,-6.12052],[120.46649,-6.12057],[120.46647,-6.12062],[120.46639,-6.12058],[120.46634,-6.1207],[120.46637,-6.12071],[120.46636,-6.12075],[120.46633,-6.12081],[120.46631,-6.12086],[120.46609,-6.12076],[120.46616,-6.12061],[120.4662,-6.12063],[120.46625,-6.12052],[120.4662,-6.1205],[120.46614,-6.12047],[120.4662,-6.12034],[120.46626,-6.12036],[120.4663,-6.12039],[120.46636,-6.12026],[120.46632,-6.12024],[120.46638,-6.12011]]],[[[120.66856,-7.14748],[120.66799,-7.14836],[120.66838,-7.14947],[120.66982,-7.15027],[120.66932,-7.14816],[120.66856,-7.14748]]]]}},
{"type":"Feature","properties":{"slug":"sidrap","nama":"Kabupaten Sidenreng Rappang","osm":"relation/14752162","pusat":[-3.830345747303548,119.9481863790447]},"geometry":{"type":"Polygon","coordinates":[[[119.73647,-3.8466],[119.73718,-3.84861],[119.73615,-3.8514],[119.73374,-3.85293],[119.73417,-3.85705],[119.73277,-3.85827],[119.73166,-3.85836],[119.72955,-3.86045],[119.72831,-3.86052],[119.72815,-3.86231],[119.72722,-3.86319],[119.72713,-3.8679],[119.7252,-3.87161],[119.72597,-3.87291],[119.72487,-3.87414],[119.7248,-3.87533],[119.72328,-3.8762],[119.72321,-3.87828],[119.72531,-3.87917],[119.7257,-3.88185],[119.72684,-3.88365],[119.72649,-3.88492],[119.72419,-3.8861],[119.72438,-3.88792],[119.72341,-3.88869],[119.72419,-3.89026],[119.72407,-3.89254],[119.72492,-3.89392],[119.72357,-3.89533],[119.71964,-3.90486],[119.71863,-3.90544],[119.71681,-3.90822],[119.7123,-3.91085],[119.70975,-3.91103],[119.70785,-3.90881],[119.70405,-3.90628],[119.70247,-3.90753],[119.69697,-3.92043],[119.69459,-3.92446],[119.69351,-3.92512],[119.67052,-3.9546],[119.66336,-3.96054],[119.66587,-3.96324],[119.66737,-3.96826],[119.67093,-3.97324],[119.68339,-3.98651],[119.68467,-3.99148],[119.68581,-3.9935],[119.6868,-3.99426],[119.69108,-3.99404],[119.69222,-3.99468],[119.69297,-3.99841],[119.691,-4.00241],[119.68995,-4.00772],[119.68894,-4.00932],[119.68648,-4.01044],[119.68579,-4.01189],[119.68745,-4.014],[119.6908,-4.01483],[119.69313,-4.01642],[119.69729,-4.01436],[119.695,-4.0165],[119.69484,-4.01773],[119.69583,-4.01854],[119.69722,-4.01846],[119.70114,-4.02119],[119.69884,-4.02301],[119.69928,-4.02505],[119.69848,-4.0265],[119.69926,-4.03015],[119.69739,-4.0342],[119.698,-4.03933],[119.70058,-4.04125],[119.69743,-4.04491],[119.69717,-4.0532],[119.6985,-4.05459],[119.70302,-4.05619],[119.70624,-4.05982],[119.70717,-4.06269],[119.70779,-4.06933],[119.70911,-4.07165],[119.71047,-4.07231],[119.71357,-4.07232],[119.71857,-4.07429],[119.72144,-4.07661],[119.72166,-4.08091],[119.72355,-4.08277],[119.72128,-4.09107],[119.72175,-4.0923],[119.7242,-4.09452],[119.72567,-4.09697],[119.72571,-4.09827],[119.72784,-4.09998],[119.72906,-4.09989],[119.7317,-4.10225],[119.73223,-4.10411],[119.73418,-4.10449],[119.735,-4.10601],[119.737,-4.10605],[119.73722,-4.10701],[119.7402,-4.10807],[119.74085,-4.10946],[119.74021,-4.1109],[119.74153,-4.11127],[119.74226,-4.11315],[119.74184,-4.11626],[119.7441,-4.11712],[119.74645,-4.11699],[119.74756,-4.11873],[119.74942,-4.11961],[119.74915,-4.12235],[119.75066,-4.12457],[119.75103,-4.12634],[119.752,-4.12687],[119.75397,-4.12615],[119.7568,-4.12702],[119.75715,-4.12805],[119.7579,-4.12803],[119.75814,-4.1294],[119.75874,-4.12951],[119.76175,-4.12736],[119.76687,-4.12752],[119.76972,-4.12848],[119.77013,-4.13109],[119.77341,-4.13004],[119.77615,-4.13125],[119.77658,-4.13225],[119.77627,-4.13846],[119.77927,-4.14109],[119.78006,-4.13901],[119.78315,-4.13724],[119.78421,-4.13575],[119.78516,-4.13614],[119.786,-4.13761],[119.78648,-4.13973],[119.78938,-4.1399],[119.78952,-4.13671],[119.79233,-4.13243],[119.79328,-4.12766],[119.79579,-4.12319],[119.7998,-4.11901],[119.8063,-4.11478],[119.80813,-4.11094],[119.80966,-4.11093],[119.81072,-4.10856],[119.8122,-4.10811],[119.81278,-4.10713],[119.81585,-4.10638],[119.82209,-4.10627],[119.82485,-4.10422],[119.82943,-4.10312],[119.83282,-4.10106],[119.83513,-4.0981],[119.83807,-4.09712],[119.84279,-4.09415],[119.8436,-4.09415],[119.84721,-4.09766],[119.85338,-4.09927],[119.86558,-4.10566],[119.87941,-4.11116],[119.88328,-4.11183],[119.89178,-4.10977],[119.91078,-4.09632],[119.90612,-4.06775],[119.90065,-4.061],[119.89847,-4.06089],[119.89714,-4.05993],[119.89701,-4.05835],[119.89455,-4.05579],[119.88861,-4.04592],[119.88646,-4.03597],[119.88636,-4.0321],[119.88382,-4.02878],[119.88671,-4.02792],[119.88679,-4.02678],[119.88543,-4.02607],[119.88592,-4.0249],[119.88489,-4.02467],[119.88566,-4.02349],[119.88731,-4.02278],[119.88768,-4.02142],[119.88749,-4.01762],[119.88607,-4.01635],[119.88569,-4.01483],[119.88833,-4.00801],[119.8876,-4.00785],[119.88768,-4.00696],[119.88917,-4.00561],[119.88973,-4.00641],[119.88877,-4.00727],[119.88901,-4.00804],[119.89023,-4.00757],[119.88982,-4.0069],[119.89068,-4.00459],[119.88979,-4.00278],[119.89226,-3.99892],[119.89384,-3.99782],[119.89492,-3.99519],[119.89689,-3.99332],[119.89904,-3.98985],[119.90005,-3.98581],[119.89959,-3.98465],[119.90042,-3.98267],[119.89986,-3.98083],[119.90715,-3.96574],[119.90686,-3.96082],[119.90403,-3.95591],[119.90397,-3.95355],[119.90626,-3.94349],[119.9094,-3.93565],[119.91182,-3.93382],[119.91392,-3.93369],[119.91462,-3.93287],[119.91709,-3.93357],[119.91985,-3.93269],[119.92163,-3.93314],[119.92611,-3.93138],[119.93425,-3.92937],[119.93659,-3.9311],[119.93694,-3.93212],[119.93671,-3.93288],[119.93529,-3.93256],[119.93484,-3.93408],[119.93522,-3.93531],[119.93685,-3.9352],[119.93829,-3.93423],[119.93786,-3.93628],[119.94671,-3.9368],[119.95164,-3.93851],[119.95798,-3.93938],[119.97349,-3.93607],[120.00001,-3.93466],[120.00752,-3.93646],[120.01113,-3.93796],[120.01613,-3.93858],[120.01786,-3.93571],[120.01819,-3.9328],[120.01726,-3.92807],[120.03546,-3.91443],[120.03868,-3.90396],[120.04133,-3.89883],[120.04667,-3.87547],[120.04779,-3.86614],[120.06254,-3.85316],[120.0672,-3.8538],[120.06791,-3.85279],[120.0807,-3.84913],[120.08744,-3.84765],[120.08855,-3.84795],[120.08932,-3.84725],[120.08999,-3.84725],[120.09031,-3.84821],[120.09153,-3.84896],[120.09351,-3.84718],[120.09176,-3.84641],[120.09166,-3.8457],[120.09259,-3.84588],[120.09318,-3.84473],[120.09293,-3.84378],[120.09394,-3.84437],[120.09405,-3.84348],[120.09524,-3.84305],[120.09587,-3.84325],[120.09601,-3.84482],[120.09749,-3.84474],[120.09744,-3.84405],[120.09826,-3.84384],[120.09905,-3.84549],[120.10046,-3.84544],[120.10099,-3.84482],[120.10269,-3.84557],[120.10327,-3.84518],[120.10173,-3.84248],[120.10267,-3.84203],[120.10447,-3.84245],[120.10438,-3.84303],[120.1054,-3.84342],[120.10546,-3.84557],[120.10711,-3.84655],[120.10801,-3.84664],[120.10854,-3.84531],[120.11057,-3.84451],[120.11098,-3.84681],[120.10963,-3.84847],[120.11232,-3.84878],[120.11407,-3.84303],[120.11552,-3.84284],[120.11559,-3.84501],[120.11679,-3.84628],[120.11745,-3.84622],[120.11799,-3.845],[120.11924,-3.84565],[120.12068,-3.84489],[120.12069,-3.84268],[120.12137,-3.84286],[120.12216,-3.84443],[120.1233,-3.84346],[120.12329,-3.84225],[120.12582,-3.84147],[120.12698,-3.83977],[120.12715,-3.83898],[120.12619,-3.83841],[120.12381,-3.83828],[120.12372,-3.83744],[120.1253,-3.8359],[120.12757,-3.83477],[120.13092,-3.83415],[120.1329,-3.83457],[120.13601,-3.83059],[120.13953,-3.8289],[120.14036,-3.82787],[120.14088,-3.82642],[120.14075,-3.82184],[120.13933,-3.81762],[120.13944,-3.81618],[120.14131,-3.81432],[120.14277,-3.81501],[120.14412,-3.81479],[120.14317,-3.80914],[120.14485,-3.80376],[120.14832,-3.79918],[120.14985,-3.79905],[120.15274,-3.79691],[120.15257,-3.79524],[120.15124,-3.79486],[120.14907,-3.79255],[120.14877,-3.79053],[120.14944,-3.7879],[120.15212,-3.78589],[120.14843,-3.78261],[120.14839,-3.78123],[120.14744,-3.78015],[120.14599,-3.77979],[120.14556,-3.77888],[120.14864,-3.77538],[120.15002,-3.77494],[120.14958,-3.77393],[120.15104,-3.77203],[120.16167,-3.76828],[120.16746,-3.7688],[120.18231,-3.77287],[120.18584,-3.77332],[120.19286,-3.76943],[120.19889,-3.76013],[120.20382,-3.75502],[120.21082,-3.7362],[120.21363,-3.73459],[120.21509,-3.72906],[120.22766,-3.7244],[120.23246,-3.71545],[120.23931,-3.70887],[120.24343,-3.70806],[120.25201,-3.71682],[120.25798,-3.71686],[120.25978,-3.71842],[120.26626,-3.72133],[120.27321,-3.71778],[120.27555,-3.71722],[120.27851,-3.71847],[120.28158,-3.71814],[120.2854,-3.71941],[120.29083,-3.72009],[120.29482,-3.71898],[120.2989,-3.7135],[120.29988,-3.71378],[120.30203,-3.7126],[120.30877,-3.70322],[120.31076,-3.69549],[120.31432,-3.69119],[120.32231,-3.68476],[120.32879,-3.68166],[120.33127,-3.67707],[120.33072,-3.6735],[120.32838,-3.66772],[120.32217,-3.64675],[120.31229,-3.64875],[120.30662,-3.64412],[120.29297,-3.63643],[120.28459,-3.63003],[120.28318,-3.62787],[120.27082,-3.61679],[120.2667,-3.61476],[120.26369,-3.61425],[120.26075,-3.61031],[120.25923,-3.60968],[120.25681,-3.60673],[120.25479,-3.60596],[120.25545,-3.6035],[120.25389,-3.6017],[120.25155,-3.60236],[120.24908,-3.60024],[120.24745,-3.59763],[120.24243,-3.59525],[120.23363,-3.59818],[120.22316,-3.59647],[120.21715,-3.59671],[120.21018,-3.59594],[120.20678,-3.59011],[120.19468,-3.57667],[120.19328,-3.57287],[120.19172,-3.56341],[120.1882,-3.55827],[120.18448,-3.55536],[120.18412,-3.55441],[120.1838,-3.55084],[120.18039,-3.54386],[120.18028,-3.5424],[120.18296,-3.54],[120.18287,-3.53819],[120.18041,-3.53592],[120.17728,-3.52695],[120.1808,-3.51602],[120.18047,-3.51317],[120.17571,-3.50585],[120.17725,-3.5039],[120.1777,-3.49961],[120.17365,-3.49497],[120.17174,-3.49437],[120.1695,-3.48987],[120.16616,-3.48816],[120.16502,-3.48816],[120.16021,-3.49004],[120.15689,-3.49306],[120.15461,-3.49353],[120.15208,-3.49265],[120.14455,-3.49205],[120.14131,-3.48563],[120.13172,-3.47972],[120.12775,-3.47854],[120.12409,-3.47616],[120.11746,-3.47541],[120.11179,-3.47629],[120.10913,-3.47466],[120.1046,-3.47699],[120.10226,-3.47757],[120.10014,-3.47696],[120.09643,-3.48296],[120.09636,-3.48823],[120.09388,-3.48942],[120.08879,-3.49385],[120.08635,-3.49436],[120.08083,-3.50327],[120.07755,-3.51248],[120.07872,-3.52205],[120.07542,-3.52389],[120.07107,-3.52355],[120.06881,-3.5262],[120.06759,-3.52987],[120.06466,-3.53311],[120.06252,-3.53672],[120.04899,-3.54273],[120.04008,-3.5449],[120.03772,-3.54769],[120.03516,-3.55577],[120.03745,-3.5641],[120.03336,-3.57038],[120.03179,-3.5768],[120.02939,-3.58085],[120.02603,-3.5895],[120.02174,-3.59566],[120.01959,-3.60489],[120.01466,-3.61228],[120.01084,-3.6144],[120.0032,-3.62451],[120.0009,-3.62603],[119.99301,-3.62869],[119.99219,-3.63029],[119.99342,-3.63218],[119.99312,-3.63305],[119.99374,-3.6349],[119.99273,-3.63699],[119.99262,-3.6395],[119.99545,-3.63959],[119.99511,-3.641],[119.99597,-3.64293],[119.99565,-3.64494],[119.99498,-3.64545],[119.99509,-3.64886],[119.99316,-3.64914],[119.99159,-3.65447],[119.99189,-3.65505],[119.9929,-3.65449],[119.99327,-3.65725],[119.99603,-3.65959],[119.99481,-3.66166],[119.98432,-3.66139],[119.98015,-3.66875],[119.96699,-3.66295],[119.95504,-3.65916],[119.95283,-3.66364],[119.94607,-3.67092],[119.94259,-3.67147],[119.94085,-3.67278],[119.94002,-3.67531],[119.93412,-3.6786],[119.9274,-3.67918],[119.92595,-3.68208],[119.92286,-3.68552],[119.92371,-3.69055],[119.92174,-3.69347],[119.92493,-3.7002],[119.93107,-3.70275],[119.93231,-3.70436],[119.932,-3.70679],[119.9334,-3.70955],[119.93701,-3.70861],[119.93688,-3.71109],[119.93515,-3.71483],[119.93478,-3.71715],[119.93166,-3.71911],[119.93179,-3.71968],[119.93493,-3.72049],[119.93792,-3.7195],[119.93839,-3.71982],[119.93833,-3.72359],[119.93698,-3.72466],[119.93889,-3.72675],[119.93782,-3.72776],[119.93919,-3.7324],[119.9381,-3.735],[119.93837,-3.73586],[119.9402,-3.73699],[119.94129,-3.74251],[119.94067,-3.75304],[119.94171,-3.75448],[119.94441,-3.75559],[119.94389,-3.75756],[119.94301,-3.75829],[119.94011,-3.75898],[119.9403,-3.76155],[119.94515,-3.76626],[119.94773,-3.76647],[119.94784,-3.76733],[119.94528,-3.76917],[119.94533,-3.76996],[119.94621,-3.77261],[119.94784,-3.77409],[119.94837,-3.77713],[119.9493,-3.77842],[119.95427,-3.78075],[119.95741,-3.77867],[119.96223,-3.78039],[119.96444,-3.78264],[119.96638,-3.7869],[119.96837,-3.78735],[119.96949,-3.78839],[119.96923,-3.78936],[119.96713,-3.79077],[119.96698,-3.79178],[119.9676,-3.79443],[119.96863,-3.79493],[119.96878,-3.79597],[119.96788,-3.79653],[119.96657,-3.79632],[119.96498,-3.79495],[119.96374,-3.79488],[119.95947,-3.79953],[119.95936,-3.80051],[119.96099,-3.80276],[119.95462,-3.80304],[119.94857,-3.80623],[119.94423,-3.80959],[119.93844,-3.80295],[119.93728,-3.80308],[119.93228,-3.80788],[119.92653,-3.81788],[119.92445,-3.81745],[119.91789,-3.81293],[119.91207,-3.81704],[119.90928,-3.81804],[119.9074,-3.82252],[119.89995,-3.82624],[119.89723,-3.82333],[119.89768,-3.82037],[119.89663,-3.81812],[119.89474,-3.81639],[119.89148,-3.81575],[119.88133,-3.81874],[119.8791,-3.81883],[119.87541,-3.81802],[119.86324,-3.81227],[119.86089,-3.81215],[119.86086,-3.8084],[119.85905,-3.80881],[119.85807,-3.80749],[119.85911,-3.80676],[119.86093,-3.80663],[119.86066,-3.80512],[119.85949,-3.80378],[119.8587,-3.80523],[119.851,-3.80041],[119.84874,-3.79314],[119.84661,-3.79265],[119.84703,-3.79142],[119.8449,-3.78959],[119.846,-3.78716],[119.84427,-3.78577],[119.8447,-3.77994],[119.84002,-3.7775],[119.8349,-3.77243],[119.83095,-3.77069],[119.82327,-3.76915],[119.82294,-3.76665],[119.82185,-3.76498],[119.82204,-3.76183],[119.8206,-3.75211],[119.81887,-3.74935],[119.81494,-3.7495],[119.81,-3.74305],[119.80857,-3.74277],[119.80638,-3.74038],[119.80211,-3.73331],[119.79827,-3.73166],[119.78361,-3.7176],[119.78605,-3.72582],[119.78553,-3.72643],[119.78082,-3.72681],[119.78057,-3.73399],[119.77963,-3.73727],[119.77551,-3.73808],[119.77291,-3.73965],[119.76591,-3.74147],[119.7645,-3.74346],[119.7648,-3.74416],[119.76394,-3.74461],[119.76167,-3.74489],[119.76044,-3.74431],[119.75621,-3.74506],[119.75688,-3.74579],[119.75705,-3.74877],[119.75484,-3.75104],[119.75518,-3.75318],[119.7534,-3.75472],[119.7527,-3.75686],[119.75173,-3.75725],[119.7519,-3.75915],[119.75042,-3.75977],[119.75916,-3.76514],[119.75589,-3.76733],[119.75549,-3.76926],[119.75199,-3.77256],[119.75068,-3.77609],[119.74862,-3.77836],[119.74731,-3.78198],[119.74491,-3.78493],[119.75188,-3.79786],[119.74853,-3.81396],[119.74375,-3.82383],[119.73647,-3.8466]]]}},
{"type":"Feature","properties":{"slug":"sinjai","nama":"Kabupaten Sinjai","osm":"relation/13219266","pusat":[-5.219765447019874,120.14123591059604]},"geometry":{"type":"MultiPolygon","coordinates":[[[[120.2754,-5.15274],[120.2752,-5.15163],[120.2729,-5.15178],[120.27176,-5.14841],[120.27106,-5.14878],[120.27038,-5.14639],[120.26938,-5.14628],[120.26935,-5.14499],[120.27033,-5.14515],[120.27068,-5.14373],[120.26958,-5.14165],[120.2705,-5.14174],[120.27214,-5.13963],[120.27183,-5.13935],[120.27362,-5.13833],[120.2739,-5.13651],[120.27558,-5.13445],[120.27534,-5.13302],[120.27799,-5.13089],[120.27886,-5.12865],[120.27829,-5.12663],[120.28013,-5.12707],[120.28055,-5.12616],[120.28331,-5.12458],[120.28458,-5.1219],[120.28617,-5.12108],[120.28725,-5.1162],[120.28869,-5.11661],[120.28884,-5.11621],[120.28809,-5.11554],[120.28854,-5.11299],[120.27411,-5.10766],[120.26639,-5.10166],[120.26375,-5.10216],[120.26322,-5.10356],[120.26344,-5.10496],[120.26539,-5.10787],[120.26602,-5.11118],[120.26562,-5.11431],[120.26461,-5.11555],[120.26234,-5.11649],[120.26022,-5.1158],[120.25853,-5.11412],[120.25678,-5.10737],[120.25533,-5.10585],[120.25483,-5.106],[120.25274,-5.10268],[120.25001,-5.09663],[120.25061,-5.09514],[120.24745,-5.09299],[120.2413,-5.09276],[120.23778,-5.0897],[120.23212,-5.08732],[120.2316,-5.08774],[120.23241,-5.09083],[120.23205,-5.0923],[120.22835,-5.09618],[120.22706,-5.09587],[120.22639,-5.09302],[120.22574,-5.09262],[120.22096,-5.09384],[120.22122,-5.09738],[120.21672,-5.10015],[120.21501,-5.09953],[120.21461,-5.09832],[120.21182,-5.09965],[120.2098,-5.09802],[120.20867,-5.09974],[120.20757,-5.09998],[120.20468,-5.09727],[120.20229,-5.09678],[120.19792,-5.09124],[120.19585,-5.09037],[120.19575,-5.08564],[120.19418,-5.08198],[120.19554,-5.08017],[120.19222,-5.07862],[120.18951,-5.08074],[120.18852,-5.08],[120.18827,-5.07825],[120.19125,-5.07521],[120.19063,-5.07439],[120.18825,-5.07469],[120.18895,-5.07081],[120.18803,-5.06916],[120.18574,-5.06899],[120.18496,-5.07085],[120.18391,-5.07106],[120.1818,-5.06941],[120.1794,-5.06993],[120.17768,-5.07334],[120.17599,-5.07432],[120.17468,-5.07646],[120.16817,-5.07465],[120.16725,-5.07512],[120.16545,-5.07813],[120.16461,-5.07835],[120.16264,-5.07509],[120.16053,-5.07467],[120.16003,-5.0726],[120.16215,-5.07102],[120.16137,-5.06499],[120.15958,-5.06425],[120.15884,-5.06285],[120.15486,-5.06334],[120.15225,-5.06551],[120.15081,-5.06534],[120.15162,-5.05903],[120.15014,-5.05864],[120.14789,-5.06032],[120.14653,-5.06041],[120.14251,-5.05958],[120.14117,-5.05755],[120.13805,-5.05752],[120.1371,-5.05687],[120.13877,-5.05428],[120.13266,-5.04835],[120.13189,-5.04507],[120.1308,-5.04453],[120.12719,-5.04465],[120.12483,-5.04547],[120.12486,-5.04824],[120.12269,-5.05141],[120.12201,-5.05492],[120.11969,-5.05852],[120.11698,-5.0579],[120.11052,-5.06184],[120.10925,-5.06363],[120.10938,-5.06669],[120.10831,-5.06982],[120.10476,-5.07119],[120.10266,-5.07274],[120.10065,-5.07313],[120.09705,-5.07586],[120.08435,-5.07491],[120.08142,-5.07751],[120.08011,-5.08188],[120.07704,-5.08374],[120.0762,-5.08995],[120.07484,-5.0913],[120.07248,-5.0922],[120.07241,-5.09785],[120.07021,-5.09958],[120.06458,-5.09919],[120.06366,-5.10015],[120.06503,-5.10429],[120.06336,-5.10769],[120.06093,-5.11032],[120.06021,-5.11298],[120.06051,-5.11691],[120.05976,-5.11843],[120.06076,-5.12313],[120.05757,-5.1245],[120.05752,-5.12649],[120.05688,-5.12685],[120.05503,-5.12746],[120.05365,-5.1267],[120.05292,-5.12813],[120.04967,-5.12688],[120.04506,-5.12858],[120.04439,-5.12852],[120.04392,-5.12687],[120.04053,-5.1267],[120.03877,-5.12725],[120.03868,-5.12856],[120.03798,-5.12903],[120.03692,-5.1289],[120.03624,-5.12967],[120.03514,-5.1292],[120.03246,-5.12958],[120.03025,-5.13089],[120.02918,-5.13014],[120.02961,-5.12918],[120.02645,-5.12905],[120.02454,-5.1301],[120.02478,-5.13181],[120.02334,-5.13322],[120.0218,-5.1307],[120.02064,-5.13108],[120.02019,-5.1326],[120.01873,-5.13234],[120.01761,-5.13298],[120.01422,-5.12768],[120.01197,-5.12704],[119.99991,-5.13371],[119.99857,-5.13374],[119.99481,-5.13052],[119.9902,-5.13086],[119.98926,-5.12999],[119.98667,-5.12997],[119.98502,-5.1239],[119.98345,-5.12102],[119.98201,-5.12076],[119.97869,-5.12311],[119.97699,-5.12345],[119.97352,-5.12557],[119.96914,-5.13551],[119.96907,-5.13709],[119.97196,-5.14188],[119.97621,-5.14239],[119.97772,-5.14326],[119.98048,-5.14646],[119.98483,-5.14849],[119.98554,-5.15148],[119.99524,-5.15416],[120.00108,-5.15415],[120.00114,-5.15717],[120.00179,-5.15853],[120.0016,-5.1624],[120.00404,-5.16467],[120.00951,-5.16747],[120.01297,-5.17198],[120.017,-5.17477],[120.02172,-5.17614],[120.02668,-5.18396],[120.03146,-5.18576],[120.03076,-5.18813],[120.02786,-5.19315],[120.0246,-5.19294],[120.02434,-5.19476],[120.02593,-5.19624],[120.02505,-5.19986],[120.02269,-5.19807],[120.01979,-5.19846],[120.01865,-5.19777],[120.01752,-5.19777],[120.01672,-5.1989],[120.01516,-5.19875],[120.01348,-5.19956],[120.00917,-5.19715],[120.0075,-5.19723],[120.00612,-5.19822],[120.00432,-5.19758],[120.00327,-5.19612],[120.00243,-5.19614],[120.00177,-5.1973],[120.00297,-5.19886],[120.00258,-5.20008],[120.00136,-5.19984],[119.99999,-5.19839],[119.99773,-5.19948],[119.99559,-5.19899],[119.99374,-5.20104],[119.99376,-5.20172],[119.99535,-5.2026],[119.9928,-5.20399],[119.9926,-5.20533],[119.99057,-5.20476],[119.99054,-5.20642],[119.99162,-5.20824],[119.99012,-5.20922],[119.99123,-5.21027],[119.99125,-5.21181],[119.99383,-5.21348],[119.99492,-5.21726],[119.99595,-5.2187],[119.9958,-5.21953],[119.99688,-5.22027],[119.99864,-5.22344],[119.99853,-5.22392],[119.99774,-5.22381],[119.99688,-5.22588],[119.99721,-5.22739],[119.9981,-5.22795],[119.99755,-5.2299],[119.99579,-5.23346],[119.98999,-5.23725],[119.9875,-5.24141],[119.9854,-5.24357],[119.98317,-5.24821],[119.97948,-5.25178],[119.97519,-5.26568],[119.9726,-5.27137],[119.97279,-5.27308],[119.9753,-5.27404],[119.97493,-5.2772],[119.96908,-5.27989],[119.96815,-5.28075],[119.96807,-5.28179],[119.96517,-5.28284],[119.96382,-5.2816],[119.96191,-5.28389],[119.96215,-5.28496],[119.9582,-5.28711],[119.95504,-5.29073],[119.94946,-5.3],[119.94607,-5.31055],[119.94544,-5.31628],[119.94129,-5.31908],[119.94055,-5.32094],[119.93681,-5.3254],[119.93407,-5.33173],[119.9298,-5.33767],[119.929,-5.34079],[119.93019,-5.34416],[119.93282,-5.34787],[119.93368,-5.35255],[119.93537,-5.35438],[119.9356,-5.35585],[119.93596,-5.35633],[119.93744,-5.35454],[119.93921,-5.35367],[119.94128,-5.35384],[119.94507,-5.35561],[119.95598,-5.35399],[119.95465,-5.35267],[119.95464,-5.35189],[119.95664,-5.34834],[119.95654,-5.34553],[119.9576,-5.34414],[119.96255,-5.34184],[119.96672,-5.34208],[119.97046,-5.34024],[119.97263,-5.3384],[119.97426,-5.33796],[119.97545,-5.33621],[119.97767,-5.33543],[119.9805,-5.33265],[119.98373,-5.33146],[119.98518,-5.33013],[119.98717,-5.32955],[119.98785,-5.33011],[119.99109,-5.32653],[119.99223,-5.32666],[119.99316,-5.32544],[119.99266,-5.32389],[119.997,-5.32235],[119.99815,-5.32069],[119.99949,-5.32078],[119.99981,-5.32223],[120.00125,-5.32252],[120.00131,-5.3233],[120.006,-5.32349],[120.00823,-5.32646],[120.00938,-5.32552],[120.01269,-5.32631],[120.01293,-5.32927],[120.01369,-5.32961],[120.01492,-5.33237],[120.01674,-5.33301],[120.01667,-5.33516],[120.01763,-5.33637],[120.01904,-5.33659],[120.02029,-5.33819],[120.02835,-5.33892],[120.02917,-5.3398],[120.03063,-5.33864],[120.03319,-5.3394],[120.03328,-5.34122],[120.03407,-5.34156],[120.03511,-5.341],[120.03557,-5.34211],[120.03724,-5.3424],[120.03775,-5.34411],[120.03742,-5.34568],[120.03977,-5.34703],[120.05326,-5.34006],[120.05516,-5.33973],[120.05719,-5.33582],[120.05873,-5.33558],[120.06197,-5.3329],[120.06538,-5.33347],[120.06707,-5.33288],[120.07327,-5.33562],[120.07645,-5.33283],[120.07847,-5.32893],[120.07888,-5.32624],[120.07997,-5.32484],[120.08309,-5.32412],[120.08383,-5.32324],[120.08822,-5.32156],[120.08885,-5.32296],[120.09,-5.32338],[120.09255,-5.32118],[120.09406,-5.32133],[120.09505,-5.32267],[120.09786,-5.32232],[120.09862,-5.32124],[120.09775,-5.31818],[120.09847,-5.31672],[120.10259,-5.3171],[120.10286,-5.31627],[120.10421,-5.31614],[120.10511,-5.31418],[120.1064,-5.31372],[120.10706,-5.31563],[120.10787,-5.31621],[120.11058,-5.31451],[120.11505,-5.31351],[120.1159,-5.31464],[120.1179,-5.31226],[120.11918,-5.3127],[120.12173,-5.3108],[120.12518,-5.31165],[120.12543,-5.30674],[120.13026,-5.30789],[120.13121,-5.30638],[120.13008,-5.30484],[120.13146,-5.30419],[120.13185,-5.30236],[120.13317,-5.30101],[120.13519,-5.30063],[120.13508,-5.29797],[120.13636,-5.29641],[120.13645,-5.2943],[120.13892,-5.2919],[120.1394,-5.29026],[120.14098,-5.28987],[120.14032,-5.28882],[120.14064,-5.28824],[120.14173,-5.28837],[120.14482,-5.29144],[120.15038,-5.30075],[120.15268,-5.30218],[120.15826,-5.30318],[120.17085,-5.31224],[120.17282,-5.31269],[120.1732,-5.31194],[120.17578,-5.31281],[120.17617,-5.31158],[120.17864,-5.31273],[120.17955,-5.31162],[120.18101,-5.31207],[120.18382,-5.31069],[120.1849,-5.31076],[120.18574,-5.30939],[120.18799,-5.30899],[120.18876,-5.30809],[120.19598,-5.30706],[120.19833,-5.30594],[120.19919,-5.30511],[120.19898,-5.30425],[120.20087,-5.30329],[120.20223,-5.30366],[120.20283,-5.30315],[120.2026,-5.30205],[120.20333,-5.30218],[120.20432,-5.30117],[120.20549,-5.30191],[120.20868,-5.30147],[120.21038,-5.30273],[120.21108,-5.30218],[120.21207,-5.30352],[120.21331,-5.30296],[120.21394,-5.30369],[120.21376,-5.30302],[120.21494,-5.30255],[120.21596,-5.30346],[120.21776,-5.3031],[120.21894,-5.3036],[120.21949,-5.30284],[120.22186,-5.30335],[120.22337,-5.30169],[120.22414,-5.3019],[120.22484,-5.30028],[120.22562,-5.30087],[120.2271,-5.29878],[120.22693,-5.29775],[120.22802,-5.29799],[120.2283,-5.29723],[120.22941,-5.29766],[120.23033,-5.29676],[120.23093,-5.29749],[120.23528,-5.29889],[120.23755,-5.29786],[120.2394,-5.29982],[120.24087,-5.29901],[120.24085,-5.29792],[120.24522,-5.2999],[120.24607,-5.30098],[120.245,-5.30135],[120.24477,-5.3021],[120.24614,-5.30221],[120.24644,-5.30305],[120.24755,-5.3025],[120.24905,-5.30245],[120.24949,-5.30305],[120.25066,-5.30263],[120.25154,-5.30401],[120.25177,-5.30154],[120.25222,-5.30307],[120.25387,-5.30382],[120.25375,-5.30236],[120.25487,-5.30286],[120.25454,-5.30146],[120.25541,-5.30169],[120.25689,-5.29909],[120.25819,-5.29958],[120.25876,-5.2988],[120.25835,-5.29747],[120.25953,-5.29761],[120.26004,-5.29679],[120.26299,-5.29839],[120.26329,-5.29771],[120.26494,-5.29724],[120.26707,-5.29847],[120.27064,-5.29715],[120.27086,-5.29872],[120.27323,-5.29948],[120.27568,-5.29872],[120.27711,-5.30092],[120.27831,-5.3003],[120.27869,-5.2975],[120.27748,-5.29686],[120.27855,-5.29655],[120.2793,-5.29531],[120.28024,-5.29563],[120.2808,-5.29682],[120.28162,-5.29683],[120.28177,-5.29516],[120.28085,-5.2939],[120.28344,-5.29317],[120.28326,-5.29224],[120.28186,-5.29135],[120.2818,-5.2902],[120.2853,-5.29031],[120.28608,-5.28735],[120.28765,-5.28765],[120.28927,-5.28653],[120.29134,-5.28915],[120.2916,-5.28696],[120.2933,-5.28742],[120.29492,-5.28999],[120.2992,-5.28796],[120.29948,-5.28929],[120.2985,-5.28927],[120.29813,-5.29063],[120.30196,-5.29148],[120.30183,-5.29527],[120.30307,-5.29614],[120.30142,-5.29857],[120.30262,-5.30176],[120.30387,-5.30225],[120.30494,-5.30194],[120.30562,-5.30062],[120.30654,-5.30067],[120.30667,-5.29888],[120.30846,-5.29745],[120.3066,-5.2955],[120.30684,-5.29401],[120.30807,-5.29384],[120.31045,-5.29523],[120.31163,-5.29527],[120.31304,-5.2975],[120.31444,-5.29707],[120.31611,-5.29505],[120.31878,-5.29497],[120.31884,-5.29343],[120.32038,-5.29045],[120.32284,-5.29114],[120.32358,-5.2905],[120.32587,-5.29068],[120.32838,-5.28859],[120.33192,-5.28998],[120.33298,-5.28979],[120.33474,-5.28677],[120.33049,-5.27442],[120.32749,-5.27029],[120.32786,-5.26451],[120.32629,-5.26113],[120.32452,-5.25132],[120.32238,-5.2454],[120.32061,-5.24351],[120.31774,-5.23647],[120.31645,-5.2358],[120.31418,-5.233],[120.31489,-5.22893],[120.31424,-5.2279],[120.31301,-5.22704],[120.30974,-5.22755],[120.30966,-5.22596],[120.31274,-5.22569],[120.31385,-5.22472],[120.31337,-5.22489],[120.31331,-5.22407],[120.31314,-5.22448],[120.31209,-5.22311],[120.31129,-5.21776],[120.30689,-5.2108],[120.30575,-5.21075],[120.3027,-5.20717],[120.29602,-5.20307],[120.28731,-5.18914],[120.28559,-5.18484],[120.28418,-5.18342],[120.28128,-5.17563],[120.27886,-5.17369],[120.27742,-5.16987],[120.27621,-5.1706],[120.27708,-5.16732],[120.27697,-5.16633],[120.2762,-5.16619],[120.27665,-5.16484],[120.27609,-5.16374],[120.27734,-5.16379],[120.27704,-5.1592],[120.27528,-5.1596],[120.27344,-5.16283],[120.27293,-5.16233],[120.2733,-5.15999],[120.2746,-5.15863],[120.27417,-5.15774],[120.27636,-5.15473],[120.2754,-5.15274]]],[[[120.3919,-5.04154],[120.39367,-5.04112],[120.3938,-5.03892],[120.39317,-5.03846],[120.39012,-5.04078],[120.39153,-5.04189],[120.3919,-5.04154]]],[[[120.39604,-5.04637],[120.39832,-5.04294],[120.39797,-5.04117],[120.39587,-5.04207],[120.39604,-5.04637]]],[[[120.41372,-5.05005],[120.41266,-5.05031],[120.41253,-5.05092],[120.41405,-5.05286],[120.42014,-5.05383],[120.4244,-5.05813],[120.42747,-5.05756],[120.42447,-5.05494],[120.42449,-5.0533],[120.42301,-5.05203],[120.42347,-5.04945],[120.42288,-5.04921],[120.42313,-5.04833],[120.42226,-5.04702],[120.42057,-5.0494],[120.41974,-5.04822],[120.4187,-5.04816],[120.41594,-5.04995],[120.41372,-5.05005]]],[[[120.39921,-5.06864],[120.40011,-5.06959],[120.40094,-5.06764],[120.39933,-5.06682],[120.3984,-5.06815],[120.39921,-5.06864]]],[[[120.39222,-5.07145],[120.39267,-5.0712],[120.39195,-5.07112],[120.39222,-5.07145]]],[[[120.39995,-5.06271],[120.40001,-5.06262],[120.40004,-5.0625],[120.40006,-5.06244],[120.40005,-5.06237],[120.40002,-5.06235],[120.39998,-5.06235],[120.39993,-5.0624],[120.39989,-5.06246],[120.39988,-5.06259],[120.39988,-5.06267],[120.39995,-5.06271]]],[[[120.41902,-5.09574],[120.41771,-5.09915],[120.4184,-5.1012],[120.41897,-5.10138],[120.42036,-5.09997],[120.42117,-5.0945],[120.41958,-5.0945],[120.41902,-5.09574]]],[[[120.41378,-5.10907],[120.41143,-5.11239],[120.41303,-5.11256],[120.41378,-5.10907]]],[[[120.38897,-5.12404],[120.39017,-5.12523],[120.39325,-5.1256],[120.39631,-5.12329],[120.39594,-5.12002],[120.39361,-5.11828],[120.39215,-5.11549],[120.39086,-5.11588],[120.38731,-5.12098],[120.38713,-5.122],[120.38897,-5.12404]]],[[[120.42346,-5.06768],[120.42319,-5.06895],[120.4255,-5.07048],[120.42501,-5.06573],[120.42364,-5.06663],[120.42346,-5.06768]]]]}},
{"type":"Feature","properties":{"slug":"soppeng","nama":"Kabupaten Soppeng","osm":"relation/14751866","pusat":[-4.340417327272731,119.88133478181813]},"geometry":{"type":"Polygon","coordinates":[[[119.71517,-4.24701],[119.71693,-4.24272],[119.71649,-4.24115],[119.71468,-4.23979],[119.71368,-4.23759],[119.71101,-4.23652],[119.70863,-4.23274],[119.70716,-4.23258],[119.70624,-4.23163],[119.70761,-4.22978],[119.71141,-4.2298],[119.71466,-4.22739],[119.71519,-4.22539],[119.71701,-4.22455],[119.71736,-4.22292],[119.71868,-4.22181],[119.71866,-4.21957],[119.71965,-4.21853],[119.71947,-4.21693],[119.72112,-4.21592],[119.72167,-4.21458],[119.72882,-4.21176],[119.73613,-4.21355],[119.73696,-4.21275],[119.73952,-4.21433],[119.74142,-4.21346],[119.74299,-4.2114],[119.74565,-4.21168],[119.74728,-4.2127],[119.75057,-4.21026],[119.75492,-4.21011],[119.75612,-4.20912],[119.75761,-4.2063],[119.75554,-4.20376],[119.75634,-4.20133],[119.75545,-4.19942],[119.75627,-4.19621],[119.75766,-4.19384],[119.75544,-4.19147],[119.75083,-4.19069],[119.74991,-4.18946],[119.74622,-4.18965],[119.74541,-4.19104],[119.74411,-4.19078],[119.74347,-4.18828],[119.74203,-4.18752],[119.74131,-4.186],[119.74105,-4.1818],[119.73668,-4.17806],[119.73534,-4.17829],[119.73127,-4.17641],[119.72975,-4.17209],[119.73027,-4.17118],[119.73249,-4.1704],[119.73155,-4.16856],[119.73195,-4.16731],[119.73535,-4.16481],[119.73547,-4.16174],[119.73388,-4.16032],[119.73327,-4.15439],[119.73172,-4.15376],[119.73173,-4.15292],[119.72992,-4.15253],[119.73128,-4.14926],[119.73408,-4.14753],[119.73381,-4.14617],[119.73288,-4.14529],[119.73485,-4.14474],[119.73495,-4.14262],[119.73597,-4.14133],[119.73593,-4.13964],[119.73459,-4.1378],[119.73736,-4.13759],[119.73871,-4.13849],[119.74035,-4.13861],[119.74111,-4.14107],[119.74073,-4.14193],[119.74233,-4.1425],[119.74334,-4.14238],[119.744,-4.14088],[119.74807,-4.1396],[119.74637,-4.13625],[119.74624,-4.13466],[119.74807,-4.12888],[119.75039,-4.12879],[119.75103,-4.12634],[119.752,-4.12687],[119.75397,-4.12615],[119.7568,-4.12702],[119.75715,-4.12805],[119.7579,-4.12803],[119.75814,-4.1294],[119.75874,-4.12951],[119.76175,-4.12736],[119.76687,-4.12752],[119.76972,-4.12848],[119.77013,-4.13109],[119.77341,-4.13004],[119.77615,-4.13125],[119.77658,-4.13225],[119.77627,-4.13846],[119.77927,-4.14109],[119.78006,-4.13901],[119.78315,-4.13724],[119.78421,-4.13575],[119.78516,-4.13614],[119.786,-4.13761],[119.78648,-4.13973],[119.78938,-4.1399],[119.78952,-4.13671],[119.79233,-4.13243],[119.79328,-4.12766],[119.79579,-4.12319],[119.7998,-4.11901],[119.8063,-4.11478],[119.80813,-4.11094],[119.80966,-4.11093],[119.81072,-4.10856],[119.8122,-4.10811],[119.81278,-4.10713],[119.81585,-4.10638],[119.82209,-4.10627],[119.82485,-4.10422],[119.82943,-4.10312],[119.83282,-4.10106],[119.83513,-4.0981],[119.83807,-4.09712],[119.84279,-4.09415],[119.8436,-4.09415],[119.84721,-4.09766],[119.85338,-4.09927],[119.86558,-4.10566],[119.87941,-4.11116],[119.88328,-4.11183],[119.89178,-4.10977],[119.91078,-4.09632],[119.91538,-4.10058],[119.92488,-4.10563],[119.93918,-4.10592],[119.94764,-4.11128],[119.95058,-4.11456],[119.94947,-4.13986],[119.94758,-4.15494],[119.94588,-4.17858],[119.94993,-4.18262],[119.95034,-4.18527],[119.9495,-4.1879],[119.9473,-4.1898],[119.94734,-4.19354],[119.94406,-4.19978],[119.94411,-4.20117],[119.94252,-4.20231],[119.93957,-4.20261],[119.9362,-4.2068],[119.93667,-4.20884],[119.93595,-4.20973],[119.93661,-4.21037],[119.93612,-4.21125],[119.93711,-4.21273],[119.93686,-4.21634],[119.9392,-4.22083],[119.93845,-4.22138],[119.93906,-4.22289],[119.93851,-4.22323],[119.93917,-4.22758],[119.93717,-4.23243],[119.93788,-4.23288],[119.93812,-4.2377],[119.93556,-4.24026],[119.93502,-4.24321],[119.93365,-4.24557],[119.93474,-4.24987],[119.93503,-4.2502],[119.93785,-4.24842],[119.94438,-4.24888],[119.95485,-4.25179],[119.95553,-4.25312],[119.95963,-4.25661],[119.95951,-4.25836],[119.9566,-4.26203],[119.95805,-4.26411],[119.95834,-4.26693],[119.96075,-4.27192],[119.96358,-4.27343],[119.96886,-4.27124],[119.97371,-4.27055],[119.97772,-4.26312],[119.994,-4.26633],[120.0102,-4.26768],[120.01731,-4.26657],[120.02142,-4.26469],[120.02763,-4.26435],[120.0303,-4.2657],[120.03212,-4.26341],[120.0338,-4.26447],[120.03627,-4.26489],[120.03669,-4.26284],[120.04211,-4.2621],[120.04225,-4.26863],[120.04097,-4.27553],[120.04186,-4.27768],[120.04098,-4.28258],[120.04175,-4.28485],[120.04336,-4.2865],[120.06198,-4.28631],[120.06299,-4.28555],[120.06608,-4.28493],[120.06414,-4.28861],[120.06226,-4.29454],[120.06339,-4.29783],[120.07232,-4.3049],[120.07703,-4.30719],[120.07877,-4.30611],[120.08104,-4.30775],[120.08262,-4.30952],[120.08441,-4.31348],[120.08213,-4.31496],[120.08132,-4.31659],[120.08234,-4.3171],[120.08233,-4.31961],[120.08504,-4.32212],[120.08464,-4.32371],[120.07851,-4.33025],[120.07497,-4.33199],[120.07219,-4.33509],[120.07129,-4.33912],[120.07327,-4.34072],[120.07411,-4.3424],[120.07419,-4.34784],[120.07924,-4.3502],[120.08611,-4.35138],[120.08964,-4.35095],[120.09121,-4.3569],[120.09218,-4.35772],[120.09332,-4.35757],[120.09344,-4.36095],[120.09446,-4.36238],[120.0959,-4.36184],[120.09532,-4.36512],[120.09577,-4.36778],[120.09329,-4.3721],[120.09431,-4.37175],[120.09351,-4.37328],[120.09433,-4.37678],[120.09265,-4.37715],[120.09196,-4.38039],[120.0939,-4.38121],[120.09321,-4.38382],[120.09355,-4.38846],[120.09601,-4.3911],[120.09545,-4.39265],[120.09431,-4.3934],[120.09165,-4.39301],[120.09131,-4.39369],[120.09199,-4.39782],[120.09079,-4.4002],[120.09201,-4.40514],[120.09184,-4.4066],[120.08609,-4.41066],[120.08455,-4.40963],[120.08395,-4.40503],[120.0833,-4.40392],[120.06851,-4.40189],[120.06212,-4.39896],[120.05508,-4.39919],[120.05268,-4.39752],[120.04905,-4.39682],[120.04782,-4.39758],[120.04785,-4.39835],[120.05009,-4.40036],[120.04874,-4.40409],[120.05195,-4.4063],[120.05727,-4.40752],[120.05908,-4.40921],[120.06104,-4.41256],[120.06237,-4.41334],[120.06269,-4.4177],[120.06386,-4.41981],[120.06248,-4.42063],[120.06235,-4.42573],[120.06166,-4.42808],[120.06551,-4.43167],[120.0651,-4.43573],[120.06373,-4.43744],[120.06187,-4.43821],[120.06235,-4.44085],[120.06164,-4.44243],[120.06289,-4.44845],[120.06147,-4.44923],[120.06127,-4.45102],[120.06018,-4.45204],[120.06026,-4.4537],[120.05966,-4.4542],[120.05856,-4.45998],[120.05869,-4.46199],[120.05727,-4.46461],[120.05749,-4.46722],[120.05837,-4.46817],[120.05865,-4.4699],[120.05994,-4.47082],[120.05897,-4.47398],[120.05927,-4.47735],[120.05837,-4.48104],[120.05899,-4.48389],[120.05979,-4.48465],[120.05974,-4.49154],[120.05931,-4.49203],[120.05456,-4.49208],[120.05339,-4.49365],[120.05258,-4.49363],[120.05245,-4.49177],[120.05195,-4.4918],[120.05058,-4.49337],[120.04896,-4.49285],[120.04737,-4.49506],[120.04735,-4.49579],[120.04862,-4.49652],[120.05277,-4.49631],[120.05411,-4.49788],[120.05449,-4.50099],[120.04862,-4.5059],[120.04664,-4.50559],[120.04013,-4.51882],[120.03636,-4.52175],[120.03385,-4.52618],[120.03202,-4.52654],[120.02419,-4.52367],[120.02125,-4.525],[120.01814,-4.52538],[120.01374,-4.52765],[120.0125,-4.52714],[120.0107,-4.52389],[119.99547,-4.52295],[119.99381,-4.52432],[119.9915,-4.525],[119.98763,-4.52455],[119.98667,-4.52496],[119.98641,-4.52693],[119.98918,-4.53018],[119.98886,-4.53161],[119.98113,-4.53373],[119.97969,-4.53529],[119.98019,-4.53655],[119.97747,-4.53971],[119.97451,-4.54044],[119.97373,-4.53975],[119.97544,-4.53863],[119.97571,-4.53737],[119.97643,-4.53694],[119.97313,-4.53447],[119.97288,-4.53317],[119.97385,-4.53235],[119.97272,-4.53194],[119.97248,-4.53074],[119.97115,-4.53085],[119.97035,-4.53163],[119.96946,-4.5314],[119.97078,-4.53265],[119.97049,-4.53316],[119.96404,-4.53279],[119.96394,-4.53108],[119.96126,-4.53328],[119.96106,-4.53502],[119.95753,-4.5344],[119.95772,-4.53333],[119.9565,-4.5323],[119.95551,-4.53331],[119.95514,-4.53221],[119.95397,-4.53215],[119.94955,-4.53313],[119.94429,-4.53119],[119.94199,-4.53247],[119.94062,-4.52954],[119.93991,-4.52977],[119.93897,-4.53178],[119.93395,-4.53264],[119.93373,-4.5339],[119.92946,-4.53491],[119.92693,-4.53643],[119.9189,-4.53583],[119.91714,-4.53501],[119.91466,-4.53514],[119.91152,-4.5342],[119.90813,-4.53163],[119.9083,-4.52971],[119.90097,-4.52748],[119.89365,-4.53275],[119.89114,-4.53296],[119.88839,-4.53213],[119.88597,-4.53292],[119.87337,-4.53181],[119.87009,-4.53024],[119.86736,-4.52688],[119.8636,-4.52723],[119.86287,-4.52787],[119.86189,-4.52721],[119.86001,-4.52741],[119.85938,-4.52773],[119.85715,-4.53664],[119.85251,-4.53921],[119.85174,-4.54203],[119.8493,-4.54321],[119.84573,-4.54141],[119.83666,-4.54393],[119.8297,-4.54122],[119.82892,-4.53992],[119.82566,-4.54008],[119.8243,-4.53818],[119.8252,-4.53407],[119.82067,-4.53148],[119.81824,-4.53154],[119.81759,-4.5327],[119.81564,-4.53389],[119.81542,-4.53547],[119.81249,-4.5366],[119.80828,-4.53457],[119.80713,-4.53489],[119.80353,-4.53358],[119.8017,-4.53178],[119.80306,-4.525],[119.79957,-4.52432],[119.79939,-4.52223],[119.798,-4.52034],[119.79529,-4.51925],[119.79372,-4.51709],[119.79186,-4.51681],[119.79135,-4.51484],[119.78994,-4.51326],[119.78994,-4.51151],[119.79069,-4.51041],[119.78911,-4.5092],[119.78959,-4.50741],[119.78874,-4.50475],[119.79117,-4.5041],[119.79118,-4.50228],[119.78867,-4.50034],[119.79125,-4.49781],[119.79153,-4.49565],[119.78927,-4.49486],[119.7863,-4.49147],[119.78252,-4.48943],[119.78119,-4.48989],[119.77901,-4.48892],[119.7746,-4.48346],[119.77095,-4.48687],[119.768,-4.48666],[119.76516,-4.48739],[119.76305,-4.48703],[119.7632,-4.48511],[119.75856,-4.48038],[119.758,-4.4769],[119.75888,-4.4744],[119.75774,-4.47032],[119.75847,-4.46861],[119.75843,-4.46594],[119.75782,-4.46471],[119.75381,-4.46127],[119.75396,-4.45898],[119.75339,-4.45775],[119.75668,-4.45375],[119.75661,-4.4506],[119.75595,-4.44961],[119.75654,-4.44739],[119.75579,-4.44499],[119.7565,-4.44293],[119.7573,-4.44242],[119.75715,-4.44088],[119.75802,-4.43917],[119.75722,-4.43406],[119.75599,-4.43254],[119.75787,-4.4263],[119.75801,-4.42406],[119.75721,-4.42322],[119.75817,-4.42118],[119.75545,-4.41669],[119.75782,-4.41364],[119.75896,-4.40713],[119.75985,-4.4065],[119.75874,-4.40452],[119.75729,-4.40429],[119.75379,-4.39922],[119.7535,-4.3963],[119.75422,-4.39504],[119.75305,-4.39295],[119.75164,-4.38626],[119.75502,-4.3795],[119.75224,-4.37558],[119.7518,-4.37348],[119.7528,-4.37158],[119.75209,-4.37124],[119.75029,-4.36653],[119.75433,-4.36145],[119.7549,-4.35897],[119.75585,-4.35777],[119.75584,-4.35507],[119.75915,-4.34766],[119.75902,-4.34653],[119.75615,-4.34436],[119.75664,-4.34354],[119.75601,-4.34227],[119.75769,-4.33933],[119.75665,-4.33246],[119.75739,-4.32819],[119.75578,-4.32785],[119.75627,-4.32667],[119.75544,-4.32522],[119.75674,-4.32353],[119.75684,-4.32215],[119.75421,-4.31791],[119.75398,-4.31523],[119.75474,-4.31345],[119.75344,-4.31072],[119.75428,-4.30905],[119.75325,-4.30398],[119.75427,-4.30325],[119.75432,-4.29934],[119.75351,-4.29794],[119.75414,-4.29553],[119.75348,-4.29256],[119.75379,-4.29126],[119.75525,-4.2909],[119.75537,-4.28943],[119.75614,-4.28883],[119.75422,-4.28388],[119.75269,-4.28381],[119.75041,-4.28155],[119.74754,-4.28059],[119.74549,-4.28108],[119.74486,-4.28054],[119.74253,-4.28215],[119.74218,-4.28046],[119.74149,-4.28025],[119.74299,-4.27684],[119.7449,-4.27609],[119.74589,-4.27317],[119.74507,-4.27281],[119.74656,-4.27078],[119.74531,-4.26923],[119.74421,-4.26564],[119.73879,-4.2639],[119.73514,-4.262],[119.73284,-4.2577],[119.73018,-4.25874],[119.72845,-4.2582],[119.72748,-4.25621],[119.72492,-4.25517],[119.7233,-4.25306],[119.72052,-4.25293],[119.71771,-4.25153],[119.71517,-4.24701]]]}},
{"type":"Feature","properties":{"slug":"takalar","nama":"Kabupaten Takalar","osm":"relation/12534408","pusat":[-5.419695103578151,119.47867924670437]},"geometry":{"type":"MultiPolygon","coordinates":[[[[119.3064,-5.51924],[119.31164,-5.51759],[119.3148,-5.51511],[119.3158,-5.5134],[119.3154,-5.51293],[119.31465,-5.51344],[119.31376,-5.51483],[119.31353,-5.51399],[119.31252,-5.514],[119.31292,-5.51281],[119.31239,-5.51236],[119.31646,-5.50601],[119.3156,-5.50544],[119.31777,-5.50091],[119.31674,-5.50282],[119.3156,-5.50127],[119.31468,-5.50235],[119.3138,-5.50221],[119.31192,-5.50069],[119.31223,-5.49857],[119.31127,-5.49839],[119.31261,-5.49649],[119.31336,-5.49765],[119.31491,-5.49765],[119.31457,-5.49678],[119.31543,-5.49584],[119.31607,-5.49612],[119.31582,-5.49762],[119.31667,-5.49825],[119.3172,-5.49672],[119.31891,-5.49632],[119.31843,-5.49862],[119.31919,-5.49642],[119.31825,-5.4961],[119.31792,-5.49048],[119.31612,-5.4875],[119.3163,-5.48672],[119.31506,-5.48615],[119.31372,-5.48721],[119.31343,-5.48902],[119.31223,-5.48739],[119.31104,-5.48803],[119.31151,-5.49165],[119.31029,-5.49101],[119.30818,-5.49281],[119.30875,-5.49458],[119.3043,-5.49557],[119.30462,-5.49733],[119.30366,-5.49782],[119.30332,-5.49617],[119.30249,-5.49659],[119.3021,-5.49362],[119.30105,-5.49387],[119.30079,-5.4959],[119.30013,-5.49558],[119.29863,-5.49637],[119.29984,-5.49528],[119.29939,-5.49409],[119.29846,-5.49483],[119.29774,-5.49426],[119.29864,-5.49371],[119.29882,-5.49145],[119.29758,-5.49042],[119.29627,-5.49108],[119.29502,-5.49013],[119.29523,-5.48924],[119.29772,-5.48781],[119.29879,-5.48817],[119.29975,-5.48723],[119.29947,-5.48644],[119.30456,-5.4855],[119.30942,-5.48216],[119.30785,-5.47913],[119.30684,-5.4795],[119.30648,-5.47868],[119.30201,-5.48119],[119.30148,-5.47995],[119.30022,-5.47951],[119.30237,-5.47806],[119.3031,-5.47857],[119.30426,-5.47766],[119.30437,-5.4767],[119.30313,-5.4764],[119.30179,-5.47484],[119.30319,-5.47357],[119.29714,-5.4693],[119.29624,-5.46974],[119.29446,-5.46884],[119.28987,-5.46868],[119.28981,-5.47077],[119.28822,-5.47052],[119.28723,-5.47183],[119.28583,-5.47617],[119.28618,-5.47833],[119.28551,-5.47914],[119.28509,-5.47919],[119.28477,-5.47479],[119.28385,-5.47204],[119.2822,-5.47277],[119.27889,-5.47262],[119.27557,-5.47634],[119.27507,-5.47898],[119.27583,-5.48012],[119.27542,-5.48003],[119.27572,-5.4821],[119.27696,-5.48395],[119.27853,-5.48449],[119.27722,-5.48448],[119.27719,-5.48643],[119.27657,-5.48724],[119.27932,-5.49422],[119.27801,-5.49644],[119.27755,-5.50071],[119.27595,-5.50335],[119.27557,-5.5025],[119.27471,-5.5029],[119.27214,-5.50053],[119.26926,-5.5002],[119.26833,-5.50044],[119.26812,-5.50354],[119.26444,-5.50309],[119.26242,-5.50388],[119.26053,-5.5036],[119.25656,-5.50512],[119.25598,-5.50448],[119.2538,-5.50463],[119.25431,-5.50392],[119.25375,-5.50307],[119.25226,-5.50268],[119.25129,-5.50391],[119.25239,-5.50483],[119.2519,-5.50539],[119.2529,-5.50646],[119.25166,-5.50769],[119.25055,-5.50672],[119.24991,-5.50708],[119.25002,-5.50784],[119.25147,-5.5088],[119.25298,-5.50907],[119.25404,-5.50841],[119.25474,-5.50905],[119.2554,-5.50801],[119.25651,-5.50812],[119.25926,-5.51049],[119.25924,-5.50918],[119.25838,-5.50821],[119.25879,-5.50803],[119.26091,-5.51009],[119.26176,-5.50985],[119.26168,-5.51061],[119.26259,-5.51045],[119.26255,-5.51128],[119.26194,-5.51141],[119.26218,-5.51328],[119.26094,-5.51321],[119.26124,-5.51233],[119.2604,-5.51127],[119.25942,-5.51142],[119.25919,-5.51245],[119.25913,-5.5144],[119.26053,-5.51904],[119.26015,-5.52069],[119.25814,-5.5227],[119.25957,-5.52484],[119.26051,-5.52391],[119.26204,-5.52465],[119.26258,-5.52431],[119.26305,-5.52371],[119.26265,-5.52296],[119.26366,-5.52184],[119.26493,-5.52359],[119.26567,-5.52176],[119.26588,-5.52243],[119.26773,-5.52327],[119.26816,-5.52397],[119.26777,-5.52447],[119.26628,-5.5243],[119.26769,-5.52504],[119.26861,-5.52342],[119.26829,-5.52163],[119.26713,-5.52105],[119.26762,-5.51859],[119.26661,-5.51707],[119.26851,-5.51586],[119.27078,-5.51629],[119.27145,-5.51453],[119.27321,-5.51579],[119.27251,-5.51682],[119.27278,-5.51751],[119.27476,-5.51803],[119.27436,-5.51952],[119.27381,-5.51932],[119.27306,-5.52016],[119.27347,-5.52075],[119.27392,-5.52133],[119.27584,-5.51998],[119.2751,-5.5207],[119.27588,-5.52173],[119.27556,-5.52224],[119.27625,-5.5222],[119.27715,-5.52333],[119.27849,-5.52343],[119.27884,-5.52478],[119.28006,-5.52544],[119.27771,-5.52391],[119.27601,-5.52383],[119.27582,-5.52433],[119.27502,-5.52389],[119.27465,-5.52627],[119.27655,-5.52657],[119.27644,-5.52758],[119.27515,-5.52758],[119.27351,-5.52597],[119.27195,-5.52906],[119.27038,-5.52864],[119.26918,-5.52965],[119.26983,-5.53128],[119.27175,-5.5324],[119.27408,-5.52996],[119.27575,-5.53108],[119.27623,-5.53073],[119.27653,-5.53156],[119.27728,-5.53075],[119.2797,-5.5311],[119.27996,-5.53225],[119.27854,-5.53208],[119.28,-5.53273],[119.2837,-5.53295],[119.2853,-5.53111],[119.28877,-5.53039],[119.28799,-5.52938],[119.28739,-5.5304],[119.28617,-5.5306],[119.28583,-5.52985],[119.28467,-5.53102],[119.28439,-5.52954],[119.28609,-5.52812],[119.28619,-5.52762],[119.28512,-5.52716],[119.28699,-5.52702],[119.28576,-5.52643],[119.28553,-5.52561],[119.28671,-5.52455],[119.28702,-5.52518],[119.28865,-5.52513],[119.2886,-5.52422],[119.2893,-5.52401],[119.29036,-5.52423],[119.29061,-5.52546],[119.29251,-5.52564],[119.29145,-5.5262],[119.29102,-5.52758],[119.2901,-5.5276],[119.2919,-5.52757],[119.29166,-5.52921],[119.28999,-5.52896],[119.29028,-5.52949],[119.29195,-5.5301],[119.2958,-5.52973],[119.29715,-5.52832],[119.30182,-5.52719],[119.30303,-5.52618],[119.30361,-5.52452],[119.30471,-5.5248],[119.3064,-5.51924]]],[[[119.51012,-5.53491],[119.50749,-5.52633],[119.50506,-5.52357],[119.48666,-5.51101],[119.48785,-5.50126],[119.48486,-5.49635],[119.48675,-5.49195],[119.4883,-5.49156],[119.48949,-5.49264],[119.49004,-5.49183],[119.49075,-5.49234],[119.49137,-5.49172],[119.4925,-5.49182],[119.49275,-5.4913],[119.49206,-5.49088],[119.49348,-5.49042],[119.49454,-5.49132],[119.496,-5.49148],[119.49561,-5.48925],[119.49635,-5.4885],[119.49671,-5.4892],[119.49892,-5.48943],[119.49908,-5.49092],[119.50133,-5.49222],[119.50358,-5.49167],[119.50542,-5.49221],[119.50647,-5.49096],[119.51161,-5.49185],[119.51507,-5.48795],[119.51951,-5.48646],[119.52008,-5.48557],[119.52249,-5.48493],[119.52268,-5.48436],[119.52324,-5.48471],[119.52883,-5.48086],[119.52102,-5.47102],[119.52119,-5.4681],[119.51816,-5.46216],[119.51123,-5.45596],[119.50805,-5.45472],[119.50949,-5.4509],[119.51079,-5.44937],[119.51915,-5.44701],[119.51988,-5.4473],[119.52374,-5.44494],[119.52399,-5.44336],[119.52276,-5.44236],[119.52189,-5.44023],[119.52522,-5.43971],[119.52723,-5.43557],[119.52829,-5.43581],[119.52917,-5.43443],[119.52957,-5.432],[119.53104,-5.43158],[119.53576,-5.43363],[119.53652,-5.43498],[119.53896,-5.4342],[119.54022,-5.43311],[119.54132,-5.43354],[119.54257,-5.43307],[119.5437,-5.43471],[119.5443,-5.43419],[119.54495,-5.43487],[119.54566,-5.43459],[119.54805,-5.43555],[119.54865,-5.43653],[119.54999,-5.43604],[119.55077,-5.43871],[119.55241,-5.43885],[119.55288,-5.43989],[119.55415,-5.43879],[119.55486,-5.44061],[119.55847,-5.44032],[119.56052,-5.44158],[119.56185,-5.44134],[119.56245,-5.44162],[119.56252,-5.44262],[119.56581,-5.44355],[119.56749,-5.44335],[119.56835,-5.44485],[119.56956,-5.44426],[119.57324,-5.44656],[119.57575,-5.4442],[119.58359,-5.44072],[119.5869,-5.44113],[119.59067,-5.44071],[119.59499,-5.43948],[119.59923,-5.43725],[119.61087,-5.43677],[119.61743,-5.43722],[119.62175,-5.43603],[119.62338,-5.43452],[119.62754,-5.43486],[119.62908,-5.43413],[119.62916,-5.43312],[119.63003,-5.43398],[119.63079,-5.43323],[119.63165,-5.43437],[119.63295,-5.43211],[119.6363,-5.43165],[119.63589,-5.42862],[119.63735,-5.42546],[119.63559,-5.42409],[119.63385,-5.42407],[119.63205,-5.42582],[119.63141,-5.42749],[119.63066,-5.42727],[119.62971,-5.42512],[119.6304,-5.42227],[119.63194,-5.42187],[119.63237,-5.42099],[119.62918,-5.41982],[119.62722,-5.42052],[119.62712,-5.41907],[119.62855,-5.41711],[119.63394,-5.41766],[119.63739,-5.41367],[119.64072,-5.41418],[119.64329,-5.40824],[119.64503,-5.40778],[119.64535,-5.40709],[119.64517,-5.40028],[119.64607,-5.39938],[119.64546,-5.39733],[119.64593,-5.39659],[119.64436,-5.39472],[119.64384,-5.39156],[119.64217,-5.38765],[119.64051,-5.3853],[119.63799,-5.38451],[119.63774,-5.38231],[119.63514,-5.37859],[119.63192,-5.3759],[119.6307,-5.37654],[119.62265,-5.37361],[119.62162,-5.37276],[119.62184,-5.3713],[119.61759,-5.36812],[119.6178,-5.36598],[119.61667,-5.36261],[119.61908,-5.35665],[119.61896,-5.35555],[119.61575,-5.3509],[119.61519,-5.34815],[119.61405,-5.34787],[119.61237,-5.34506],[119.60867,-5.34302],[119.60624,-5.34039],[119.60403,-5.34003],[119.60203,-5.3362],[119.59935,-5.33466],[119.59913,-5.33424],[119.60103,-5.33192],[119.60024,-5.32932],[119.59849,-5.32987],[119.5961,-5.32832],[119.59491,-5.32825],[119.59268,-5.32953],[119.58644,-5.32743],[119.58603,-5.32004],[119.58501,-5.3165],[119.58171,-5.31326],[119.58089,-5.31154],[119.5779,-5.31026],[119.5724,-5.30976],[119.57127,-5.29647],[119.56968,-5.2927],[119.56485,-5.29235],[119.56033,-5.29118],[119.55659,-5.293],[119.55314,-5.2958],[119.54873,-5.29561],[119.54685,-5.29661],[119.54358,-5.30082],[119.54308,-5.30519],[119.54176,-5.30655],[119.53519,-5.3047],[119.53044,-5.30091],[119.52926,-5.29879],[119.52161,-5.30119],[119.51155,-5.30966],[119.50241,-5.31243],[119.5053,-5.31639],[119.50547,-5.31814],[119.50534,-5.32012],[119.50282,-5.32334],[119.49947,-5.32298],[119.49668,-5.32017],[119.49148,-5.32128],[119.49101,-5.31988],[119.49241,-5.31806],[119.49234,-5.31616],[119.4888,-5.31406],[119.48828,-5.31567],[119.48594,-5.31592],[119.48449,-5.3151],[119.48307,-5.31176],[119.48236,-5.31136],[119.47977,-5.31176],[119.47816,-5.31411],[119.47296,-5.31427],[119.47077,-5.31517],[119.4695,-5.31343],[119.46784,-5.31246],[119.46513,-5.31236],[119.46336,-5.31328],[119.46647,-5.31691],[119.46706,-5.31871],[119.46597,-5.32059],[119.46444,-5.3217],[119.46138,-5.32232],[119.45925,-5.32036],[119.45663,-5.32059],[119.45515,-5.32379],[119.45616,-5.32763],[119.45598,-5.3298],[119.45658,-5.33045],[119.45961,-5.33122],[119.46867,-5.32632],[119.47067,-5.32611],[119.4739,-5.32637],[119.47569,-5.32962],[119.4705,-5.33276],[119.46762,-5.33561],[119.46719,-5.33958],[119.4661,-5.34191],[119.46377,-5.34379],[119.46195,-5.34631],[119.4615,-5.34818],[119.46191,-5.35087],[119.45873,-5.35292],[119.45815,-5.35509],[119.45602,-5.35515],[119.45001,-5.35692],[119.4481,-5.36061],[119.44765,-5.36587],[119.44833,-5.36777],[119.44995,-5.36912],[119.45379,-5.36922],[119.45536,-5.37017],[119.45561,-5.37151],[119.45695,-5.37267],[119.45711,-5.37558],[119.455,-5.37634],[119.45416,-5.37774],[119.44742,-5.38319],[119.44114,-5.38486],[119.43945,-5.38868],[119.44042,-5.38967],[119.44001,-5.39199],[119.44144,-5.39391],[119.44026,-5.39449],[119.44008,-5.39538],[119.4365,-5.39617],[119.43389,-5.3945],[119.43243,-5.3944],[119.42947,-5.39539],[119.42698,-5.39797],[119.42694,-5.40083],[119.43005,-5.40476],[119.4293,-5.40714],[119.42956,-5.40817],[119.42846,-5.41017],[119.42836,-5.41271],[119.42752,-5.41338],[119.42541,-5.41358],[119.4233,-5.41751],[119.42387,-5.42067],[119.42347,-5.42118],[119.42393,-5.42144],[119.42402,-5.42392],[119.42769,-5.42592],[119.43042,-5.42601],[119.43292,-5.42807],[119.43529,-5.43121],[119.43543,-5.43304],[119.43447,-5.4365],[119.43257,-5.43853],[119.42865,-5.43951],[119.42348,-5.43831],[119.42215,-5.43865],[119.42196,-5.43781],[119.42088,-5.43733],[119.41077,-5.43679],[119.41066,-5.43427],[119.4119,-5.43135],[119.41291,-5.43053],[119.41883,-5.41521],[119.42096,-5.41236],[119.42096,-5.41129],[119.40934,-5.40937],[119.40801,-5.40636],[119.4064,-5.4054],[119.39913,-5.40537],[119.40053,-5.40877],[119.4003,-5.41133],[119.39937,-5.41336],[119.39734,-5.41502],[119.39521,-5.41554],[119.39024,-5.41487],[119.38398,-5.41726],[119.38098,-5.41773],[119.37966,-5.41731],[119.3784,-5.41806],[119.37857,-5.42228],[119.37506,-5.42346],[119.37368,-5.42482],[119.3706,-5.4245],[119.37003,-5.42364],[119.37017,-5.42186],[119.36856,-5.42096],[119.36636,-5.41753],[119.36421,-5.41565],[119.36396,-5.41101],[119.36327,-5.40899],[119.36893,-5.39672],[119.3838,-5.38701],[119.38615,-5.38597],[119.39774,-5.38354],[119.40053,-5.38219],[119.39986,-5.37913],[119.39723,-5.37691],[119.39258,-5.37545],[119.39136,-5.37453],[119.39119,-5.3736],[119.39188,-5.37233],[119.39387,-5.37169],[119.39563,-5.37237],[119.39722,-5.37426],[119.39879,-5.37454],[119.40078,-5.37226],[119.40434,-5.36467],[119.40222,-5.35086],[119.40255,-5.34946],[119.40115,-5.34562],[119.39752,-5.32823],[119.39451,-5.31065],[119.39191,-5.30834],[119.3895,-5.30358],[119.38669,-5.30418],[119.38414,-5.30346],[119.38161,-5.30123],[119.3776,-5.29606],[119.37597,-5.29071],[119.38021,-5.28388],[119.3843,-5.27935],[119.38566,-5.27085],[119.39033,-5.2656],[119.39755,-5.26046],[119.39964,-5.25624],[119.4068,-5.2467],[119.41395,-5.25191],[119.41527,-5.25008],[119.41583,-5.24784],[119.41637,-5.23931],[119.41243,-5.23786],[119.41157,-5.23695],[119.41168,-5.23578],[119.4105,-5.23494],[119.40771,-5.23485],[119.40632,-5.23359],[119.40618,-5.23229],[119.39796,-5.22922],[119.39723,-5.22843],[119.39723,-5.22712],[119.3963,-5.22636],[119.39687,-5.22377],[119.39625,-5.22363],[119.39612,-5.22258],[119.39739,-5.2225],[119.39795,-5.22344],[119.39901,-5.21987],[119.39423,-5.21656],[119.39165,-5.2173],[119.3853,-5.215],[119.38433,-5.20757],[119.38329,-5.20591],[119.38385,-5.21826],[119.38334,-5.22813],[119.38239,-5.23398],[119.38051,-5.24023],[119.37731,-5.26438],[119.37127,-5.29286],[119.36756,-5.30645],[119.36389,-5.31463],[119.35846,-5.32262],[119.3563,-5.32401],[119.3556,-5.32365],[119.35374,-5.32531],[119.35939,-5.33832],[119.36035,-5.3431],[119.36299,-5.34412],[119.36061,-5.34394],[119.36093,-5.35815],[119.3587,-5.38116],[119.3593,-5.39951],[119.35885,-5.40295],[119.35962,-5.4032],[119.35924,-5.40475],[119.36224,-5.4158],[119.36524,-5.41979],[119.36649,-5.42412],[119.36771,-5.4255],[119.37002,-5.42661],[119.37331,-5.4301],[119.37614,-5.43533],[119.38065,-5.44709],[119.38284,-5.45001],[119.38645,-5.45121],[119.3923,-5.45648],[119.39719,-5.45728],[119.4015,-5.46494],[119.40337,-5.47194],[119.4066,-5.47508],[119.40888,-5.47893],[119.40906,-5.48076],[119.41075,-5.48309],[119.41386,-5.48503],[119.4158,-5.48924],[119.41662,-5.48855],[119.41727,-5.48543],[119.41982,-5.48222],[119.42116,-5.48266],[119.41914,-5.48965],[119.41655,-5.49134],[119.41417,-5.49177],[119.41414,-5.49258],[119.42191,-5.49644],[119.42865,-5.50543],[119.43227,-5.51294],[119.43492,-5.52113],[119.43604,-5.53106],[119.43487,-5.53699],[119.43576,-5.5373],[119.43858,-5.53419],[119.43927,-5.53463],[119.43484,-5.53915],[119.42463,-5.54716],[119.4201,-5.54656],[119.42004,-5.552],[119.41849,-5.55637],[119.41808,-5.55959],[119.41986,-5.56297],[119.42348,-5.56661],[119.42431,-5.56895],[119.42403,-5.57207],[119.42507,-5.57609],[119.43025,-5.58125],[119.43005,-5.58237],[119.43116,-5.58251],[119.43204,-5.58386],[119.433,-5.58407],[119.43321,-5.5864],[119.43719,-5.5885],[119.43873,-5.5904],[119.43997,-5.59309],[119.4406,-5.59676],[119.4413,-5.5966],[119.45005,-5.60028],[119.45485,-5.60084],[119.45739,-5.60334],[119.45838,-5.60542],[119.46004,-5.60648],[119.47293,-5.60728],[119.47703,-5.60617],[119.48385,-5.60548],[119.48927,-5.60375],[119.4888,-5.6018],[119.48626,-5.60032],[119.48454,-5.59688],[119.48312,-5.5958],[119.48318,-5.59397],[119.48453,-5.59082],[119.48758,-5.58807],[119.48764,-5.58641],[119.48626,-5.58467],[119.48561,-5.58424],[119.48446,-5.58467],[119.48215,-5.58961],[119.4792,-5.59162],[119.47446,-5.59375],[119.47077,-5.5932],[119.46887,-5.59221],[119.4693,-5.59183],[119.46865,-5.59094],[119.46914,-5.58843],[119.47021,-5.58686],[119.46627,-5.58488],[119.46621,-5.58572],[119.46515,-5.58644],[119.4638,-5.58376],[119.45997,-5.58193],[119.45931,-5.57914],[119.45984,-5.57723],[119.46079,-5.57532],[119.4636,-5.57316],[119.46841,-5.57059],[119.46921,-5.56918],[119.46994,-5.5696],[119.4712,-5.56892],[119.47343,-5.56404],[119.47825,-5.56404],[119.4785,-5.563],[119.4803,-5.56274],[119.48043,-5.56197],[119.47927,-5.56094],[119.48081,-5.56042],[119.48006,-5.55672],[119.48053,-5.55553],[119.48439,-5.55654],[119.48436,-5.55822],[119.48371,-5.55873],[119.48649,-5.56067],[119.48823,-5.55965],[119.48822,-5.55819],[119.48959,-5.55779],[119.49031,-5.55883],[119.49289,-5.55985],[119.49442,-5.55869],[119.49828,-5.5597],[119.50242,-5.5588],[119.50459,-5.5528],[119.5013,-5.54684],[119.50183,-5.5459],[119.5034,-5.5464],[119.50478,-5.545],[119.50574,-5.54521],[119.50699,-5.5411],[119.50641,-5.53912],[119.50769,-5.53558],[119.51012,-5.53491]],[[119.40792,-5.45173],[119.41018,-5.45155],[119.41611,-5.45288],[119.41641,-5.45033],[119.41909,-5.44841],[119.41693,-5.44252],[119.41801,-5.44127],[119.41778,-5.44062],[119.41545,-5.44124],[119.41334,-5.44339],[119.41034,-5.44304],[119.40876,-5.44394],[119.40757,-5.44832],[119.40792,-5.45173]]],[[[119.25679,-5.4968],[119.2556,-5.49838],[119.25616,-5.4984],[119.25679,-5.4968]]],[[[119.25782,-5.49536],[119.25694,-5.49668],[119.2577,-5.49666],[119.25782,-5.49536]]],[[[119.25834,-5.49122],[119.25849,-5.49328],[119.25784,-5.49417],[119.25843,-5.49462],[119.25977,-5.49172],[119.25834,-5.49122]]],[[[119.29337,-5.46515],[119.29271,-5.462],[119.29319,-5.45953],[119.29121,-5.45791],[119.28914,-5.45828],[119.28896,-5.46145],[119.28395,-5.46156],[119.28358,-5.46039],[119.28245,-5.46123],[119.28245,-5.45996],[119.28116,-5.45938],[119.28117,-5.45805],[119.27912,-5.45593],[119.27829,-5.45665],[119.27644,-5.45528],[119.27588,-5.45601],[119.2761,-5.45757],[119.27974,-5.46089],[119.27812,-5.46174],[119.27785,-5.46336],[119.28042,-5.46446],[119.2822,-5.46406],[119.28327,-5.46511],[119.2868,-5.46487],[119.28717,-5.46592],[119.28798,-5.46624],[119.29123,-5.46601],[119.29171,-5.46526],[119.29295,-5.46554],[119.29238,-5.46656],[119.29367,-5.46675],[119.29431,-5.46592],[119.29337,-5.46515]]],[[[119.2709,-5.46306],[119.27075,-5.46416],[119.27207,-5.46305],[119.27154,-5.46236],[119.2709,-5.46306]]],[[[119.22148,-5.44151],[119.22585,-5.43847],[119.22923,-5.43768],[119.23073,-5.43617],[119.2306,-5.43495],[119.22786,-5.4344],[119.22537,-5.43574],[119.22254,-5.43874],[119.22148,-5.44151]]],[[[119.27073,-5.46314],[119.27064,-5.46322],[119.27057,-5.46329],[119.2705,-5.46338],[119.27044,-5.4635],[119.27036,-5.46366],[119.2703,-5.46382],[119.27026,-5.46391],[119.27026,-5.46394],[119.27027,-5.46396],[119.27029,-5.46399],[119.27033,-5.46401],[119.27038,-5.46402],[119.2704,-5.46402],[119.27041,-5.46401],[119.27044,-5.46397],[119.27046,-5.46393],[119.27048,-5.4639],[119.27051,-5.46389],[119.27053,-5.46387],[119.27055,-5.46386],[119.27058,-5.46383],[119.2706,-5.46378],[119.27065,-5.46363],[119.27068,-5.46354],[119.2707,-5.46348],[119.27072,-5.46344],[119.27075,-5.46341],[119.27077,-5.46339],[119.27079,-5.46336],[119.27081,-5.46331],[119.27083,-5.46326],[119.27084,-5.46321],[119.27083,-5.46317],[119.27082,-5.46315],[119.27078,-5.46314],[119.27075,-5.46314],[119.27073,-5.46314]]],[[[119.3424,-5.32376],[119.34156,-5.32425],[119.34222,-5.32532],[119.34346,-5.32477],[119.34399,-5.32339],[119.3424,-5.32376]]],[[[119.19013,-5.40012],[119.19601,-5.39692],[119.19712,-5.39458],[119.19558,-5.3939],[119.19361,-5.3946],[119.19173,-5.3967],[119.19013,-5.40012]]],[[[119.42471,-5.26084],[119.42127,-5.25812],[119.42261,-5.2536],[119.42765,-5.25554],[119.42819,-5.25825],[119.42727,-5.26204],[119.42471,-5.26084]]],[[[119.2374,-5.44699],[119.23508,-5.44752],[119.23438,-5.44827],[119.23309,-5.45695],[119.23394,-5.45852],[119.23251,-5.46137],[119.23653,-5.45769],[119.23715,-5.45789],[119.23726,-5.4568],[119.23889,-5.45449],[119.23914,-5.44809],[119.2374,-5.44699]]],[[[119.44024,-5.2469],[119.43954,-5.24748],[119.44026,-5.2496],[119.44163,-5.24797],[119.44024,-5.2469]]]]}},
{"type":"Feature","properties":{"slug":"tana-toraja","nama":"Kabupaten Tana Toraja","osm":"relation/8765341","pusat":[-3.1260360431654663,119.66493122302167]},"geometry":{"type":"Polygon","coordinates":[[[119.48092,-3.18884],[119.47795,-3.18952],[119.47594,-3.1911],[119.47477,-3.19083],[119.47409,-3.19184],[119.47326,-3.19191],[119.47268,-3.19103],[119.47046,-3.19101],[119.46956,-3.18878],[119.46664,-3.18948],[119.46596,-3.18833],[119.46417,-3.18917],[119.46298,-3.18772],[119.4616,-3.18768],[119.45897,-3.18583],[119.45842,-3.18312],[119.45595,-3.18228],[119.45368,-3.18393],[119.45266,-3.18365],[119.45131,-3.18427],[119.45072,-3.18565],[119.44416,-3.18501],[119.43986,-3.18542],[119.43324,-3.1891],[119.43179,-3.18931],[119.42717,-3.18949],[119.42339,-3.18764],[119.42165,-3.18826],[119.41814,-3.18609],[119.41663,-3.18584],[119.41448,-3.18628],[119.41212,-3.18816],[119.40883,-3.18697],[119.40708,-3.18704],[119.40504,-3.18913],[119.40295,-3.1898],[119.40195,-3.19126],[119.39804,-3.19304],[119.3973,-3.19419],[119.39603,-3.19442],[119.39003,-3.19298],[119.38932,-3.19343],[119.38748,-3.19218],[119.38554,-3.19186],[119.38346,-3.19279],[119.3824,-3.19236],[119.37965,-3.19277],[119.37929,-3.19232],[119.37755,-3.19294],[119.37622,-3.1915],[119.37421,-3.19263],[119.3728,-3.19458],[119.37312,-3.19558],[119.37143,-3.19654],[119.37113,-3.19839],[119.37005,-3.19898],[119.37031,-3.20026],[119.36971,-3.20125],[119.37104,-3.2025],[119.37191,-3.20237],[119.37306,-3.20321],[119.37124,-3.20794],[119.37322,-3.2152],[119.37247,-3.21863],[119.37162,-3.21967],[119.37215,-3.22068],[119.37373,-3.22114],[119.37301,-3.22712],[119.37493,-3.23012],[119.37988,-3.23202],[119.38346,-3.236],[119.38414,-3.23956],[119.38338,-3.24152],[119.3835,-3.24431],[119.38521,-3.24776],[119.38567,-3.25018],[119.38525,-3.25246],[119.3868,-3.25296],[119.3862,-3.25534],[119.38745,-3.25581],[119.38741,-3.25815],[119.38966,-3.25863],[119.39176,-3.26164],[119.39288,-3.26174],[119.39681,-3.26023],[119.39875,-3.26035],[119.40336,-3.26609],[119.40549,-3.26757],[119.40931,-3.26716],[119.41331,-3.26771],[119.41723,-3.26946],[119.42116,-3.27356],[119.42416,-3.27324],[119.42503,-3.27608],[119.42413,-3.27793],[119.42396,-3.28039],[119.42734,-3.282],[119.42963,-3.28231],[119.42997,-3.28542],[119.43459,-3.28662],[119.43727,-3.28575],[119.44112,-3.28314],[119.44335,-3.2837],[119.44852,-3.28718],[119.4562,-3.28551],[119.45913,-3.28649],[119.4615,-3.29332],[119.46723,-3.29276],[119.47169,-3.29387],[119.47784,-3.29276],[119.48691,-3.29415],[119.49124,-3.2961],[119.49585,-3.29401],[119.50395,-3.29457],[119.50618,-3.29764],[119.51219,-3.29708],[119.51735,-3.29346],[119.51931,-3.28927],[119.51847,-3.28398],[119.51931,-3.2784],[119.52252,-3.27617],[119.52573,-3.27715],[119.52796,-3.2752],[119.53159,-3.27506],[119.5348,-3.27366],[119.54137,-3.27436],[119.54974,-3.27129],[119.55212,-3.27338],[119.55435,-3.27032],[119.55924,-3.27046],[119.56845,-3.27784],[119.57236,-3.28509],[119.57879,-3.2883],[119.58507,-3.28663],[119.58982,-3.28663],[119.59554,-3.28426],[119.59819,-3.28523],[119.60308,-3.28272],[119.60615,-3.28495],[119.61272,-3.2869],[119.61411,-3.2915],[119.61858,-3.29583],[119.62012,-3.30057],[119.63031,-3.30963],[119.63156,-3.31325],[119.64246,-3.31799],[119.64692,-3.32384],[119.64776,-3.329],[119.64148,-3.33639],[119.64246,-3.33946],[119.65181,-3.34155],[119.64832,-3.34754],[119.64944,-3.36148],[119.6539,-3.3651],[119.65949,-3.36301],[119.66326,-3.36521],[119.67916,-3.36638],[119.6859,-3.36379],[119.68695,-3.36452],[119.6883,-3.36435],[119.6897,-3.36086],[119.69233,-3.36463],[119.69207,-3.3715],[119.6937,-3.37264],[119.69267,-3.37642],[119.69334,-3.38012],[119.69775,-3.38372],[119.69604,-3.38839],[119.69725,-3.38869],[119.69775,-3.38787],[119.69893,-3.38759],[119.7143,-3.38804],[119.71775,-3.38724],[119.72004,-3.3846],[119.72537,-3.38304],[119.72521,-3.38196],[119.72229,-3.37937],[119.72293,-3.37665],[119.72173,-3.37478],[119.72164,-3.37065],[119.71975,-3.36643],[119.72023,-3.36457],[119.71939,-3.36296],[119.72078,-3.35891],[119.72147,-3.35006],[119.7184,-3.34592],[119.71695,-3.34223],[119.71833,-3.33834],[119.72272,-3.33308],[119.72315,-3.32879],[119.72197,-3.32419],[119.71785,-3.32119],[119.71652,-3.31646],[119.71281,-3.31086],[119.71551,-3.3009],[119.71847,-3.29289],[119.71996,-3.29214],[119.72066,-3.28839],[119.72356,-3.28895],[119.7253,-3.28852],[119.72789,-3.28681],[119.73734,-3.28415],[119.7415,-3.28182],[119.75223,-3.2794],[119.7596,-3.27617],[119.76295,-3.27673],[119.77049,-3.2745],[119.77496,-3.2692],[119.77538,-3.25972],[119.77328,-3.25679],[119.77342,-3.24815],[119.77608,-3.24146],[119.77943,-3.24048],[119.78983,-3.24156],[119.79439,-3.23958],[119.79697,-3.23933],[119.80688,-3.24258],[119.81182,-3.2455],[119.82076,-3.24718],[119.82509,-3.24718],[119.82662,-3.24843],[119.82229,-3.25108],[119.82118,-3.25331],[119.81769,-3.25624],[119.81992,-3.26098],[119.82481,-3.26265],[119.82872,-3.26098],[119.83235,-3.25819],[119.8336,-3.25582],[119.83626,-3.25401],[119.83989,-3.25554],[119.84048,-3.25613],[119.84079,-3.25928],[119.84247,-3.26138],[119.84204,-3.26564],[119.84279,-3.26805],[119.84205,-3.27061],[119.84421,-3.27404],[119.84546,-3.27431],[119.84699,-3.27753],[119.84881,-3.2789],[119.84917,-3.27778],[119.8499,-3.27816],[119.84968,-3.27898],[119.85059,-3.27878],[119.84984,-3.2799],[119.85024,-3.28061],[119.85359,-3.28062],[119.8547,-3.27771],[119.85567,-3.27691],[119.85685,-3.277],[119.85725,-3.27543],[119.85683,-3.27368],[119.8578,-3.27252],[119.85893,-3.27226],[119.85881,-3.27404],[119.85969,-3.27463],[119.86043,-3.27183],[119.86135,-3.27343],[119.86264,-3.27258],[119.86116,-3.27077],[119.86126,-3.26963],[119.86292,-3.27079],[119.86404,-3.27022],[119.86463,-3.27163],[119.86575,-3.27173],[119.86662,-3.27288],[119.86739,-3.27278],[119.86826,-3.2711],[119.86873,-3.27328],[119.87084,-3.27427],[119.87231,-3.27163],[119.87099,-3.26935],[119.87635,-3.26892],[119.8789,-3.26959],[119.87795,-3.26715],[119.87683,-3.26771],[119.87766,-3.26348],[119.88038,-3.26071],[119.87947,-3.25926],[119.88129,-3.25821],[119.88223,-3.25649],[119.8846,-3.25565],[119.88491,-3.25642],[119.88439,-3.25739],[119.88645,-3.25779],[119.88945,-3.26],[119.89574,-3.26098],[119.90146,-3.26028],[119.9076,-3.26056],[119.91165,-3.26293],[119.91486,-3.26293],[119.92254,-3.26599],[119.92562,-3.27255],[119.92701,-3.2777],[119.93008,-3.28161],[119.93609,-3.2844],[119.94363,-3.2915],[119.94572,-3.29499],[119.94949,-3.2975],[119.95536,-3.29443],[119.96234,-3.29415],[119.96876,-3.29471],[119.97281,-3.29722],[119.97909,-3.29861],[119.98091,-3.30154],[119.98551,-3.30363],[119.98901,-3.30781],[119.99361,-3.30266],[119.99752,-3.30252],[119.99906,-3.30544],[120.00185,-3.30712],[120.00408,-3.31339],[120.00576,-3.32217],[120.00339,-3.32705],[120.00297,-3.33332],[120.00632,-3.33653],[120.01302,-3.34057],[120.01539,-3.34559],[120.01868,-3.35679],[120.01963,-3.35834],[120.02337,-3.36154],[120.02833,-3.37215],[120.02411,-3.38504],[120.03655,-3.37954],[120.03886,-3.37764],[120.04129,-3.37261],[120.04099,-3.36874],[120.04416,-3.35925],[120.04472,-3.35409],[120.04416,-3.35172],[120.04039,-3.34573],[120.03089,-3.32231],[120.03145,-3.31269],[120.02922,-3.2961],[120.02545,-3.29109],[120.02587,-3.28537],[120.02517,-3.28091],[120.01707,-3.27464],[120.00576,-3.26948],[120.00032,-3.26265],[119.99655,-3.26056],[119.99529,-3.25638],[119.99347,-3.25484],[119.9904,-3.25596],[119.98216,-3.25024],[119.98063,-3.23867],[119.98049,-3.22445],[119.98719,-3.21776],[119.98887,-3.21483],[119.9925,-3.21233],[119.99264,-3.20828],[119.99138,-3.20089],[119.98677,-3.1949],[119.98524,-3.18723],[119.98817,-3.18249],[119.98859,-3.17901],[119.98454,-3.17705],[119.96862,-3.17496],[119.97253,-3.15475],[119.977,-3.14471],[119.9851,-3.13579],[119.98635,-3.12924],[119.98091,-3.12659],[119.9763,-3.12338],[119.97253,-3.11808],[119.97644,-3.11111],[119.97839,-3.09243],[119.98161,-3.08783],[119.9823,-3.08281],[119.9844,-3.07723],[119.97211,-3.07528],[119.96946,-3.06413],[119.95103,-3.07361],[119.94544,-3.06915],[119.93902,-3.06873],[119.93581,-3.0651],[119.92715,-3.04879],[119.92352,-3.04712],[119.91193,-3.04879],[119.90439,-3.04684],[119.89923,-3.0467],[119.89504,-3.04544],[119.89546,-3.02746],[119.89029,-3.02453],[119.87842,-3.02188],[119.87172,-3.02286],[119.86949,-3.02829],[119.86837,-3.02927],[119.8505,-3.0209],[119.83961,-3.01993],[119.83416,-3.01616],[119.82997,-3.01616],[119.82648,-3.01825],[119.82285,-3.02313],[119.8209,-3.0269],[119.81545,-3.0276],[119.80777,-3.02369],[119.79325,-3.02425],[119.78892,-3.02118],[119.78278,-3.01923],[119.78068,-3.01602],[119.77147,-3.01533],[119.767,-3.01072],[119.76351,-3.01031],[119.75751,-3.00738],[119.75388,-3.0064],[119.75108,-3.00738],[119.7455,-3.00347],[119.73642,-2.99371],[119.72539,-2.97587],[119.71981,-2.96109],[119.71757,-2.95188],[119.71171,-2.94421],[119.71115,-2.93808],[119.70668,-2.93222],[119.70682,-2.9233],[119.70487,-2.91381],[119.7004,-2.90768],[119.6944,-2.90126],[119.69091,-2.88997],[119.69077,-2.88593],[119.68853,-2.88146],[119.68825,-2.87547],[119.68937,-2.87198],[119.69733,-2.86612],[119.69747,-2.85873],[119.69956,-2.85525],[119.69984,-2.84772],[119.69216,-2.83949],[119.6923,-2.82596],[119.68797,-2.80504],[119.68532,-2.79612],[119.68239,-2.79375],[119.68169,-2.789],[119.67946,-2.78566],[119.68113,-2.77896],[119.67527,-2.77018],[119.68088,-2.75858],[119.68027,-2.75767],[119.68057,-2.75679],[119.67945,-2.75608],[119.67932,-2.7545],[119.67758,-2.75268],[119.67615,-2.75454],[119.67332,-2.755],[119.67057,-2.75445],[119.66904,-2.75287],[119.66082,-2.75152],[119.6568,-2.75317],[119.65594,-2.7542],[119.65482,-2.7534],[119.65208,-2.7533],[119.64985,-2.75449],[119.64663,-2.7527],[119.64471,-2.75242],[119.64422,-2.75143],[119.64248,-2.75215],[119.63537,-2.7516],[119.63169,-2.74984],[119.63134,-2.74762],[119.62477,-2.74374],[119.61653,-2.74211],[119.61434,-2.73987],[119.61098,-2.7386],[119.60694,-2.73865],[119.60491,-2.74006],[119.60162,-2.74003],[119.59537,-2.74253],[119.59394,-2.7414],[119.58907,-2.74158],[119.58645,-2.74276],[119.58551,-2.74527],[119.58388,-2.74645],[119.58367,-2.74884],[119.5788,-2.75134],[119.57758,-2.7535],[119.57897,-2.75498],[119.57828,-2.75645],[119.57862,-2.75811],[119.58387,-2.76159],[119.58548,-2.76386],[119.58352,-2.76665],[119.57518,-2.77126],[119.5752,-2.77342],[119.57323,-2.77559],[119.57464,-2.77779],[119.57446,-2.78024],[119.57091,-2.7834],[119.57044,-2.78727],[119.57139,-2.78937],[119.57012,-2.79145],[119.57001,-2.79366],[119.56821,-2.79511],[119.56781,-2.79828],[119.57324,-2.80247],[119.573,-2.80597],[119.57117,-2.80915],[119.57392,-2.80895],[119.57522,-2.81025],[119.57766,-2.81553],[119.57969,-2.82357],[119.57886,-2.82324],[119.57476,-2.82631],[119.57217,-2.82585],[119.57354,-2.82754],[119.57208,-2.82879],[119.57221,-2.8296],[119.5746,-2.83244],[119.57774,-2.83474],[119.57803,-2.83606],[119.58143,-2.83791],[119.57948,-2.83907],[119.57657,-2.8431],[119.57193,-2.84386],[119.57382,-2.84598],[119.57374,-2.84745],[119.57214,-2.85004],[119.57157,-2.85363],[119.57216,-2.85664],[119.56832,-2.8584],[119.5678,-2.86017],[119.56876,-2.86123],[119.56845,-2.86221],[119.56906,-2.863],[119.56788,-2.8655],[119.56923,-2.86722],[119.56919,-2.86973],[119.56706,-2.87328],[119.56606,-2.87902],[119.55816,-2.88219],[119.5573,-2.88529],[119.55553,-2.88703],[119.55613,-2.88817],[119.55462,-2.89164],[119.54982,-2.89738],[119.55435,-2.90229],[119.55359,-2.90859],[119.55471,-2.91007],[119.55447,-2.91265],[119.55576,-2.91471],[119.55618,-2.91888],[119.55756,-2.92233],[119.56095,-2.92198],[119.56199,-2.92449],[119.56528,-2.92418],[119.5693,-2.92649],[119.56871,-2.93043],[119.56947,-2.93237],[119.56919,-2.93535],[119.5738,-2.94193],[119.57386,-2.94576],[119.57656,-2.95049],[119.57082,-2.96008],[119.57095,-2.96588],[119.5732,-2.96997],[119.5722,-2.97186],[119.56956,-2.97235],[119.56953,-2.97339],[119.56846,-2.97391],[119.56831,-2.97566],[119.56697,-2.9773],[119.56759,-2.97807],[119.566,-2.97902],[119.56692,-2.98026],[119.5661,-2.98094],[119.56682,-2.98344],[119.56636,-2.9855],[119.56697,-2.98595],[119.56513,-2.98823],[119.56588,-2.99098],[119.56469,-2.99421],[119.56571,-2.99544],[119.56595,-2.99696],[119.56927,-3.00014],[119.56914,-3.00355],[119.57222,-3.00443],[119.57245,-3.0075],[119.57416,-3.00926],[119.57434,-3.01148],[119.57597,-3.01211],[119.57568,-3.0151],[119.57735,-3.01716],[119.5762,-3.0209],[119.57772,-3.02236],[119.57668,-3.02599],[119.58022,-3.02763],[119.57894,-3.03027],[119.57912,-3.03199],[119.58157,-3.03587],[119.58517,-3.0346],[119.58594,-3.03486],[119.58535,-3.03673],[119.58654,-3.03823],[119.58555,-3.04108],[119.58721,-3.0422],[119.58838,-3.04444],[119.58671,-3.04802],[119.58842,-3.04954],[119.58897,-3.0522],[119.59093,-3.0547],[119.594,-3.05699],[119.59525,-3.06332],[119.59748,-3.06325],[119.59943,-3.06546],[119.60574,-3.06573],[119.60763,-3.06671],[119.60818,-3.06971],[119.60975,-3.07073],[119.61094,-3.07362],[119.61384,-3.07393],[119.61452,-3.07532],[119.61953,-3.07899],[119.61972,-3.0833],[119.62154,-3.08888],[119.6232,-3.09068],[119.62361,-3.09314],[119.62731,-3.09574],[119.62735,-3.09784],[119.62863,-3.09973],[119.62792,-3.10212],[119.62874,-3.1025],[119.63253,-3.1098],[119.63101,-3.11128],[119.63196,-3.1135],[119.63138,-3.11585],[119.63232,-3.11761],[119.63129,-3.12393],[119.63166,-3.12465],[119.63564,-3.12586],[119.63694,-3.12777],[119.635,-3.12825],[119.63457,-3.12718],[119.63308,-3.12617],[119.63079,-3.12762],[119.62818,-3.12666],[119.62679,-3.12537],[119.62354,-3.12623],[119.61968,-3.12581],[119.61701,-3.1239],[119.61508,-3.12439],[119.61358,-3.12377],[119.61297,-3.12221],[119.60975,-3.11906],[119.60704,-3.11809],[119.60344,-3.11868],[119.59998,-3.11786],[119.5934,-3.12115],[119.59069,-3.12382],[119.58939,-3.12423],[119.58898,-3.12296],[119.58617,-3.12245],[119.58387,-3.12111],[119.58191,-3.12645],[119.57564,-3.13105],[119.57568,-3.13296],[119.57753,-3.13541],[119.57741,-3.13705],[119.57507,-3.14191],[119.57283,-3.14407],[119.57245,-3.14318],[119.57115,-3.14361],[119.57047,-3.14267],[119.5664,-3.14162],[119.56101,-3.14289],[119.55964,-3.1409],[119.55857,-3.14043],[119.55767,-3.14101],[119.55501,-3.14073],[119.54907,-3.14148],[119.5466,-3.14084],[119.54483,-3.13835],[119.54309,-3.13744],[119.53948,-3.13977],[119.53592,-3.1394],[119.53257,-3.14284],[119.52706,-3.15033],[119.5213,-3.15865],[119.51888,-3.16376],[119.51398,-3.16585],[119.51029,-3.16519],[119.50903,-3.16653],[119.50439,-3.16873],[119.50457,-3.17289],[119.50239,-3.17747],[119.49642,-3.18089],[119.49133,-3.18181],[119.48824,-3.18328],[119.48659,-3.18514],[119.48695,-3.18634],[119.48597,-3.18729],[119.48603,-3.18903],[119.48374,-3.18863],[119.48222,-3.18977],[119.48092,-3.18884]]]}},
{"type":"Feature","properties":{"slug":"toraja-utara","nama":"Kabupaten Toraja Utara","osm":"relation/14757120","pusat":[-2.8376114127423815,119.86828476454303]},"geometry":{"type":"Polygon","coordinates":[[[119.68057,-2.75679],[119.68826,-2.75309],[119.68928,-2.75054],[119.69059,-2.74917],[119.69619,-2.74436],[119.70044,-2.74257],[119.70295,-2.73757],[119.70473,-2.73699],[119.70649,-2.73347],[119.70795,-2.7322],[119.71717,-2.72845],[119.72382,-2.72682],[119.72613,-2.72448],[119.7299,-2.71841],[119.73209,-2.7174],[119.73837,-2.71715],[119.74222,-2.71582],[119.74647,-2.71532],[119.74782,-2.71439],[119.74965,-2.70552],[119.74791,-2.70227],[119.74917,-2.7008],[119.74592,-2.6946],[119.74622,-2.69376],[119.74933,-2.69192],[119.7499,-2.69013],[119.74843,-2.68934],[119.74669,-2.68676],[119.74586,-2.68348],[119.74676,-2.68175],[119.75122,-2.68101],[119.75446,-2.67829],[119.75518,-2.6766],[119.75378,-2.67251],[119.75018,-2.66921],[119.75369,-2.66439],[119.75336,-2.65606],[119.75599,-2.65425],[119.75622,-2.65196],[119.75281,-2.65062],[119.75133,-2.64913],[119.75058,-2.64423],[119.75633,-2.63682],[119.75479,-2.63428],[119.75121,-2.63343],[119.74788,-2.62705],[119.74678,-2.61968],[119.74398,-2.61062],[119.74644,-2.60772],[119.74691,-2.60281],[119.75252,-2.60061],[119.75485,-2.5988],[119.75578,-2.59506],[119.75876,-2.59108],[119.75873,-2.58928],[119.76046,-2.5881],[119.76039,-2.58663],[119.77369,-2.59585],[119.78281,-2.59736],[119.78378,-2.59801],[119.78436,-2.59981],[119.78387,-2.60663],[119.79039,-2.61121],[119.79686,-2.61373],[119.8056,-2.61861],[119.80846,-2.61956],[119.82285,-2.61712],[119.82328,-2.61967],[119.817,-2.62183],[119.81618,-2.62256],[119.81659,-2.62352],[119.8162,-2.62454],[119.81436,-2.62373],[119.8137,-2.62235],[119.81145,-2.62296],[119.8103,-2.62202],[119.80822,-2.62232],[119.80754,-2.62569],[119.80661,-2.62605],[119.80629,-2.625],[119.80477,-2.62458],[119.80405,-2.62649],[119.80112,-2.62772],[119.80072,-2.62874],[119.79789,-2.62962],[119.79826,-2.63057],[119.79979,-2.63062],[119.79758,-2.63203],[119.79796,-2.63339],[119.79612,-2.63334],[119.79598,-2.63206],[119.79149,-2.63271],[119.79187,-2.63419],[119.79043,-2.63532],[119.78778,-2.63367],[119.78665,-2.63551],[119.78518,-2.63568],[119.78478,-2.63674],[119.78395,-2.63659],[119.78394,-2.63722],[119.78273,-2.63746],[119.78188,-2.63893],[119.78058,-2.63901],[119.77934,-2.64024],[119.77876,-2.64253],[119.7758,-2.6452],[119.77667,-2.64684],[119.77602,-2.64697],[119.77588,-2.64827],[119.77948,-2.64962],[119.78203,-2.6538],[119.78202,-2.65478],[119.78683,-2.65412],[119.78951,-2.6574],[119.7908,-2.65718],[119.79518,-2.65883],[119.7971,-2.65851],[119.79951,-2.66019],[119.80115,-2.66038],[119.80303,-2.66274],[119.80435,-2.6632],[119.80461,-2.66474],[119.80608,-2.66441],[119.80668,-2.66357],[119.81149,-2.66329],[119.81352,-2.66433],[119.81409,-2.66559],[119.81573,-2.66582],[119.81636,-2.66829],[119.81968,-2.67175],[119.82398,-2.67424],[119.82631,-2.6742],[119.82755,-2.67677],[119.82977,-2.67923],[119.8321,-2.67777],[119.83562,-2.67706],[119.83839,-2.67782],[119.8387,-2.67927],[119.84095,-2.67984],[119.84259,-2.67736],[119.84717,-2.67638],[119.84729,-2.67579],[119.84897,-2.67657],[119.85244,-2.67386],[119.85321,-2.67471],[119.85262,-2.67796],[119.85396,-2.67921],[119.85499,-2.68175],[119.86195,-2.68214],[119.86202,-2.68478],[119.86309,-2.68605],[119.86861,-2.68779],[119.8682,-2.69006],[119.87177,-2.69091],[119.8735,-2.69019],[119.87843,-2.69061],[119.87851,-2.69197],[119.88083,-2.6968],[119.88045,-2.69952],[119.8794,-2.69982],[119.87954,-2.70023],[119.88374,-2.70376],[119.8835,-2.72941],[119.89071,-2.74227],[119.8914,-2.7541],[119.89328,-2.76765],[119.90015,-2.77588],[119.92109,-2.77999],[119.93038,-2.78106],[119.94272,-2.79062],[119.94942,-2.80297],[119.95216,-2.80571],[119.95345,-2.81257],[119.95199,-2.82183],[119.95255,-2.82877],[119.95388,-2.83495],[119.95864,-2.83874],[119.97195,-2.83885],[119.98407,-2.84335],[119.98572,-2.84626],[119.98579,-2.8487],[119.98411,-2.85256],[119.98602,-2.85993],[119.99173,-2.86949],[119.9992,-2.87875],[119.99959,-2.88449],[120.00847,-2.89658],[120.00692,-2.90121],[120.00744,-2.90481],[120.00898,-2.90635],[120.0119,-2.9115],[120.02048,-2.92058],[120.0301,-2.92641],[120.04091,-2.93653],[120.04658,-2.93755],[120.04795,-2.9427],[120.04722,-2.9445],[120.04807,-2.95039],[120.04744,-2.95594],[120.05355,-2.96732],[120.05583,-2.97611],[120.05265,-2.98108],[120.05499,-2.98234],[120.0625,-2.9898],[120.0646,-2.99331],[120.06932,-2.9964],[120.07027,-2.99897],[120.07203,-3.00098],[120.08494,-3.00531],[120.08572,-3.00784],[120.08288,-3.01264],[120.08653,-3.02198],[120.08344,-3.02726],[120.08466,-3.03179],[120.07661,-3.02837],[120.07423,-3.02832],[120.07241,-3.02965],[120.07236,-3.03194],[120.06608,-3.03475],[120.06591,-3.03762],[120.06713,-3.03863],[120.06683,-3.04073],[120.06788,-3.04182],[120.0679,-3.04808],[120.06588,-3.05127],[120.0649,-3.05157],[120.06464,-3.05279],[120.06239,-3.05419],[120.06015,-3.05451],[120.0588,-3.05371],[120.05835,-3.05389],[120.0585,-3.05521],[120.05717,-3.05549],[120.05531,-3.0544],[120.0547,-3.05262],[120.0537,-3.0559],[120.05228,-3.05577],[120.05125,-3.05686],[120.05157,-3.05978],[120.05058,-3.06061],[120.05065,-3.06203],[120.04833,-3.06364],[120.04773,-3.06351],[120.04801,-3.06194],[120.04668,-3.06237],[120.04286,-3.06734],[120.04116,-3.06732],[120.03928,-3.06496],[120.03833,-3.06492],[120.03884,-3.06773],[120.03789,-3.0702],[120.03597,-3.07192],[120.03519,-3.07177],[120.03619,-3.06989],[120.033,-3.06699],[120.03004,-3.06813],[120.02858,-3.06759],[120.02865,-3.07036],[120.02654,-3.07151],[120.02701,-3.07267],[120.02644,-3.07618],[120.02422,-3.07884],[120.02489,-3.07971],[120.0247,-3.0807],[120.02289,-3.08129],[120.02317,-3.08255],[120.0224,-3.08247],[120.02157,-3.08361],[120.02113,-3.08547],[120.01986,-3.08689],[120.01969,-3.08906],[120.01678,-3.09069],[120.01711,-3.09385],[120.0164,-3.09501],[120.01781,-3.09778],[120.00496,-3.11129],[120.00118,-3.11251],[119.99805,-3.1166],[119.99316,-3.13314],[119.9851,-3.13579],[119.98635,-3.12924],[119.98091,-3.12659],[119.9763,-3.12338],[119.97253,-3.11808],[119.97644,-3.11111],[119.97839,-3.09243],[119.98161,-3.08783],[119.9823,-3.08281],[119.9844,-3.07723],[119.97211,-3.07528],[119.96946,-3.06413],[119.95103,-3.07361],[119.94544,-3.06915],[119.93902,-3.06873],[119.93581,-3.0651],[119.92715,-3.04879],[119.92352,-3.04712],[119.91193,-3.04879],[119.90439,-3.04684],[119.89923,-3.0467],[119.89504,-3.04544],[119.89546,-3.02746],[119.89029,-3.02453],[119.87842,-3.02188],[119.87172,-3.02286],[119.86949,-3.02829],[119.86837,-3.02927],[119.8505,-3.0209],[119.83961,-3.01993],[119.83416,-3.01616],[119.82997,-3.01616],[119.82648,-3.01825],[119.82285,-3.02313],[119.8209,-3.0269],[119.81545,-3.0276],[119.80777,-3.02369],[119.79325,-3.02425],[119.78892,-3.02118],[119.78278,-3.01923],[119.78068,-3.01602],[119.77147,-3.01533],[119.767,-3.01072],[119.76351,-3.01031],[119.75751,-3.00738],[119.75388,-3.0064],[119.75108,-3.00738],[119.7455,-3.00347],[119.73642,-2.99371],[119.72539,-2.97587],[119.71981,-2.96109],[119.71757,-2.95188],[119.71171,-2.94421],[119.71115,-2.93808],[119.70668,-2.93222],[119.70682,-2.9233],[119.70487,-2.91381],[119.7004,-2.90768],[119.6944,-2.90126],[119.69091,-2.88997],[119.69077,-2.88593],[119.68853,-2.88146],[119.68825,-2.87547],[119.68937,-2.87198],[119.69733,-2.86612],[119.69747,-2.85873],[119.69956,-2.85525],[119.69984,-2.84772],[119.69216,-2.83949],[119.6923,-2.82596],[119.68797,-2.80504],[119.68532,-2.79612],[119.68239,-2.79375],[119.68169,-2.789],[119.67946,-2.78566],[119.68113,-2.77896],[119.67527,-2.77018],[119.67869,-2.76252],[119.67974,-2.76153],[119.67986,-2.76],[119.68067,-2.75926],[119.68057,-2.75679]]]}},
{"type":"Feature","properties":{"slug":"wajo","nama":"Kabupaten Wajo","osm":"relation/14751874","pusat":[-3.9905893109540638,120.17879862190803]},"geometry":{"type":"Polygon","coordinates":[[[119.96964,-4.27132],[119.96461,-4.27339],[119.96247,-4.27319],[119.96075,-4.27192],[119.95834,-4.26693],[119.95805,-4.26411],[119.9566,-4.26203],[119.95951,-4.25836],[119.95977,-4.25694],[119.95553,-4.25312],[119.95485,-4.25179],[119.94438,-4.24888],[119.93785,-4.24842],[119.93503,-4.2502],[119.93365,-4.24566],[119.93502,-4.24321],[119.93556,-4.24026],[119.93812,-4.2377],[119.93788,-4.23288],[119.93717,-4.23243],[119.93917,-4.22758],[119.93851,-4.22323],[119.93906,-4.22289],[119.93845,-4.22138],[119.9392,-4.22083],[119.93686,-4.21634],[119.93711,-4.21273],[119.93612,-4.21125],[119.93661,-4.21037],[119.93595,-4.20973],[119.93667,-4.20884],[119.9362,-4.2068],[119.93957,-4.20261],[119.94252,-4.20231],[119.94411,-4.20117],[119.94406,-4.19978],[119.94734,-4.19354],[119.9473,-4.1898],[119.9495,-4.1879],[119.95034,-4.18527],[119.94993,-4.18262],[119.94588,-4.17858],[119.94758,-4.15494],[119.94947,-4.13986],[119.95058,-4.11456],[119.94764,-4.11128],[119.93918,-4.10592],[119.92488,-4.10563],[119.91538,-4.10058],[119.91078,-4.09632],[119.90612,-4.06775],[119.90065,-4.061],[119.89847,-4.06089],[119.89714,-4.05993],[119.89701,-4.05835],[119.89455,-4.05579],[119.88861,-4.04592],[119.88646,-4.03597],[119.88636,-4.0321],[119.88382,-4.02878],[119.88671,-4.02792],[119.88679,-4.02678],[119.88543,-4.02607],[119.88592,-4.0249],[119.88489,-4.02467],[119.88566,-4.02349],[119.88731,-4.02278],[119.88768,-4.02142],[119.88749,-4.01762],[119.88607,-4.01635],[119.88569,-4.01483],[119.88833,-4.00801],[119.8876,-4.00785],[119.88768,-4.00696],[119.88917,-4.00561],[119.88973,-4.00641],[119.88877,-4.00727],[119.88901,-4.00804],[119.89023,-4.00757],[119.88982,-4.0069],[119.89068,-4.00459],[119.88979,-4.00278],[119.89226,-3.99892],[119.89384,-3.99782],[119.89492,-3.99519],[119.89689,-3.99332],[119.89904,-3.98985],[119.90005,-3.98581],[119.89959,-3.98465],[119.90042,-3.98267],[119.89986,-3.98083],[119.90715,-3.96574],[119.90686,-3.96082],[119.90403,-3.95591],[119.90397,-3.95355],[119.90626,-3.94349],[119.9094,-3.93565],[119.91182,-3.93382],[119.91392,-3.93369],[119.91462,-3.93287],[119.91709,-3.93357],[119.91985,-3.93269],[119.92163,-3.93314],[119.92611,-3.93138],[119.93425,-3.92937],[119.93659,-3.9311],[119.93694,-3.93212],[119.93671,-3.93288],[119.93529,-3.93256],[119.93484,-3.93408],[119.93522,-3.93531],[119.93685,-3.9352],[119.93829,-3.93423],[119.93786,-3.93628],[119.94671,-3.9368],[119.95164,-3.93851],[119.95798,-3.93938],[119.97349,-3.93607],[120.00001,-3.93466],[120.00752,-3.93646],[120.01113,-3.93796],[120.01613,-3.93858],[120.01786,-3.93571],[120.01819,-3.9328],[120.01726,-3.92807],[120.03546,-3.91443],[120.03868,-3.90396],[120.04133,-3.89883],[120.04667,-3.87547],[120.04779,-3.86614],[120.06254,-3.85316],[120.0672,-3.8538],[120.06791,-3.85279],[120.0807,-3.84913],[120.08744,-3.84765],[120.08855,-3.84795],[120.08932,-3.84725],[120.08999,-3.84725],[120.09031,-3.84821],[120.09153,-3.84896],[120.09351,-3.84718],[120.09176,-3.84641],[120.09166,-3.8457],[120.09259,-3.84588],[120.09318,-3.84473],[120.09293,-3.84378],[120.09394,-3.84437],[120.09405,-3.84348],[120.09524,-3.84305],[120.09587,-3.84325],[120.09601,-3.84482],[120.09749,-3.84474],[120.09744,-3.84405],[120.09826,-3.84384],[120.09905,-3.84549],[120.10046,-3.84544],[120.10099,-3.84482],[120.10269,-3.84557],[120.10327,-3.84518],[120.10173,-3.84248],[120.10267,-3.84203],[120.10447,-3.84245],[120.10438,-3.84303],[120.1054,-3.84342],[120.10546,-3.84557],[120.10711,-3.84655],[120.10801,-3.84664],[120.10854,-3.84531],[120.11057,-3.84451],[120.11098,-3.84681],[120.10963,-3.84847],[120.11232,-3.84878],[120.11407,-3.84303],[120.11552,-3.84284],[120.11559,-3.84501],[120.11679,-3.84628],[120.11745,-3.84622],[120.11799,-3.845],[120.11924,-3.84565],[120.12068,-3.84489],[120.12069,-3.84268],[120.12137,-3.84286],[120.12216,-3.84443],[120.1233,-3.84346],[120.12329,-3.84225],[120.12582,-3.84147],[120.12698,-3.83977],[120.12715,-3.83898],[120.12619,-3.83841],[120.12381,-3.83828],[120.12372,-3.83744],[120.1253,-3.8359],[120.12757,-3.83477],[120.13092,-3.83415],[120.1329,-3.83457],[120.13601,-3.83059],[120.13953,-3.8289],[120.14036,-3.82787],[120.14088,-3.82642],[120.14075,-3.82184],[120.13933,-3.81762],[120.13944,-3.81618],[120.14131,-3.81432],[120.14277,-3.81501],[120.14412,-3.81479],[120.14317,-3.80914],[120.14485,-3.80376],[120.14832,-3.79918],[120.14985,-3.79905],[120.15274,-3.79691],[120.15257,-3.79524],[120.15124,-3.79486],[120.14907,-3.79255],[120.14877,-3.79053],[120.14944,-3.7879],[120.15212,-3.78589],[120.14843,-3.78261],[120.14839,-3.78123],[120.14744,-3.78015],[120.14599,-3.77979],[120.14556,-3.77888],[120.14864,-3.77538],[120.15002,-3.77494],[120.14958,-3.77393],[120.15104,-3.77203],[120.16167,-3.76828],[120.16746,-3.7688],[120.18231,-3.77287],[120.18584,-3.77332],[120.19286,-3.76943],[120.19889,-3.76013],[120.20382,-3.75502],[120.21082,-3.7362],[120.21363,-3.73459],[120.21509,-3.72906],[120.22766,-3.7244],[120.23246,-3.71545],[120.23931,-3.70887],[120.24343,-3.70806],[120.25201,-3.71682],[120.25798,-3.71686],[120.25978,-3.71842],[120.26626,-3.72133],[120.27321,-3.71778],[120.27555,-3.71722],[120.27851,-3.71847],[120.28158,-3.71814],[120.2854,-3.71941],[120.29083,-3.72009],[120.29482,-3.71898],[120.2989,-3.7135],[120.29988,-3.71378],[120.30203,-3.7126],[120.30877,-3.70322],[120.31076,-3.69549],[120.31679,-3.68889],[120.32231,-3.68476],[120.32879,-3.68166],[120.33127,-3.67707],[120.33072,-3.6735],[120.32838,-3.66772],[120.32217,-3.64675],[120.32964,-3.64444],[120.33198,-3.64564],[120.33548,-3.65307],[120.33825,-3.65489],[120.34175,-3.65418],[120.34462,-3.65277],[120.35775,-3.65311],[120.36342,-3.65523],[120.37524,-3.6563],[120.38254,-3.65956],[120.38996,-3.6605],[120.39215,-3.66176],[120.3978,-3.66085],[120.40072,-3.66114],[120.40382,-3.66307],[120.40822,-3.66741],[120.40899,-3.66586],[120.41033,-3.6649],[120.40932,-3.66428],[120.40957,-3.66379],[120.41087,-3.66314],[120.41225,-3.66369],[120.41305,-3.66589],[120.4128,-3.66746],[120.41437,-3.66883],[120.41453,-3.67045],[120.41582,-3.67211],[120.41768,-3.67858],[120.42056,-3.679],[120.4243,-3.68223],[120.42969,-3.68277],[120.43367,-3.68454],[120.43663,-3.68643],[120.43776,-3.68831],[120.43807,-3.6909],[120.43622,-3.69856],[120.43688,-3.70104],[120.43623,-3.70201],[120.43606,-3.70745],[120.43664,-3.70775],[120.43812,-3.71417],[120.43745,-3.71795],[120.43827,-3.71941],[120.43851,-3.7253],[120.44049,-3.72817],[120.44043,-3.73283],[120.44123,-3.73432],[120.44102,-3.74054],[120.44028,-3.74372],[120.43873,-3.7466],[120.43135,-3.7546],[120.41999,-3.76433],[120.41061,-3.77357],[120.40424,-3.78163],[120.40022,-3.78308],[120.39957,-3.78505],[120.40033,-3.78754],[120.40014,-3.79003],[120.39866,-3.79134],[120.39789,-3.79388],[120.39596,-3.79505],[120.39239,-3.79889],[120.39216,-3.80102],[120.38913,-3.80281],[120.38942,-3.80453],[120.38837,-3.80678],[120.38516,-3.81236],[120.38372,-3.81324],[120.38441,-3.81463],[120.38371,-3.81473],[120.38301,-3.81596],[120.38238,-3.81863],[120.38075,-3.81993],[120.38107,-3.82157],[120.37975,-3.82298],[120.37673,-3.83096],[120.3755,-3.83157],[120.37441,-3.83464],[120.37495,-3.83671],[120.37021,-3.84409],[120.36621,-3.84872],[120.36113,-3.85139],[120.36045,-3.85611],[120.35908,-3.85682],[120.35502,-3.86524],[120.35643,-3.86716],[120.35512,-3.86716],[120.35396,-3.87267],[120.35232,-3.87654],[120.34433,-3.8925],[120.34494,-3.89671],[120.34427,-3.90494],[120.34245,-3.91324],[120.34129,-3.91423],[120.34094,-3.91865],[120.34017,-3.92],[120.34083,-3.92069],[120.34069,-3.92201],[120.33891,-3.92771],[120.3371,-3.93864],[120.33861,-3.94105],[120.33964,-3.94659],[120.34507,-3.96007],[120.34894,-3.96592],[120.3517,-3.96883],[120.35335,-3.97419],[120.35326,-3.98087],[120.34955,-3.98748],[120.34273,-3.99506],[120.34212,-3.9977],[120.34283,-3.99951],[120.34433,-3.99868],[120.34545,-3.99952],[120.34863,-4.00977],[120.35034,-4.01094],[120.35244,-4.01453],[120.35476,-4.01517],[120.35872,-4.01849],[120.36089,-4.02204],[120.35996,-4.02506],[120.35875,-4.02626],[120.3569,-4.02642],[120.35685,-4.02858],[120.35329,-4.03297],[120.35474,-4.03351],[120.35511,-4.0365],[120.3539,-4.04139],[120.35599,-4.04293],[120.35767,-4.04957],[120.35693,-4.05222],[120.3549,-4.05364],[120.35635,-4.05583],[120.3566,-4.05751],[120.35552,-4.06515],[120.35269,-4.06787],[120.34852,-4.06965],[120.348,-4.07099],[120.34878,-4.0727],[120.34874,-4.07443],[120.33781,-4.09257],[120.33585,-4.09335],[120.3361,-4.09448],[120.33474,-4.0956],[120.33104,-4.09577],[120.33151,-4.09999],[120.33019,-4.10436],[120.3313,-4.10704],[120.33093,-4.10822],[120.33271,-4.10968],[120.33402,-4.11015],[120.33915,-4.10976],[120.34069,-4.11169],[120.34269,-4.11554],[120.34531,-4.12353],[120.34455,-4.12982],[120.34618,-4.13036],[120.3468,-4.13199],[120.35106,-4.13206],[120.35198,-4.13312],[120.35317,-4.13319],[120.3553,-4.13486],[120.35525,-4.13595],[120.35603,-4.13677],[120.35816,-4.13731],[120.36067,-4.13918],[120.36143,-4.14102],[120.36604,-4.14363],[120.37121,-4.14396],[120.37347,-4.14504],[120.3733,-4.15375],[120.37542,-4.15963],[120.37516,-4.16257],[120.37766,-4.16419],[120.37888,-4.16611],[120.38082,-4.17196],[120.38081,-4.17419],[120.37972,-4.1807],[120.37615,-4.18873],[120.37671,-4.19186],[120.37488,-4.20303],[120.36986,-4.21109],[120.36798,-4.21544],[120.36628,-4.22412],[120.36528,-4.22412],[120.36457,-4.22491],[120.36314,-4.22469],[120.3632,-4.22303],[120.36202,-4.2232],[120.3613,-4.22173],[120.35894,-4.22189],[120.35826,-4.22312],[120.3572,-4.22251],[120.35307,-4.22541],[120.35107,-4.22591],[120.35023,-4.22784],[120.35097,-4.22801],[120.35111,-4.23047],[120.34948,-4.23194],[120.34553,-4.23158],[120.34479,-4.23311],[120.34547,-4.2341],[120.34483,-4.23745],[120.34016,-4.23829],[120.33773,-4.23987],[120.33594,-4.23987],[120.33001,-4.24204],[120.3155,-4.24018],[120.31113,-4.23819],[120.3087,-4.23823],[120.30645,-4.23994],[120.28755,-4.24486],[120.27589,-4.25136],[120.2575,-4.27337],[120.25339,-4.27447],[120.25165,-4.2742],[120.24496,-4.26987],[120.23958,-4.26937],[120.23681,-4.26651],[120.23348,-4.26065],[120.23409,-4.25569],[120.23194,-4.24888],[120.23163,-4.24201],[120.22587,-4.23537],[120.22394,-4.23544],[120.21923,-4.23746],[120.20627,-4.23672],[120.19266,-4.23684],[120.18945,-4.23582],[120.18322,-4.23087],[120.17757,-4.22977],[120.17601,-4.22791],[120.17359,-4.22653],[120.16873,-4.22657],[120.16606,-4.22554],[120.16358,-4.22754],[120.16135,-4.22773],[120.15589,-4.22566],[120.15161,-4.22508],[120.14885,-4.22284],[120.14597,-4.22318],[120.14294,-4.22489],[120.14132,-4.22474],[120.13951,-4.22338],[120.13881,-4.21939],[120.13603,-4.22249],[120.13369,-4.22281],[120.13344,-4.22381],[120.1349,-4.22463],[120.13359,-4.22495],[120.1328,-4.22667],[120.13068,-4.22627],[120.12964,-4.22467],[120.12807,-4.22372],[120.12647,-4.22456],[120.12613,-4.22573],[120.12462,-4.22685],[120.12111,-4.2348],[120.11969,-4.23441],[120.11726,-4.2375],[120.11584,-4.23757],[120.11529,-4.23838],[120.1144,-4.23802],[120.11333,-4.242],[120.1073,-4.24285],[120.10447,-4.23991],[120.10145,-4.24079],[120.09884,-4.24322],[120.09386,-4.24172],[120.09303,-4.24361],[120.0953,-4.24732],[120.09446,-4.25068],[120.09263,-4.25228],[120.08791,-4.25348],[120.07856,-4.25887],[120.07412,-4.25761],[120.07239,-4.25824],[120.07181,-4.26125],[120.07355,-4.26429],[120.07337,-4.26558],[120.07242,-4.26765],[120.07097,-4.26876],[120.06608,-4.28493],[120.06299,-4.28555],[120.06198,-4.28631],[120.04336,-4.2865],[120.04175,-4.28485],[120.04098,-4.28258],[120.04186,-4.27768],[120.04097,-4.27553],[120.04225,-4.26863],[120.04211,-4.2621],[120.03669,-4.26284],[120.03627,-4.26489],[120.0338,-4.26447],[120.03212,-4.26341],[120.0303,-4.2657],[120.02763,-4.26435],[120.02142,-4.26469],[120.01731,-4.26657],[120.0102,-4.26768],[119.994,-4.26633],[119.97772,-4.26312],[119.97371,-4.27055],[119.96964,-4.27132]]]}}
]}
