{
	"type": "FeatureCollection",
	"features": [
		{
			"type": "Feature",
			"properties": {
				"slug": "enrekang--alla",
				"nama": "Alla",
				"kabkota": "enrekang",
				"osm": "relation/18240986",
				"pusat": [-3.315052640000001, 119.82095683560848]
			},
			"geometry": {
				"type": "MultiPolygon",
				"coordinates": [
					[
						[
							[119.83932, -3.36864],
							[119.84117, -3.36768],
							[119.84351, -3.36806],
							[119.84443, -3.36723],
							[119.84902, -3.3665],
							[119.84992, -3.36402],
							[119.85156, -3.36309],
							[119.85246, -3.36331],
							[119.85377, -3.36211],
							[119.85576, -3.35922],
							[119.85748, -3.3575],
							[119.85783, -3.35197],
							[119.85519, -3.34743],
							[119.85409, -3.34396],
							[119.8536, -3.33967],
							[119.85195, -3.33577],
							[119.84676, -3.33108],
							[119.83208, -3.32756],
							[119.83207, -3.32682],
							[119.83084, -3.32448],
							[119.82974, -3.32426],
							[119.8291, -3.32301],
							[119.82846, -3.32276],
							[119.82752, -3.32038],
							[119.82681, -3.31986],
							[119.8271, -3.31886],
							[119.82691, -3.31665],
							[119.82788, -3.31557],
							[119.82768, -3.3121],
							[119.82834, -3.31079],
							[119.82803, -3.30735],
							[119.82867, -3.30666],
							[119.82848, -3.30588],
							[119.82885, -3.30494],
							[119.82835, -3.30323],
							[119.82882, -3.30263],
							[119.82875, -3.30197],
							[119.82955, -3.29986],
							[119.82946, -3.29871],
							[119.83028, -3.29773],
							[119.83021, -3.29703],
							[119.83131, -3.29605],
							[119.83106, -3.29507],
							[119.83266, -3.29352],
							[119.83293, -3.2922],
							[119.83545, -3.28943],
							[119.83629, -3.28959],
							[119.8372, -3.28881],
							[119.83924, -3.28807],
							[119.83989, -3.28741],
							[119.84042, -3.28548],
							[119.84207, -3.28523],
							[119.8437, -3.2855],
							[119.84327, -3.28352],
							[119.84364, -3.28318],
							[119.84442, -3.2829],
							[119.84623, -3.28396],
							[119.84721, -3.28355],
							[119.84768, -3.2828],
							[119.84906, -3.28247],
							[119.85024, -3.28084],
							[119.84984, -3.2799],
							[119.85061, -3.27928],
							[119.85059, -3.27878],
							[119.84968, -3.27898],
							[119.84952, -3.27878],
							[119.8499, -3.27816],
							[119.84917, -3.27778],
							[119.84892, -3.2782],
							[119.84916, -3.27865],
							[119.84881, -3.2789],
							[119.84699, -3.27753],
							[119.84546, -3.27431],
							[119.84495, -3.27389],
							[119.84439, -3.27414],
							[119.84395, -3.27349],
							[119.83983, -3.27499],
							[119.83779, -3.27617],
							[119.83423, -3.27576],
							[119.83189, -3.27373],
							[119.83056, -3.27448],
							[119.82987, -3.27549],
							[119.82742, -3.27512],
							[119.81893, -3.27664],
							[119.81822, -3.2778],
							[119.81912, -3.27904],
							[119.81987, -3.28121],
							[119.82145, -3.28915],
							[119.82053, -3.29762],
							[119.81677, -3.30387],
							[119.81381, -3.3161],
							[119.81282, -3.31837],
							[119.81203, -3.31867],
							[119.809, -3.31764],
							[119.80814, -3.31827],
							[119.80076, -3.31674],
							[119.79143, -3.31615],
							[119.78823, -3.317],
							[119.78609, -3.31816],
							[119.78308, -3.32214],
							[119.7836, -3.32418],
							[119.78516, -3.32561],
							[119.78589, -3.33255],
							[119.78531, -3.33455],
							[119.78873, -3.33917],
							[119.78913, -3.34274],
							[119.79209, -3.34488],
							[119.79471, -3.34923],
							[119.79742, -3.35071],
							[119.80074, -3.35347],
							[119.80117, -3.35561],
							[119.80269, -3.35748],
							[119.8042, -3.35833],
							[119.80518, -3.35797],
							[119.80561, -3.35842],
							[119.80649, -3.35836],
							[119.80885, -3.36031],
							[119.80956, -3.36215],
							[119.8163, -3.36026],
							[119.81986, -3.36414],
							[119.8219, -3.36403],
							[119.83014, -3.36688],
							[119.83364, -3.3675],
							[119.83587, -3.36742],
							[119.83932, -3.36864]
						]
					],
					[
						[
							[119.82492, -3.32694],
							[119.82501, -3.32695],
							[119.825, -3.32698],
							[119.82502, -3.32698],
							[119.82502, -3.32701],
							[119.82506, -3.32701],
							[119.82505, -3.32712],
							[119.82501, -3.32712],
							[119.825, -3.32715],
							[119.82498, -3.32715],
							[119.82498, -3.32718],
							[119.8249, -3.32717],
							[119.8249, -3.32713],
							[119.82488, -3.32713],
							[119.82488, -3.3271],
							[119.82485, -3.32709],
							[119.82486, -3.327],
							[119.8249, -3.327],
							[119.8249, -3.32698],
							[119.82491, -3.32698],
							[119.82492, -3.32694]
						]
					]
				]
			}
		},
		{
			"type": "Feature",
			"properties": {
				"slug": "enrekang--anggeraja",
				"nama": "Anggeraja",
				"kabkota": "enrekang",
				"osm": "relation/18240983",
				"pusat": [-3.4222121714285723, 119.79760851428576]
			},
			"geometry": {
				"type": "MultiPolygon",
				"coordinates": [
					[
						[
							[119.82992, -3.45981],
							[119.83478, -3.45744],
							[119.836, -3.45661],
							[119.83674, -3.45549],
							[119.83651, -3.44731],
							[119.83502, -3.44673],
							[119.83445, -3.44575],
							[119.83396, -3.44123],
							[119.83404, -3.43851],
							[119.83336, -3.43748],
							[119.83316, -3.43487],
							[119.83198, -3.43455],
							[119.83065, -3.4329],
							[119.83183, -3.42707],
							[119.83095, -3.42564],
							[119.8307, -3.4245],
							[119.83061, -3.42176],
							[119.83108, -3.42035],
							[119.83106, -3.41619],
							[119.8307, -3.41544],
							[119.8311, -3.41285],
							[119.83207, -3.40977],
							[119.83204, -3.40861],
							[119.82942, -3.40863],
							[119.8275, -3.40932],
							[119.82705, -3.41027],
							[119.82541, -3.41017],
							[119.82514, -3.41115],
							[119.82383, -3.41188],
							[119.82227, -3.41098],
							[119.81929, -3.41138],
							[119.8185, -3.40971],
							[119.81859, -3.40802],
							[119.81632, -3.40685],
							[119.81608, -3.40597],
							[119.8167, -3.40417],
							[119.81591, -3.40299],
							[119.81627, -3.40238],
							[119.81694, -3.40223],
							[119.8174, -3.40249],
							[119.81766, -3.40223],
							[119.82038, -3.4021],
							[119.82595, -3.39943],
							[119.82689, -3.39932],
							[119.82786, -3.39968],
							[119.83041, -3.3991],
							[119.8306, -3.39844],
							[119.82974, -3.39617],
							[119.83001, -3.39457],
							[119.82909, -3.39363],
							[119.82949, -3.39201],
							[119.82771, -3.38976],
							[119.82831, -3.38856],
							[119.82853, -3.38562],
							[119.82801, -3.38372],
							[119.82703, -3.3819],
							[119.82853, -3.3795],
							[119.82834, -3.37834],
							[119.82919, -3.37798],
							[119.83016, -3.3753],
							[119.83705, -3.37228],
							[119.83737, -3.37031],
							[119.83932, -3.36864],
							[119.83587, -3.36742],
							[119.83364, -3.3675],
							[119.83014, -3.36688],
							[119.8219, -3.36403],
							[119.81986, -3.36414],
							[119.8163, -3.36026],
							[119.80956, -3.36215],
							[119.80885, -3.36031],
							[119.80649, -3.35836],
							[119.80561, -3.35842],
							[119.80518, -3.35797],
							[119.8042, -3.35833],
							[119.80269, -3.35748],
							[119.80117, -3.35561],
							[119.80074, -3.35347],
							[119.79742, -3.35071],
							[119.79471, -3.34923],
							[119.79209, -3.34488],
							[119.78913, -3.34274],
							[119.78656, -3.3449],
							[119.78334, -3.34653],
							[119.77501, -3.34732],
							[119.77478, -3.34949],
							[119.77233, -3.35073],
							[119.76868, -3.35324],
							[119.7648, -3.35654],
							[119.76437, -3.35908],
							[119.76551, -3.36313],
							[119.76377, -3.36423],
							[119.76188, -3.36635],
							[119.76126, -3.36853],
							[119.75935, -3.36855],
							[119.75819, -3.37005],
							[119.75806, -3.3711],
							[119.7572, -3.37213],
							[119.75639, -3.37243],
							[119.75568, -3.37356],
							[119.75407, -3.37496],
							[119.75075, -3.37879],
							[119.74821, -3.37982],
							[119.743, -3.38106],
							[119.74025, -3.38303],
							[119.7342, -3.38402],
							[119.72537, -3.38304],
							[119.72602, -3.38935],
							[119.7251, -3.3919],
							[119.72529, -3.40145],
							[119.72259, -3.40786],
							[119.72503, -3.41178],
							[119.7263, -3.41516],
							[119.72649, -3.41747],
							[119.72898, -3.41987],
							[119.73385, -3.4194],
							[119.73729, -3.42493],
							[119.74003, -3.43013],
							[119.74231, -3.43365],
							[119.74647, -3.4472],
							[119.74769, -3.44879],
							[119.75022, -3.44836],
							[119.75171, -3.4505],
							[119.75537, -3.45297],
							[119.76359, -3.46134],
							[119.76628, -3.46717],
							[119.76829, -3.47588],
							[119.76866, -3.4822],
							[119.76743, -3.48501],
							[119.76776, -3.49154],
							[119.76565, -3.49582],
							[119.7693, -3.50015],
							[119.7719, -3.50584],
							[119.77301, -3.50716],
							[119.77792, -3.50711],
							[119.78007, -3.50838],
							[119.78033, -3.50925],
							[119.78242, -3.5105],
							[119.79068, -3.51005],
							[119.79349, -3.5112],
							[119.79647, -3.51171],
							[119.79781, -3.51082],
							[119.79793, -3.50951],
							[119.80009, -3.5052],
							[119.79953, -3.50286],
							[119.79973, -3.50203],
							[119.80085, -3.50117],
							[119.79977, -3.50012],
							[119.79941, -3.4992],
							[119.79963, -3.49427],
							[119.80102, -3.49333],
							[119.80236, -3.49177],
							[119.80277, -3.49043],
							[119.80297, -3.48784],
							[119.80335, -3.48733],
							[119.80533, -3.48679],
							[119.80571, -3.48602],
							[119.8053, -3.48485],
							[119.80379, -3.48331],
							[119.8037, -3.48004],
							[119.80298, -3.47747],
							[119.80451, -3.47705],
							[119.8054, -3.4754],
							[119.8053, -3.47502],
							[119.80358, -3.47483],
							[119.80303, -3.47224],
							[119.8021, -3.47063],
							[119.80214, -3.47003],
							[119.80332, -3.47005],
							[119.80371, -3.46978],
							[119.80432, -3.46797],
							[119.80958, -3.46632],
							[119.82031, -3.46172],
							[119.82473, -3.4603],
							[119.82992, -3.45981]
						]
					],
					[
						[
							[119.79907, -3.41077],
							[119.79929, -3.41082],
							[119.79924, -3.41106],
							[119.79923, -3.41106],
							[119.79902, -3.41102],
							[119.79907, -3.41077]
						]
					]
				]
			}
		},
		{
			"type": "Feature",
			"properties": {
				"slug": "enrekang--baraka",
				"nama": "Baraka",
				"kabkota": "enrekang",
				"osm": "relation/18240589",
				"pusat": [-3.436809902597403, 119.85641912227771]
			},
			"geometry": {
				"type": "MultiPolygon",
				"coordinates": [
					[
						[
							[119.83204, -3.40861],
							[119.83456, -3.40756],
							[119.83769, -3.40731],
							[119.83783, -3.40619],
							[119.83754, -3.40561],
							[119.83803, -3.40482],
							[119.84151, -3.40478],
							[119.84195, -3.40419],
							[119.842, -3.40347],
							[119.84114, -3.39975],
							[119.84142, -3.39788],
							[119.84194, -3.39654],
							[119.84438, -3.3946],
							[119.84691, -3.39871],
							[119.84729, -3.3989],
							[119.84854, -3.3989],
							[119.85006, -3.39981],
							[119.85355, -3.39892],
							[119.85584, -3.40476],
							[119.85773, -3.40408],
							[119.85864, -3.40439],
							[119.86147, -3.40375],
							[119.86384, -3.40402],
							[119.86519, -3.40381],
							[119.8672, -3.40418],
							[119.86713, -3.40148],
							[119.86747, -3.40077],
							[119.86661, -3.40055],
							[119.86623, -3.39997],
							[119.86724, -3.39841],
							[119.87092, -3.3976],
							[119.87024, -3.39621],
							[119.86873, -3.39463],
							[119.86861, -3.38859],
							[119.87063, -3.38449],
							[119.87303, -3.38489],
							[119.87369, -3.38446],
							[119.87403, -3.3837],
							[119.87391, -3.37925],
							[119.876, -3.3785],
							[119.87987, -3.37918],
							[119.8826, -3.38017],
							[119.88371, -3.38009],
							[119.88446, -3.38065],
							[119.88486, -3.38032],
							[119.88491, -3.37963],
							[119.88659, -3.37928],
							[119.8881, -3.37806],
							[119.89103, -3.37691],
							[119.89822, -3.37769],
							[119.89999, -3.37561],
							[119.90059, -3.37309],
							[119.9001, -3.37251],
							[119.90089, -3.37184],
							[119.90086, -3.37083],
							[119.90177, -3.37078],
							[119.9016, -3.36994],
							[119.902, -3.36982],
							[119.90229, -3.37034],
							[119.90286, -3.37031],
							[119.903, -3.36974],
							[119.90355, -3.36959],
							[119.90293, -3.36899],
							[119.90371, -3.3673],
							[119.90416, -3.36751],
							[119.90452, -3.36684],
							[119.90524, -3.36704],
							[119.90865, -3.36472],
							[119.91108, -3.36489],
							[119.9122, -3.36449],
							[119.91471, -3.36526],
							[119.91853, -3.36429],
							[119.92226, -3.36457],
							[119.9249, -3.36723],
							[119.92846, -3.36815],
							[119.93275, -3.36821],
							[119.93872, -3.36883],
							[119.95455, -3.37121],
							[119.9703, -3.37183],
							[120.02411, -3.38504],
							[120.02599, -3.38823],
							[120.0288, -3.39168],
							[120.03336, -3.40068],
							[120.04012, -3.40999],
							[120.0391, -3.41077],
							[120.03691, -3.41135],
							[120.03268, -3.411],
							[120.02434, -3.41164],
							[120.00034, -3.40932],
							[119.98401, -3.41121],
							[119.96831, -3.4119],
							[119.95151, -3.41332],
							[119.94291, -3.41585],
							[119.93913, -3.41315],
							[119.93675, -3.41462],
							[119.92939, -3.41818],
							[119.92435, -3.41692],
							[119.92044, -3.41477],
							[119.91533, -3.413],
							[119.91246, -3.41248],
							[119.90905, -3.41722],
							[119.90259, -3.42274],
							[119.90328, -3.42497],
							[119.90014, -3.42402],
							[119.89777, -3.42369],
							[119.89136, -3.42655],
							[119.89057, -3.428],
							[119.88757, -3.42799],
							[119.88588, -3.4271],
							[119.88416, -3.42727],
							[119.88367, -3.42573],
							[119.88269, -3.42487],
							[119.8819, -3.42245],
							[119.88156, -3.4219],
							[119.88047, -3.42155],
							[119.87996, -3.42059],
							[119.87997, -3.41934],
							[119.87866, -3.41883],
							[119.87762, -3.41989],
							[119.87689, -3.41974],
							[119.87705, -3.41895],
							[119.87785, -3.41836],
							[119.87774, -3.418],
							[119.87732, -3.4178],
							[119.87638, -3.41813],
							[119.87426, -3.4174],
							[119.87267, -3.41526],
							[119.87211, -3.41502],
							[119.87031, -3.41537],
							[119.86925, -3.41431],
							[119.86874, -3.41427],
							[119.86842, -3.41442],
							[119.86831, -3.41566],
							[119.86456, -3.41701],
							[119.86379, -3.41801],
							[119.86092, -3.41759],
							[119.86034, -3.41719],
							[119.86031, -3.41808],
							[119.86211, -3.41933],
							[119.8624, -3.41968],
							[119.86237, -3.42081],
							[119.86329, -3.42162],
							[119.86066, -3.42304],
							[119.86106, -3.42351],
							[119.86239, -3.42331],
							[119.86235, -3.42487],
							[119.85949, -3.4246],
							[119.85978, -3.42578],
							[119.86076, -3.4265],
							[119.8615, -3.42645],
							[119.86238, -3.42691],
							[119.86388, -3.42875],
							[119.86324, -3.43007],
							[119.8634, -3.43045],
							[119.8649, -3.43113],
							[119.86556, -3.43182],
							[119.86553, -3.43261],
							[119.86498, -3.43334],
							[119.86555, -3.43505],
							[119.86567, -3.43692],
							[119.86693, -3.43697],
							[119.86904, -3.43867],
							[119.86908, -3.43978],
							[119.86874, -3.4406],
							[119.8694, -3.4413],
							[119.87041, -3.44133],
							[119.87095, -3.44045],
							[119.87206, -3.43998],
							[119.87307, -3.44006],
							[119.87288, -3.44064],
							[119.87342, -3.44145],
							[119.87414, -3.44145],
							[119.87593, -3.44259],
							[119.87528, -3.44383],
							[119.87556, -3.44458],
							[119.87805, -3.44458],
							[119.88069, -3.44574],
							[119.88232, -3.44539],
							[119.88545, -3.44625],
							[119.88959, -3.44856],
							[119.89142, -3.45173],
							[119.89256, -3.45658],
							[119.8926, -3.4596],
							[119.88994, -3.46163],
							[119.89004, -3.46474],
							[119.89153, -3.46617],
							[119.88968, -3.47039],
							[119.89391, -3.47185],
							[119.89768, -3.4742],
							[119.89743, -3.47641],
							[119.89805, -3.4784],
							[119.89998, -3.48114],
							[119.90056, -3.48361],
							[119.89966, -3.48543],
							[119.90446, -3.48577],
							[119.90865, -3.49166],
							[119.91, -3.49688],
							[119.90888, -3.49909],
							[119.90918, -3.50177],
							[119.91013, -3.50253],
							[119.91077, -3.50518],
							[119.91182, -3.50609],
							[119.91321, -3.50934],
							[119.91482, -3.51035],
							[119.91534, -3.51247],
							[119.91633, -3.51381],
							[119.9163, -3.51465],
							[119.91271, -3.51413],
							[119.91197, -3.51443],
							[119.9109, -3.51407],
							[119.90653, -3.51518],
							[119.90363, -3.51409],
							[119.90006, -3.5142],
							[119.89911, -3.51579],
							[119.8983, -3.51645],
							[119.89702, -3.51623],
							[119.89639, -3.51649],
							[119.89585, -3.51712],
							[119.89465, -3.51765],
							[119.89345, -3.51958],
							[119.89021, -3.5209],
							[119.88711, -3.52281],
							[119.88747, -3.5216],
							[119.88733, -3.52018],
							[119.88631, -3.51959],
							[119.88538, -3.51969],
							[119.8848, -3.51902],
							[119.88401, -3.51886],
							[119.88387, -3.51764],
							[119.88331, -3.51652],
							[119.8817, -3.51472],
							[119.88104, -3.5146],
							[119.88034, -3.51543],
							[119.87946, -3.51535],
							[119.87888, -3.51488],
							[119.87827, -3.51363],
							[119.87776, -3.51328],
							[119.87736, -3.51344],
							[119.8772, -3.5127],
							[119.8768, -3.51257],
							[119.87642, -3.51185],
							[119.8741, -3.51273],
							[119.87194, -3.51089],
							[119.87077, -3.50581],
							[119.86886, -3.50171],
							[119.86834, -3.50138],
							[119.86861, -3.49868],
							[119.87008, -3.49721],
							[119.87171, -3.4962],
							[119.87294, -3.49378],
							[119.87586, -3.49023],
							[119.8756, -3.48855],
							[119.87597, -3.48811],
							[119.87562, -3.48513],
							[119.87408, -3.48335],
							[119.87141, -3.48049],
							[119.86276, -3.48008],
							[119.86228, -3.47973],
							[119.86173, -3.4798],
							[119.8597, -3.48193],
							[119.85269, -3.48255],
							[119.8515, -3.48296],
							[119.84919, -3.48193],
							[119.84537, -3.47613],
							[119.84247, -3.47313],
							[119.84181, -3.47125],
							[119.83848, -3.4693],
							[119.83601, -3.46844],
							[119.83488, -3.46521],
							[119.83354, -3.46446],
							[119.83228, -3.46244],
							[119.82992, -3.45981],
							[119.8321, -3.45896],
							[119.836, -3.45661],
							[119.83674, -3.45549],
							[119.83653, -3.44804],
							[119.83768, -3.44767],
							[119.83856, -3.44659],
							[119.8402, -3.44578],
							[119.84092, -3.44469],
							[119.84152, -3.44446],
							[119.84169, -3.44331],
							[119.84246, -3.44177],
							[119.8424, -3.44073],
							[119.84304, -3.44019],
							[119.84354, -3.4402],
							[119.84424, -3.43896],
							[119.84573, -3.43756],
							[119.84731, -3.43674],
							[119.84718, -3.43548],
							[119.8477, -3.43494],
							[119.84808, -3.43301],
							[119.84766, -3.43133],
							[119.84641, -3.42998],
							[119.84642, -3.42956],
							[119.84533, -3.42805],
							[119.84412, -3.42718],
							[119.84071, -3.42635],
							[119.83908, -3.42493],
							[119.83316, -3.42331],
							[119.83083, -3.42317],
							[119.83061, -3.42176],
							[119.83108, -3.42035],
							[119.83106, -3.41619],
							[119.8307, -3.41544],
							[119.8311, -3.41285],
							[119.83207, -3.40977],
							[119.83204, -3.40861]
						]
					],
					[
						[
							[119.85798, -3.4098],
							[119.85816, -3.40968],
							[119.85813, -3.40963],
							[119.8582, -3.40959],
							[119.85816, -3.40952],
							[119.85808, -3.40957],
							[119.85805, -3.40952],
							[119.85788, -3.40963],
							[119.85798, -3.4098]
						]
					]
				]
			}
		},
		{
			"type": "Feature",
			"properties": {
				"slug": "enrekang--baroko",
				"nama": "Baroko",
				"kabkota": "enrekang",
				"osm": "relation/18240987",
				"pusat": [-3.275349729729729, 119.80946864864866]
			},
			"geometry": {
				"type": "MultiPolygon",
				"coordinates": [
					[
						[
							[119.78609, -3.31816],
							[119.78823, -3.317],
							[119.79143, -3.31615],
							[119.80076, -3.31674],
							[119.80814, -3.31827],
							[119.809, -3.31764],
							[119.81203, -3.31867],
							[119.81282, -3.31837],
							[119.81381, -3.3161],
							[119.81677, -3.30387],
							[119.82053, -3.29762],
							[119.82145, -3.28915],
							[119.81987, -3.28121],
							[119.81912, -3.27904],
							[119.81822, -3.2778],
							[119.81893, -3.27664],
							[119.82223, -3.27596],
							[119.82742, -3.27512],
							[119.82987, -3.27549],
							[119.83056, -3.27448],
							[119.83189, -3.27373],
							[119.83423, -3.27576],
							[119.83779, -3.27617],
							[119.83983, -3.27499],
							[119.84395, -3.27349],
							[119.84205, -3.27061],
							[119.84279, -3.26805],
							[119.84204, -3.26564],
							[119.84245, -3.26358],
							[119.84247, -3.26138],
							[119.84079, -3.25928],
							[119.84045, -3.25819],
							[119.84073, -3.25757],
							[119.8402, -3.2558],
							[119.83626, -3.25401],
							[119.8336, -3.25582],
							[119.83235, -3.25819],
							[119.82872, -3.26098],
							[119.82481, -3.26265],
							[119.81992, -3.26098],
							[119.81769, -3.25624],
							[119.82118, -3.25331],
							[119.82229, -3.25108],
							[119.82662, -3.24843],
							[119.82509, -3.24718],
							[119.82076, -3.24718],
							[119.81713, -3.2462],
							[119.81182, -3.2455],
							[119.80688, -3.24258],
							[119.79697, -3.23933],
							[119.79439, -3.23958],
							[119.78983, -3.24156],
							[119.77943, -3.24048],
							[119.77608, -3.24146],
							[119.77342, -3.24815],
							[119.7737, -3.24982],
							[119.77328, -3.25679],
							[119.77538, -3.25972],
							[119.77496, -3.2692],
							[119.77049, -3.2745],
							[119.76295, -3.27673],
							[119.76702, -3.28112],
							[119.77275, -3.28617],
							[119.77721, -3.2889],
							[119.77904, -3.28896],
							[119.78112, -3.2922],
							[119.78526, -3.29519],
							[119.78843, -3.2951],
							[119.78987, -3.2942],
							[119.79219, -3.2942],
							[119.79094, -3.29928],
							[119.78629, -3.30541],
							[119.78953, -3.31162],
							[119.78609, -3.31816]
						]
					],
					[
						[
							[119.80923, -3.2918],
							[119.80929, -3.29181],
							[119.80928, -3.29186],
							[119.80934, -3.29188],
							[119.80932, -3.29196],
							[119.80928, -3.29195],
							[119.80927, -3.29198],
							[119.80918, -3.29195],
							[119.80918, -3.29193],
							[119.80912, -3.29191],
							[119.80914, -3.29183],
							[119.80922, -3.29185],
							[119.80923, -3.2918]
						]
					]
				]
			}
		},
		{
			"type": "Feature",
			"properties": {
				"slug": "enrekang--bungin",
				"nama": "Bungin",
				"kabkota": "enrekang",
				"osm": "relation/18240587",
				"pusat": [-3.5428700411522636, 119.96868135802475]
			},
			"geometry": {
				"type": "MultiPolygon",
				"coordinates": [
					[
						[
							[120.10014, -3.47696],
							[120.09628, -3.47366],
							[120.0931, -3.47181],
							[120.08366, -3.45624],
							[120.08025, -3.45187],
							[120.07388, -3.44588],
							[120.07376, -3.4405],
							[120.07311, -3.43665],
							[120.06915, -3.4293],
							[120.06145, -3.40941],
							[120.05918, -3.40515],
							[120.05684, -3.40635],
							[120.04907, -3.40558],
							[120.04624, -3.40695],
							[120.04246, -3.40806],
							[120.04012, -3.40999],
							[120.03807, -3.41367],
							[120.03512, -3.41577],
							[120.03293, -3.41999],
							[120.0301, -3.42344],
							[120.03183, -3.42542],
							[120.03114, -3.4318],
							[120.02964, -3.43633],
							[120.02661, -3.43887],
							[120.02505, -3.44205],
							[120.0256, -3.445],
							[120.02425, -3.44733],
							[120.02229, -3.45197],
							[120.01962, -3.45381],
							[120.01603, -3.4601],
							[120.01092, -3.46249],
							[120.01026, -3.46513],
							[120.00805, -3.46784],
							[120.00748, -3.47022],
							[120.00563, -3.47338],
							[120.00641, -3.47801],
							[120.00599, -3.48083],
							[120.00748, -3.48464],
							[120.00514, -3.48784],
							[120.00054, -3.4927],
							[119.99582, -3.49653],
							[119.99102, -3.49981],
							[119.99033, -3.50348],
							[119.98928, -3.50553],
							[119.98492, -3.50833],
							[119.98359, -3.50877],
							[119.98204, -3.51016],
							[119.9794, -3.51071],
							[119.97611, -3.51199],
							[119.97233, -3.51489],
							[119.96851, -3.51621],
							[119.96131, -3.51795],
							[119.95615, -3.51874],
							[119.9542, -3.51776],
							[119.95334, -3.51787],
							[119.95262, -3.51644],
							[119.95157, -3.51619],
							[119.95076, -3.51696],
							[119.95136, -3.51844],
							[119.95124, -3.51899],
							[119.9501, -3.51921],
							[119.94778, -3.51743],
							[119.9453, -3.51634],
							[119.94489, -3.51503],
							[119.94126, -3.51318],
							[119.94069, -3.51354],
							[119.94025, -3.51438],
							[119.94031, -3.51496],
							[119.93987, -3.51543],
							[119.93793, -3.51588],
							[119.93504, -3.51575],
							[119.93429, -3.51629],
							[119.93272, -3.51644],
							[119.93275, -3.51602],
							[119.93093, -3.51489],
							[119.92762, -3.51496],
							[119.92425, -3.51403],
							[119.92321, -3.51434],
							[119.92163, -3.51309],
							[119.92095, -3.51309],
							[119.919, -3.5148],
							[119.91734, -3.51488],
							[119.91271, -3.51413],
							[119.91197, -3.51443],
							[119.9109, -3.51407],
							[119.90653, -3.51518],
							[119.90363, -3.51409],
							[119.90006, -3.5142],
							[119.89911, -3.51579],
							[119.8983, -3.51645],
							[119.89702, -3.51623],
							[119.89639, -3.51649],
							[119.89585, -3.51712],
							[119.89465, -3.51765],
							[119.89345, -3.51958],
							[119.89021, -3.5209],
							[119.88711, -3.52281],
							[119.88678, -3.52563],
							[119.88607, -3.52702],
							[119.88576, -3.52861],
							[119.88435, -3.52985],
							[119.88196, -3.53119],
							[119.88158, -3.53193],
							[119.87796, -3.53505],
							[119.87719, -3.53889],
							[119.87589, -3.54016],
							[119.87512, -3.54163],
							[119.87517, -3.54204],
							[119.87656, -3.54312],
							[119.87573, -3.54528],
							[119.8758, -3.54579],
							[119.8769, -3.54714],
							[119.87651, -3.54863],
							[119.87859, -3.55108],
							[119.87843, -3.55146],
							[119.87734, -3.55181],
							[119.8774, -3.55315],
							[119.87805, -3.55395],
							[119.87871, -3.55405],
							[119.88064, -3.55356],
							[119.88072, -3.55489],
							[119.88183, -3.55599],
							[119.88184, -3.55642],
							[119.88021, -3.55789],
							[119.88083, -3.55866],
							[119.88216, -3.5583],
							[119.88304, -3.55885],
							[119.88345, -3.56017],
							[119.88371, -3.5648],
							[119.88433, -3.5654],
							[119.88484, -3.56694],
							[119.88719, -3.56885],
							[119.88864, -3.57129],
							[119.89083, -3.5706],
							[119.89198, -3.57128],
							[119.89184, -3.57255],
							[119.89112, -3.57339],
							[119.89183, -3.57395],
							[119.89207, -3.57467],
							[119.89368, -3.57547],
							[119.8954, -3.57782],
							[119.89437, -3.57871],
							[119.89428, -3.57954],
							[119.89545, -3.58035],
							[119.89716, -3.5802],
							[119.89829, -3.58083],
							[119.8994, -3.58276],
							[119.89988, -3.58535],
							[119.89876, -3.58686],
							[119.89909, -3.5879],
							[119.90007, -3.58782],
							[119.90096, -3.58923],
							[119.90369, -3.58655],
							[119.91055, -3.5877],
							[119.91681, -3.58637],
							[119.91947, -3.58663],
							[119.92239, -3.58575],
							[119.92415, -3.58637],
							[119.92449, -3.58907],
							[119.92994, -3.59121],
							[119.93147, -3.59705],
							[119.93335, -3.59952],
							[119.93445, -3.60157],
							[119.9408, -3.60384],
							[119.94887, -3.6101],
							[119.95404, -3.61491],
							[119.96758, -3.62391],
							[119.96745, -3.63029],
							[119.96696, -3.63404],
							[119.97103, -3.63671],
							[119.97395, -3.63704],
							[119.97537, -3.63961],
							[119.98056, -3.6432],
							[119.98099, -3.64761],
							[119.98185, -3.65068],
							[119.98955, -3.66152],
							[119.99481, -3.66166],
							[119.99603, -3.65959],
							[119.99327, -3.65725],
							[119.9929, -3.65449],
							[119.99189, -3.65505],
							[119.99159, -3.65447],
							[119.99215, -3.6522],
							[119.99258, -3.65188],
							[119.99316, -3.64914],
							[119.99509, -3.64886],
							[119.99528, -3.64822],
							[119.9949, -3.64774],
							[119.99528, -3.64635],
							[119.99498, -3.64545],
							[119.99565, -3.64494],
							[119.99597, -3.64293],
							[119.99511, -3.641],
							[119.99545, -3.63959],
							[119.99367, -3.63976],
							[119.99262, -3.6395],
							[119.99273, -3.63699],
							[119.99374, -3.6349],
							[119.99312, -3.63305],
							[119.99344, -3.63278],
							[119.99342, -3.63218],
							[119.99243, -3.63104],
							[119.99219, -3.63029],
							[119.99301, -3.62869],
							[119.99854, -3.62642],
							[120.0009, -3.62603],
							[120.0032, -3.62451],
							[120.01084, -3.6144],
							[120.01466, -3.61228],
							[120.01959, -3.60489],
							[120.02174, -3.59566],
							[120.02603, -3.5895],
							[120.02939, -3.58085],
							[120.03179, -3.5768],
							[120.03336, -3.57038],
							[120.03494, -3.56757],
							[120.03745, -3.5641],
							[120.03685, -3.56065],
							[120.03516, -3.55577],
							[120.03654, -3.5506],
							[120.03772, -3.54769],
							[120.04008, -3.5449],
							[120.04899, -3.54273],
							[120.05228, -3.5411],
							[120.06028, -3.53809],
							[120.06252, -3.53672],
							[120.06466, -3.53311],
							[120.06759, -3.52987],
							[120.06881, -3.5262],
							[120.07107, -3.52355],
							[120.07542, -3.52389],
							[120.07872, -3.52205],
							[120.07755, -3.51248],
							[120.08083, -3.50327],
							[120.08435, -3.49704],
							[120.08635, -3.49436],
							[120.08879, -3.49385],
							[120.09388, -3.48942],
							[120.09636, -3.48823],
							[120.09676, -3.48602],
							[120.09643, -3.48296],
							[120.09828, -3.48071],
							[120.10014, -3.47696]
						]
					],
					[
						[
							[119.96274, -3.54481],
							[119.9628, -3.54485],
							[119.96282, -3.54484],
							[119.96291, -3.5449],
							[119.96289, -3.54491],
							[119.96295, -3.54495],
							[119.96289, -3.54503],
							[119.96283, -3.54499],
							[119.96281, -3.54502],
							[119.96274, -3.54497],
							[119.96276, -3.54494],
							[119.96269, -3.54489],
							[119.96274, -3.54481]
						]
					]
				]
			}
		},
		{
			"type": "Feature",
			"properties": {
				"slug": "enrekang--buntu-batu",
				"nama": "Buntu Batu",
				"kabkota": "enrekang",
				"osm": "relation/18240588",
				"pusat": [-3.4568687894736856, 119.92191836842103]
			},
			"geometry": {
				"type": "MultiPolygon",
				"coordinates": [
					[
						[
							[119.9163, -3.51465],
							[119.919, -3.5148],
							[119.92095, -3.51309],
							[119.92163, -3.51309],
							[119.92321, -3.51434],
							[119.92425, -3.51403],
							[119.92762, -3.51496],
							[119.93093, -3.51489],
							[119.93275, -3.51602],
							[119.93272, -3.51644],
							[119.93429, -3.51629],
							[119.93504, -3.51575],
							[119.93793, -3.51588],
							[119.93987, -3.51543],
							[119.94031, -3.51496],
							[119.94025, -3.51438],
							[119.94069, -3.51354],
							[119.94126, -3.51318],
							[119.94489, -3.51503],
							[119.9453, -3.51634],
							[119.94778, -3.51743],
							[119.9501, -3.51921],
							[119.95124, -3.51899],
							[119.95136, -3.51844],
							[119.95076, -3.51696],
							[119.95157, -3.51619],
							[119.95262, -3.51644],
							[119.95334, -3.51787],
							[119.9542, -3.51776],
							[119.95615, -3.51874],
							[119.96131, -3.51795],
							[119.96851, -3.51621],
							[119.97233, -3.51489],
							[119.97611, -3.51199],
							[119.9794, -3.51071],
							[119.98204, -3.51016],
							[119.98359, -3.50877],
							[119.98492, -3.50833],
							[119.98928, -3.50553],
							[119.99033, -3.50348],
							[119.99102, -3.49981],
							[119.99582, -3.49653],
							[120.00054, -3.4927],
							[120.00514, -3.48784],
							[120.00748, -3.48464],
							[120.00599, -3.48083],
							[120.00641, -3.47801],
							[120.00563, -3.47338],
							[120.00748, -3.47022],
							[120.00805, -3.46784],
							[120.01026, -3.46513],
							[120.01092, -3.46249],
							[120.01603, -3.4601],
							[120.01962, -3.45381],
							[120.02229, -3.45197],
							[120.02425, -3.44733],
							[120.0256, -3.445],
							[120.02505, -3.44205],
							[120.02661, -3.43887],
							[120.02964, -3.43633],
							[120.03114, -3.4318],
							[120.03183, -3.42542],
							[120.0301, -3.42344],
							[120.03293, -3.41999],
							[120.03512, -3.41577],
							[120.03807, -3.41367],
							[120.04012, -3.40999],
							[120.0391, -3.41077],
							[120.03691, -3.41135],
							[120.03268, -3.411],
							[120.02434, -3.41164],
							[120.00034, -3.40932],
							[119.98401, -3.41121],
							[119.96831, -3.4119],
							[119.95151, -3.41332],
							[119.94291, -3.41585],
							[119.93913, -3.41315],
							[119.93675, -3.41462],
							[119.92939, -3.41818],
							[119.92435, -3.41692],
							[119.92044, -3.41477],
							[119.91533, -3.413],
							[119.91246, -3.41248],
							[119.90905, -3.41722],
							[119.90259, -3.42274],
							[119.90328, -3.42497],
							[119.90014, -3.42402],
							[119.89777, -3.42369],
							[119.89136, -3.42655],
							[119.89057, -3.428],
							[119.88757, -3.42799],
							[119.88588, -3.4271],
							[119.88416, -3.42727],
							[119.88367, -3.42573],
							[119.88269, -3.42487],
							[119.8819, -3.42245],
							[119.88156, -3.4219],
							[119.88047, -3.42155],
							[119.87996, -3.42059],
							[119.87997, -3.41934],
							[119.87866, -3.41883],
							[119.87762, -3.41989],
							[119.87689, -3.41974],
							[119.87705, -3.41895],
							[119.87785, -3.41836],
							[119.87774, -3.418],
							[119.87732, -3.4178],
							[119.87638, -3.41813],
							[119.87426, -3.4174],
							[119.87267, -3.41526],
							[119.87211, -3.41502],
							[119.87031, -3.41537],
							[119.86925, -3.41431],
							[119.86874, -3.41427],
							[119.86842, -3.41442],
							[119.86831, -3.41566],
							[119.86456, -3.41701],
							[119.86379, -3.41801],
							[119.86092, -3.41759],
							[119.86034, -3.41719],
							[119.86031, -3.41808],
							[119.86211, -3.41933],
							[119.8624, -3.41968],
							[119.86237, -3.42081],
							[119.86329, -3.42162],
							[119.86066, -3.42304],
							[119.86106, -3.42351],
							[119.86239, -3.42331],
							[119.86235, -3.42487],
							[119.85949, -3.4246],
							[119.85978, -3.42578],
							[119.86076, -3.4265],
							[119.8615, -3.42645],
							[119.86238, -3.42691],
							[119.86388, -3.42875],
							[119.86324, -3.43007],
							[119.8634, -3.43045],
							[119.8649, -3.43113],
							[119.86556, -3.43182],
							[119.86553, -3.43261],
							[119.86498, -3.43334],
							[119.86555, -3.43505],
							[119.86567, -3.43692],
							[119.86693, -3.43697],
							[119.86904, -3.43867],
							[119.86908, -3.43978],
							[119.86874, -3.4406],
							[119.8694, -3.4413],
							[119.87041, -3.44133],
							[119.87095, -3.44045],
							[119.87206, -3.43998],
							[119.87307, -3.44006],
							[119.87288, -3.44064],
							[119.87342, -3.44145],
							[119.87414, -3.44145],
							[119.87593, -3.44259],
							[119.87528, -3.44383],
							[119.87556, -3.44458],
							[119.87805, -3.44458],
							[119.88069, -3.44574],
							[119.88232, -3.44539],
							[119.88545, -3.44625],
							[119.88959, -3.44856],
							[119.89142, -3.45173],
							[119.89256, -3.45658],
							[119.8926, -3.4596],
							[119.88994, -3.46163],
							[119.89004, -3.46474],
							[119.89153, -3.46617],
							[119.88968, -3.47039],
							[119.89391, -3.47185],
							[119.89768, -3.4742],
							[119.89743, -3.47641],
							[119.89805, -3.4784],
							[119.89998, -3.48114],
							[119.90056, -3.48361],
							[119.89966, -3.48543],
							[119.90446, -3.48577],
							[119.90865, -3.49166],
							[119.91, -3.49688],
							[119.90888, -3.49909],
							[119.90918, -3.50177],
							[119.91013, -3.50253],
							[119.91077, -3.50518],
							[119.91182, -3.50609],
							[119.91321, -3.50934],
							[119.91482, -3.51035],
							[119.91534, -3.51247],
							[119.91633, -3.51381],
							[119.9163, -3.51465]
						]
					],
					[
						[
							[119.8888, -3.43585],
							[119.88888, -3.43591],
							[119.88883, -3.43598],
							[119.88886, -3.436],
							[119.88883, -3.43605],
							[119.88879, -3.43601],
							[119.88872, -3.4361],
							[119.88866, -3.43605],
							[119.8888, -3.43585]
						]
					]
				]
			}
		},
		{
			"type": "Feature",
			"properties": {
				"slug": "enrekang--cendana",
				"nama": "Cendana",
				"kabkota": "enrekang",
				"osm": "relation/18240585",
				"pusat": [-3.646732558139535, 119.77796162790705]
			},
			"geometry": {
				"type": "MultiPolygon",
				"coordinates": [
					[
						[
							[119.80728, -3.60289],
							[119.8064, -3.60327],
							[119.80339, -3.60269],
							[119.80011, -3.60396],
							[119.79751, -3.60653],
							[119.78444, -3.61002],
							[119.78017, -3.60807],
							[119.77876, -3.60439],
							[119.77805, -3.60137],
							[119.77668, -3.59843],
							[119.77397, -3.594],
							[119.77007, -3.58912],
							[119.76956, -3.58793],
							[119.76947, -3.58626],
							[119.76825, -3.58479],
							[119.76348, -3.58206],
							[119.76115, -3.58021],
							[119.75539, -3.57706],
							[119.74614, -3.57711],
							[119.74077, -3.57587],
							[119.73394, -3.57793],
							[119.72928, -3.58016],
							[119.72018, -3.58206],
							[119.72064, -3.58641],
							[119.72895, -3.59998],
							[119.73471, -3.6163],
							[119.73582, -3.61985],
							[119.7366, -3.62439],
							[119.73619, -3.63238],
							[119.73831, -3.63657],
							[119.7387, -3.63957],
							[119.73958, -3.64288],
							[119.74261, -3.64637],
							[119.7433, -3.65377],
							[119.7491, -3.65723],
							[119.74893, -3.65888],
							[119.74693, -3.66107],
							[119.7474, -3.6625],
							[119.74573, -3.66354],
							[119.74517, -3.66565],
							[119.74642, -3.66571],
							[119.74818, -3.66749],
							[119.74905, -3.66913],
							[119.75134, -3.66742],
							[119.75569, -3.66785],
							[119.75874, -3.66958],
							[119.75978, -3.671],
							[119.75924, -3.67571],
							[119.7604, -3.68925],
							[119.7605, -3.69601],
							[119.76102, -3.70241],
							[119.76649, -3.70642],
							[119.77063, -3.71173],
							[119.78503, -3.70664],
							[119.7869, -3.70538],
							[119.78728, -3.70459],
							[119.7914, -3.703],
							[119.79872, -3.70396],
							[119.80039, -3.70326],
							[119.80556, -3.70354],
							[119.80842, -3.70232],
							[119.81033, -3.70313],
							[119.81355, -3.7015],
							[119.81361, -3.69885],
							[119.81295, -3.69771],
							[119.81333, -3.69429],
							[119.81245, -3.693],
							[119.81204, -3.69058],
							[119.81265, -3.68566],
							[119.81245, -3.6827],
							[119.81348, -3.68137],
							[119.81277, -3.67808],
							[119.81423, -3.67448],
							[119.81273, -3.67191],
							[119.81138, -3.66713],
							[119.81492, -3.66],
							[119.81932, -3.65844],
							[119.8214, -3.65379],
							[119.82668, -3.65035],
							[119.82756, -3.64606],
							[119.82711, -3.64231],
							[119.82417, -3.63379],
							[119.82237, -3.63116],
							[119.81825, -3.62662],
							[119.8134, -3.61728],
							[119.80728, -3.60289]
						]
					],
					[
						[
							[119.78795, -3.65552],
							[119.78806, -3.65554],
							[119.78805, -3.65559],
							[119.78812, -3.65561],
							[119.78811, -3.6557],
							[119.78806, -3.65569],
							[119.78803, -3.65569],
							[119.78803, -3.65571],
							[119.78792, -3.65569],
							[119.78793, -3.65567],
							[119.78786, -3.65566],
							[119.78788, -3.65556],
							[119.78794, -3.65558],
							[119.78795, -3.65552]
						]
					]
				]
			}
		},
		{
			"type": "Feature",
			"properties": {
				"slug": "enrekang--curio",
				"nama": "Curio",
				"kabkota": "enrekang",
				"osm": "relation/18240985",
				"pusat": [-3.302434432432432, 119.88801886486489]
			},
			"geometry": {
				"type": "MultiPolygon",
				"coordinates": [
					[
						[
							[120.02411, -3.38504],
							[120.02833, -3.37215],
							[120.02337, -3.36154],
							[120.01963, -3.35834],
							[120.01868, -3.35679],
							[120.0174, -3.35165],
							[120.01627, -3.34987],
							[120.01539, -3.34559],
							[120.01302, -3.34057],
							[120.00632, -3.33653],
							[120.00297, -3.33332],
							[120.00339, -3.32705],
							[120.00576, -3.32217],
							[120.00408, -3.31339],
							[120.00185, -3.30712],
							[119.99906, -3.30544],
							[119.99752, -3.30252],
							[119.99361, -3.30266],
							[119.98901, -3.30781],
							[119.98551, -3.30363],
							[119.98091, -3.30154],
							[119.97909, -3.29861],
							[119.97281, -3.29722],
							[119.96876, -3.29471],
							[119.96234, -3.29415],
							[119.95536, -3.29443],
							[119.94949, -3.2975],
							[119.94572, -3.29499],
							[119.94363, -3.2915],
							[119.93609, -3.2844],
							[119.93008, -3.28161],
							[119.92701, -3.2777],
							[119.92562, -3.27255],
							[119.9238, -3.26948],
							[119.92254, -3.26599],
							[119.91486, -3.26293],
							[119.91165, -3.26293],
							[119.9076, -3.26056],
							[119.90146, -3.26028],
							[119.89574, -3.26098],
							[119.88945, -3.26],
							[119.88645, -3.25779],
							[119.88439, -3.25739],
							[119.88493, -3.25612],
							[119.8846, -3.25565],
							[119.88375, -3.25567],
							[119.88202, -3.25669],
							[119.88129, -3.25821],
							[119.87947, -3.25926],
							[119.87948, -3.25995],
							[119.88038, -3.26071],
							[119.87766, -3.26348],
							[119.87735, -3.26424],
							[119.87759, -3.26565],
							[119.87689, -3.26797],
							[119.8776, -3.26716],
							[119.87795, -3.26715],
							[119.87835, -3.26777],
							[119.87842, -3.26896],
							[119.87902, -3.26938],
							[119.8789, -3.26959],
							[119.87784, -3.26967],
							[119.87635, -3.26892],
							[119.87099, -3.26935],
							[119.87231, -3.27163],
							[119.87151, -3.27287],
							[119.87144, -3.27379],
							[119.87084, -3.27427],
							[119.86999, -3.2741],
							[119.86873, -3.27328],
							[119.86826, -3.2711],
							[119.8679, -3.27133],
							[119.86739, -3.27278],
							[119.86662, -3.27288],
							[119.86575, -3.27173],
							[119.86463, -3.27163],
							[119.86404, -3.27022],
							[119.86326, -3.27085],
							[119.86292, -3.27079],
							[119.86126, -3.26963],
							[119.86101, -3.26998],
							[119.86116, -3.27077],
							[119.86175, -3.2719],
							[119.86275, -3.27241],
							[119.86264, -3.27258],
							[119.86135, -3.27343],
							[119.86097, -3.273],
							[119.86094, -3.27205],
							[119.86043, -3.27183],
							[119.85989, -3.27351],
							[119.86004, -3.27429],
							[119.85969, -3.27463],
							[119.85881, -3.27404],
							[119.85893, -3.27226],
							[119.8578, -3.27252],
							[119.85683, -3.27368],
							[119.85725, -3.27543],
							[119.85685, -3.277],
							[119.85654, -3.27722],
							[119.85567, -3.27691],
							[119.8547, -3.27771],
							[119.85359, -3.28062],
							[119.85024, -3.28061],
							[119.84906, -3.28247],
							[119.84768, -3.2828],
							[119.84721, -3.28355],
							[119.84623, -3.28396],
							[119.84442, -3.2829],
							[119.84364, -3.28318],
							[119.84327, -3.28352],
							[119.8437, -3.2855],
							[119.84207, -3.28523],
							[119.84042, -3.28548],
							[119.83989, -3.28741],
							[119.83924, -3.28807],
							[119.8372, -3.28881],
							[119.83629, -3.28959],
							[119.83545, -3.28943],
							[119.83293, -3.2922],
							[119.83266, -3.29352],
							[119.83106, -3.29507],
							[119.83131, -3.29605],
							[119.83021, -3.29703],
							[119.83028, -3.29773],
							[119.82946, -3.29871],
							[119.82955, -3.29986],
							[119.82875, -3.30197],
							[119.82882, -3.30263],
							[119.82835, -3.30323],
							[119.82885, -3.30494],
							[119.82848, -3.30588],
							[119.82867, -3.30666],
							[119.82803, -3.30735],
							[119.82834, -3.31079],
							[119.82768, -3.3121],
							[119.82788, -3.31557],
							[119.82691, -3.31665],
							[119.8271, -3.31886],
							[119.82681, -3.31986],
							[119.82752, -3.32038],
							[119.82846, -3.32276],
							[119.8291, -3.32301],
							[119.82974, -3.32426],
							[119.83084, -3.32448],
							[119.83207, -3.32682],
							[119.83208, -3.32756],
							[119.84676, -3.33108],
							[119.85195, -3.33577],
							[119.8536, -3.33967],
							[119.85409, -3.34396],
							[119.85519, -3.34743],
							[119.85783, -3.35197],
							[119.85748, -3.3575],
							[119.85952, -3.35611],
							[119.86132, -3.35583],
							[119.86458, -3.35643],
							[119.86651, -3.3553],
							[119.86748, -3.35423],
							[119.86982, -3.35333],
							[119.87078, -3.35133],
							[119.87237, -3.35039],
							[119.87597, -3.34202],
							[119.87855, -3.34043],
							[119.87858, -3.33958],
							[119.87949, -3.33922],
							[119.88004, -3.33858],
							[119.88254, -3.33876],
							[119.88509, -3.34043],
							[119.88621, -3.34238],
							[119.88962, -3.34279],
							[119.89303, -3.34403],
							[119.89338, -3.34649],
							[119.89584, -3.34752],
							[119.89842, -3.34735],
							[119.90432, -3.34876],
							[119.91372, -3.35605],
							[119.91801, -3.35752],
							[119.92226, -3.36457],
							[119.9249, -3.36723],
							[119.92846, -3.36815],
							[119.93275, -3.36821],
							[119.93872, -3.36883],
							[119.95455, -3.37121],
							[119.9703, -3.37183],
							[120.02411, -3.38504]
						]
					],
					[
						[
							[119.90594, -3.31427],
							[119.90606, -3.31436],
							[119.90604, -3.31439],
							[119.90606, -3.31441],
							[119.90604, -3.31444],
							[119.90606, -3.31446],
							[119.906, -3.31454],
							[119.90597, -3.31451],
							[119.90593, -3.31456],
							[119.90583, -3.31448],
							[119.90586, -3.31444],
							[119.90583, -3.31442],
							[119.90594, -3.31427]
						]
					]
				]
			}
		},
		{
			"type": "Feature",
			"properties": {
				"slug": "enrekang--enrekang",
				"nama": "Enrekang",
				"kabkota": "enrekang",
				"osm": "relation/18240586",
				"pusat": [-3.499905891719744, 119.83408681466352]
			},
			"geometry": {
				"type": "MultiPolygon",
				"coordinates": [
					[
						[
							[119.80728, -3.60289],
							[119.81395, -3.59707],
							[119.81692, -3.59617],
							[119.81739, -3.59503],
							[119.81863, -3.59452],
							[119.81913, -3.59321],
							[119.8205, -3.59199],
							[119.82552, -3.58866],
							[119.83097, -3.58327],
							[119.83375, -3.58132],
							[119.84025, -3.58478],
							[119.84446, -3.58622],
							[119.84652, -3.58982],
							[119.84896, -3.59296],
							[119.85428, -3.59423],
							[119.86098, -3.59161],
							[119.86405, -3.57701],
							[119.86538, -3.57665],
							[119.86587, -3.5772],
							[119.86748, -3.576],
							[119.86903, -3.57534],
							[119.87074, -3.57549],
							[119.87248, -3.5768],
							[119.87679, -3.57829],
							[119.87941, -3.57662],
							[119.8875, -3.57744],
							[119.89108, -3.57598],
							[119.89248, -3.57487],
							[119.89112, -3.57339],
							[119.89184, -3.57255],
							[119.89198, -3.57128],
							[119.89083, -3.5706],
							[119.88864, -3.57129],
							[119.88719, -3.56885],
							[119.88484, -3.56694],
							[119.88433, -3.5654],
							[119.88371, -3.5648],
							[119.88345, -3.56017],
							[119.88304, -3.55885],
							[119.88216, -3.5583],
							[119.88083, -3.55866],
							[119.88021, -3.55789],
							[119.88184, -3.55642],
							[119.88183, -3.55599],
							[119.88072, -3.55489],
							[119.88064, -3.55356],
							[119.87871, -3.55405],
							[119.87805, -3.55395],
							[119.8774, -3.55315],
							[119.87734, -3.55181],
							[119.87843, -3.55146],
							[119.87859, -3.55108],
							[119.87679, -3.54927],
							[119.87651, -3.54863],
							[119.8769, -3.54714],
							[119.8758, -3.54579],
							[119.87614, -3.54384],
							[119.87656, -3.54312],
							[119.87517, -3.54204],
							[119.87512, -3.54163],
							[119.87589, -3.54016],
							[119.87719, -3.53889],
							[119.87796, -3.53505],
							[119.88158, -3.53193],
							[119.88196, -3.53119],
							[119.88435, -3.52985],
							[119.88576, -3.52861],
							[119.88607, -3.52702],
							[119.88664, -3.52624],
							[119.88687, -3.52317],
							[119.88747, -3.5216],
							[119.88733, -3.52018],
							[119.88631, -3.51959],
							[119.88538, -3.51969],
							[119.8848, -3.51902],
							[119.88401, -3.51886],
							[119.88387, -3.51764],
							[119.88331, -3.51652],
							[119.8817, -3.51472],
							[119.88104, -3.5146],
							[119.88034, -3.51543],
							[119.87946, -3.51535],
							[119.87888, -3.51488],
							[119.87827, -3.51363],
							[119.87776, -3.51328],
							[119.87736, -3.51344],
							[119.8772, -3.5127],
							[119.8768, -3.51257],
							[119.87642, -3.51185],
							[119.8741, -3.51273],
							[119.87194, -3.51089],
							[119.87077, -3.50581],
							[119.86886, -3.50171],
							[119.86834, -3.50138],
							[119.86861, -3.49868],
							[119.87008, -3.49721],
							[119.87171, -3.4962],
							[119.87294, -3.49378],
							[119.87586, -3.49023],
							[119.8756, -3.48855],
							[119.87597, -3.48811],
							[119.87562, -3.48513],
							[119.87141, -3.48049],
							[119.86276, -3.48008],
							[119.86228, -3.47973],
							[119.86173, -3.4798],
							[119.8597, -3.48193],
							[119.85269, -3.48255],
							[119.8515, -3.48296],
							[119.84919, -3.48193],
							[119.84537, -3.47613],
							[119.84247, -3.47313],
							[119.84181, -3.47125],
							[119.83848, -3.4693],
							[119.83601, -3.46844],
							[119.83488, -3.46521],
							[119.83354, -3.46446],
							[119.83228, -3.46244],
							[119.82992, -3.45981],
							[119.82473, -3.4603],
							[119.82031, -3.46172],
							[119.80958, -3.46632],
							[119.80432, -3.46797],
							[119.80371, -3.46978],
							[119.80332, -3.47005],
							[119.80214, -3.47003],
							[119.8021, -3.47063],
							[119.80303, -3.47224],
							[119.80358, -3.47483],
							[119.8053, -3.47502],
							[119.8054, -3.4754],
							[119.80451, -3.47705],
							[119.80298, -3.47747],
							[119.8037, -3.48004],
							[119.80379, -3.48331],
							[119.8053, -3.48485],
							[119.80571, -3.48602],
							[119.80533, -3.48679],
							[119.80335, -3.48733],
							[119.80297, -3.48784],
							[119.80277, -3.49043],
							[119.80236, -3.49177],
							[119.80102, -3.49333],
							[119.79963, -3.49427],
							[119.79941, -3.4992],
							[119.79977, -3.50012],
							[119.80085, -3.50117],
							[119.79973, -3.50203],
							[119.79953, -3.50286],
							[119.80009, -3.5052],
							[119.79793, -3.50951],
							[119.79781, -3.51082],
							[119.79647, -3.51171],
							[119.79349, -3.5112],
							[119.79068, -3.51005],
							[119.78242, -3.5105],
							[119.78033, -3.50925],
							[119.78007, -3.50838],
							[119.77792, -3.50711],
							[119.77301, -3.50716],
							[119.7719, -3.50584],
							[119.7693, -3.50015],
							[119.76565, -3.49582],
							[119.76776, -3.49154],
							[119.76743, -3.48501],
							[119.76866, -3.4822],
							[119.76829, -3.47588],
							[119.76628, -3.46717],
							[119.76359, -3.46134],
							[119.75537, -3.45297],
							[119.75171, -3.4505],
							[119.75022, -3.44836],
							[119.74769, -3.44879],
							[119.74647, -3.4472],
							[119.74231, -3.43365],
							[119.74003, -3.43013],
							[119.73729, -3.42493],
							[119.73385, -3.4194],
							[119.72898, -3.41987],
							[119.72649, -3.41747],
							[119.7263, -3.41516],
							[119.72503, -3.41178],
							[119.72259, -3.40786],
							[119.72529, -3.40145],
							[119.7251, -3.3919],
							[119.72602, -3.38935],
							[119.72537, -3.38304],
							[119.72383, -3.38343],
							[119.72229, -3.3843],
							[119.72004, -3.3846],
							[119.71775, -3.38724],
							[119.7143, -3.38804],
							[119.70962, -3.38817],
							[119.70778, -3.38777],
							[119.70697, -3.38806],
							[119.70459, -3.38756],
							[119.70193, -3.38806],
							[119.69893, -3.38759],
							[119.69775, -3.38787],
							[119.69776, -3.38836],
							[119.69725, -3.38869],
							[119.69604, -3.38839],
							[119.69478, -3.3938],
							[119.69627, -3.40123],
							[119.69714, -3.40384],
							[119.69621, -3.40723],
							[119.69664, -3.41215],
							[119.69722, -3.4141],
							[119.69836, -3.41631],
							[119.69851, -3.41837],
							[119.69787, -3.42098],
							[119.69793, -3.42241],
							[119.6984, -3.424],
							[119.70106, -3.42359],
							[119.70175, -3.42419],
							[119.70162, -3.42468],
							[119.70091, -3.42477],
							[119.69926, -3.42678],
							[119.69851, -3.42627],
							[119.6977, -3.42704],
							[119.69688, -3.42629],
							[119.69609, -3.42638],
							[119.69499, -3.42719],
							[119.69332, -3.42608],
							[119.69194, -3.42743],
							[119.69083, -3.42783],
							[119.69102, -3.43085],
							[119.69411, -3.43841],
							[119.69531, -3.4425],
							[119.69495, -3.44529],
							[119.6942, -3.44687],
							[119.69319, -3.44782],
							[119.69222, -3.44807],
							[119.68943, -3.44679],
							[119.6878, -3.44666],
							[119.68715, -3.44537],
							[119.68602, -3.4445],
							[119.68561, -3.44488],
							[119.68859, -3.45206],
							[119.68913, -3.45649],
							[119.68848, -3.45818],
							[119.68996, -3.46152],
							[119.69132, -3.46155],
							[119.69198, -3.46225],
							[119.69391, -3.46292],
							[119.69453, -3.46343],
							[119.6943, -3.46418],
							[119.69473, -3.46472],
							[119.69574, -3.46476],
							[119.69604, -3.46577],
							[119.69685, -3.46632],
							[119.69831, -3.46669],
							[119.69898, -3.46919],
							[119.70086, -3.46983],
							[119.70095, -3.47061],
							[119.70164, -3.47103],
							[119.70419, -3.47069],
							[119.70625, -3.47296],
							[119.70449, -3.47538],
							[119.70183, -3.47611],
							[119.70181, -3.47686],
							[119.70237, -3.47735],
							[119.70239, -3.47806],
							[119.70013, -3.47999],
							[119.7014, -3.48249],
							[119.70144, -3.48412],
							[119.70084, -3.48558],
							[119.70005, -3.48598],
							[119.70112, -3.48868],
							[119.70159, -3.49082],
							[119.70202, -3.49969],
							[119.70266, -3.50288],
							[119.69889, -3.50472],
							[119.69481, -3.50764],
							[119.6946, -3.50916],
							[119.69661, -3.51119],
							[119.69848, -3.51425],
							[119.7003, -3.52085],
							[119.70414, -3.52588],
							[119.70695, -3.53119],
							[119.70657, -3.53522],
							[119.70893, -3.53751],
							[119.7129, -3.5403],
							[119.71507, -3.54257],
							[119.71867, -3.54756],
							[119.71904, -3.54893],
							[119.71803, -3.55897],
							[119.71719, -3.55955],
							[119.71749, -3.56274],
							[119.71916, -3.56835],
							[119.71931, -3.57371],
							[119.72018, -3.58206],
							[119.72928, -3.58016],
							[119.73394, -3.57793],
							[119.74077, -3.57587],
							[119.74614, -3.57711],
							[119.75539, -3.57706],
							[119.76115, -3.58021],
							[119.76348, -3.58206],
							[119.76825, -3.58479],
							[119.76947, -3.58626],
							[119.76956, -3.58793],
							[119.77007, -3.58912],
							[119.77397, -3.594],
							[119.77668, -3.59843],
							[119.77805, -3.60137],
							[119.77876, -3.60439],
							[119.78017, -3.60807],
							[119.78444, -3.61002],
							[119.79751, -3.60653],
							[119.80011, -3.60396],
							[119.80339, -3.60269],
							[119.8064, -3.60327],
							[119.80728, -3.60289]
						]
					],
					[
						[
							[119.7703524, -3.5652322],
							[119.7705842, -3.56517],
							[119.7706245, -3.5653198],
							[119.7703928, -3.565382],
							[119.7703524, -3.5652322]
						]
					]
				]
			}
		},
		{
			"type": "Feature",
			"properties": {
				"slug": "enrekang--maiwa",
				"nama": "Maiwa",
				"kabkota": "enrekang",
				"osm": "relation/18240584",
				"pusat": [-3.7120527797833938, 119.89410393501817]
			},
			"geometry": {
				"type": "MultiPolygon",
				"coordinates": [
					[
						[
							[119.77063, -3.71173],
							[119.77868, -3.71359],
							[119.78361, -3.7176],
							[119.79127, -3.72524],
							[119.79827, -3.73166],
							[119.80211, -3.73331],
							[119.80638, -3.74038],
							[119.80857, -3.74277],
							[119.81, -3.74305],
							[119.81494, -3.7495],
							[119.81887, -3.74935],
							[119.8206, -3.75211],
							[119.82116, -3.75759],
							[119.82204, -3.76183],
							[119.82185, -3.76498],
							[119.82294, -3.76665],
							[119.82327, -3.76915],
							[119.83095, -3.77069],
							[119.8349, -3.77243],
							[119.84002, -3.7775],
							[119.8447, -3.77994],
							[119.84427, -3.78577],
							[119.846, -3.78716],
							[119.8449, -3.78959],
							[119.84703, -3.79142],
							[119.84661, -3.79265],
							[119.848, -3.79261],
							[119.84874, -3.79314],
							[119.84887, -3.7943],
							[119.85018, -3.79646],
							[119.85009, -3.798],
							[119.851, -3.80041],
							[119.85247, -3.80097],
							[119.85305, -3.80182],
							[119.8549, -3.80261],
							[119.85598, -3.80379],
							[119.85744, -3.80432],
							[119.8587, -3.80523],
							[119.85949, -3.80378],
							[119.86066, -3.80512],
							[119.86093, -3.80663],
							[119.85911, -3.80676],
							[119.85807, -3.80749],
							[119.85905, -3.80881],
							[119.86008, -3.80893],
							[119.86086, -3.8084],
							[119.86108, -3.80902],
							[119.86054, -3.81128],
							[119.86089, -3.81215],
							[119.86324, -3.81227],
							[119.86544, -3.81307],
							[119.87057, -3.81577],
							[119.87296, -3.81661],
							[119.87541, -3.81802],
							[119.8791, -3.81883],
							[119.88133, -3.81874],
							[119.88633, -3.81699],
							[119.89148, -3.81575],
							[119.89474, -3.81639],
							[119.89663, -3.81812],
							[119.89768, -3.82037],
							[119.89723, -3.82333],
							[119.89995, -3.82624],
							[119.9074, -3.82252],
							[119.9079, -3.82038],
							[119.90928, -3.81804],
							[119.91207, -3.81704],
							[119.91789, -3.81293],
							[119.91973, -3.81394],
							[119.92445, -3.81745],
							[119.92653, -3.81788],
							[119.93228, -3.80788],
							[119.93543, -3.8052],
							[119.93728, -3.80308],
							[119.93844, -3.80295],
							[119.94423, -3.80959],
							[119.94857, -3.80623],
							[119.95462, -3.80304],
							[119.96099, -3.80276],
							[119.96039, -3.80156],
							[119.95936, -3.80051],
							[119.95947, -3.79953],
							[119.96374, -3.79488],
							[119.96498, -3.79495],
							[119.96657, -3.79632],
							[119.96788, -3.79653],
							[119.96878, -3.79597],
							[119.96863, -3.79493],
							[119.9676, -3.79443],
							[119.96698, -3.79178],
							[119.96713, -3.79077],
							[119.96923, -3.78936],
							[119.96949, -3.78839],
							[119.96837, -3.78735],
							[119.96638, -3.7869],
							[119.96444, -3.78264],
							[119.96223, -3.78039],
							[119.95977, -3.7793],
							[119.95741, -3.77867],
							[119.95614, -3.77923],
							[119.95427, -3.78075],
							[119.95288, -3.78049],
							[119.9493, -3.77842],
							[119.94837, -3.77713],
							[119.94835, -3.77551],
							[119.94784, -3.77409],
							[119.94621, -3.77261],
							[119.94533, -3.76996],
							[119.94528, -3.76917],
							[119.94784, -3.76733],
							[119.94773, -3.76647],
							[119.94515, -3.76626],
							[119.9403, -3.76155],
							[119.94011, -3.75898],
							[119.94056, -3.7585],
							[119.94301, -3.75829],
							[119.94389, -3.75756],
							[119.9444, -3.75645],
							[119.94441, -3.75559],
							[119.94171, -3.75448],
							[119.94067, -3.75304],
							[119.94065, -3.74954],
							[119.94129, -3.74251],
							[119.94065, -3.74085],
							[119.9402, -3.73699],
							[119.93971, -3.73626],
							[119.93837, -3.73586],
							[119.9381, -3.735],
							[119.93878, -3.73392],
							[119.93919, -3.7324],
							[119.9386, -3.72959],
							[119.93782, -3.72841],
							[119.93782, -3.72776],
							[119.93859, -3.72735],
							[119.93889, -3.72675],
							[119.93725, -3.72547],
							[119.93698, -3.72466],
							[119.93833, -3.72359],
							[119.93839, -3.71982],
							[119.93792, -3.7195],
							[119.93493, -3.72049],
							[119.93179, -3.71968],
							[119.93166, -3.71911],
							[119.93478, -3.71715],
							[119.93515, -3.71483],
							[119.93688, -3.71109],
							[119.93701, -3.70861],
							[119.93629, -3.70851],
							[119.93398, -3.70958],
							[119.9334, -3.70955],
							[119.93272, -3.70906],
							[119.932, -3.70679],
							[119.93231, -3.70436],
							[119.93107, -3.70275],
							[119.93021, -3.70212],
							[119.92548, -3.70082],
							[119.92493, -3.7002],
							[119.9239, -3.69844],
							[119.92268, -3.69514],
							[119.92188, -3.69431],
							[119.92174, -3.69347],
							[119.92371, -3.69055],
							[119.92278, -3.6866],
							[119.92286, -3.68552],
							[119.9252, -3.68247],
							[119.92595, -3.68208],
							[119.92679, -3.67975],
							[119.9274, -3.67918],
							[119.93412, -3.6786],
							[119.94002, -3.67531],
							[119.94085, -3.67278],
							[119.94259, -3.67147],
							[119.94607, -3.67092],
							[119.95283, -3.66364],
							[119.95504, -3.65916],
							[119.96699, -3.66295],
							[119.97453, -3.66657],
							[119.98015, -3.66875],
							[119.98432, -3.66139],
							[119.98955, -3.66152],
							[119.98185, -3.65068],
							[119.98099, -3.64761],
							[119.98056, -3.6432],
							[119.97537, -3.63961],
							[119.97395, -3.63704],
							[119.97103, -3.63671],
							[119.96696, -3.63404],
							[119.96745, -3.63029],
							[119.96758, -3.62391],
							[119.95404, -3.61491],
							[119.94887, -3.6101],
							[119.9408, -3.60384],
							[119.93445, -3.60157],
							[119.93335, -3.59952],
							[119.93147, -3.59705],
							[119.92994, -3.59121],
							[119.92449, -3.58907],
							[119.92415, -3.58637],
							[119.92239, -3.58575],
							[119.91947, -3.58663],
							[119.91681, -3.58637],
							[119.91055, -3.5877],
							[119.90369, -3.58655],
							[119.90096, -3.58923],
							[119.90007, -3.58782],
							[119.89909, -3.5879],
							[119.89873, -3.58726],
							[119.89988, -3.58535],
							[119.8994, -3.58276],
							[119.89829, -3.58083],
							[119.89716, -3.5802],
							[119.89545, -3.58035],
							[119.89428, -3.57954],
							[119.89437, -3.57871],
							[119.8954, -3.57782],
							[119.89368, -3.57547],
							[119.89248, -3.57487],
							[119.89108, -3.57598],
							[119.8875, -3.57744],
							[119.87941, -3.57662],
							[119.87679, -3.57829],
							[119.87248, -3.5768],
							[119.87074, -3.57549],
							[119.86903, -3.57534],
							[119.86748, -3.576],
							[119.86587, -3.5772],
							[119.86538, -3.57665],
							[119.86405, -3.57701],
							[119.86098, -3.59161],
							[119.85428, -3.59423],
							[119.84896, -3.59296],
							[119.84652, -3.58982],
							[119.84446, -3.58622],
							[119.84025, -3.58478],
							[119.83375, -3.58132],
							[119.83097, -3.58327],
							[119.82552, -3.58866],
							[119.8205, -3.59199],
							[119.81913, -3.59321],
							[119.81863, -3.59452],
							[119.81739, -3.59503],
							[119.81692, -3.59617],
							[119.81395, -3.59707],
							[119.80728, -3.60289],
							[119.8134, -3.61728],
							[119.81825, -3.62662],
							[119.82237, -3.63116],
							[119.82417, -3.63379],
							[119.82711, -3.64231],
							[119.82756, -3.64606],
							[119.82668, -3.65035],
							[119.8214, -3.65379],
							[119.81932, -3.65844],
							[119.81492, -3.66],
							[119.81138, -3.66713],
							[119.81273, -3.67191],
							[119.81423, -3.67448],
							[119.81277, -3.67808],
							[119.81348, -3.68137],
							[119.81245, -3.6827],
							[119.81265, -3.68566],
							[119.81204, -3.69058],
							[119.81245, -3.693],
							[119.81333, -3.69429],
							[119.81295, -3.69771],
							[119.81361, -3.69885],
							[119.81355, -3.7015],
							[119.81033, -3.70313],
							[119.80842, -3.70232],
							[119.80556, -3.70354],
							[119.80039, -3.70326],
							[119.79872, -3.70396],
							[119.7914, -3.703],
							[119.78728, -3.70459],
							[119.7869, -3.70538],
							[119.78503, -3.70664],
							[119.77063, -3.71173]
						]
					],
					[
						[
							[119.8657074, -3.7495558],
							[119.8654779, -3.7494867],
							[119.8655241, -3.7493339],
							[119.8657536, -3.749403],
							[119.8657074, -3.7495558]
						]
					]
				]
			}
		},
		{
			"type": "Feature",
			"properties": {
				"slug": "enrekang--malua",
				"nama": "Malua",
				"kabkota": "enrekang",
				"osm": "relation/18240984",
				"pusat": [-3.3814911486486485, 119.8612916216216]
			},
			"geometry": {
				"type": "MultiPolygon",
				"coordinates": [
					[
						[
							[119.83083, -3.42317],
							[119.83316, -3.42331],
							[119.83908, -3.42493],
							[119.84071, -3.42635],
							[119.84412, -3.42718],
							[119.84533, -3.42805],
							[119.84642, -3.42956],
							[119.84641, -3.42998],
							[119.84801, -3.43191],
							[119.8477, -3.43494],
							[119.84718, -3.43548],
							[119.84731, -3.43674],
							[119.84573, -3.43756],
							[119.84424, -3.43896],
							[119.84354, -3.4402],
							[119.84304, -3.44019],
							[119.8424, -3.44073],
							[119.84246, -3.44177],
							[119.84169, -3.44331],
							[119.84152, -3.44446],
							[119.84092, -3.44469],
							[119.8402, -3.44578],
							[119.83856, -3.44659],
							[119.83768, -3.44767],
							[119.83653, -3.44804],
							[119.83651, -3.44731],
							[119.83502, -3.44673],
							[119.83445, -3.44575],
							[119.83396, -3.44123],
							[119.83404, -3.43851],
							[119.83336, -3.43748],
							[119.83316, -3.43487],
							[119.83198, -3.43455],
							[119.83065, -3.4329],
							[119.83183, -3.42707],
							[119.83095, -3.42564],
							[119.83083, -3.42317]
						]
					],
					[
						[
							[119.83204, -3.40861],
							[119.83456, -3.40756],
							[119.83769, -3.40731],
							[119.83783, -3.40619],
							[119.83754, -3.40561],
							[119.83803, -3.40482],
							[119.84151, -3.40478],
							[119.84195, -3.40419],
							[119.842, -3.40347],
							[119.84114, -3.39975],
							[119.84142, -3.39788],
							[119.84194, -3.39654],
							[119.84438, -3.3946],
							[119.84691, -3.39871],
							[119.84729, -3.3989],
							[119.84854, -3.3989],
							[119.85006, -3.39981],
							[119.85355, -3.39892],
							[119.85584, -3.40476],
							[119.85773, -3.40408],
							[119.85864, -3.40439],
							[119.86147, -3.40375],
							[119.86384, -3.40402],
							[119.86519, -3.40381],
							[119.8672, -3.40418],
							[119.86713, -3.40148],
							[119.86747, -3.40077],
							[119.86661, -3.40055],
							[119.86623, -3.39997],
							[119.86724, -3.39841],
							[119.87092, -3.3976],
							[119.87024, -3.39621],
							[119.86873, -3.39463],
							[119.86861, -3.38859],
							[119.87063, -3.38449],
							[119.87303, -3.38489],
							[119.87369, -3.38446],
							[119.87403, -3.3837],
							[119.87391, -3.37925],
							[119.876, -3.3785],
							[119.87987, -3.37918],
							[119.8826, -3.38017],
							[119.88371, -3.38009],
							[119.88446, -3.38065],
							[119.88486, -3.38032],
							[119.88491, -3.37963],
							[119.88659, -3.37928],
							[119.8881, -3.37806],
							[119.89103, -3.37691],
							[119.89822, -3.37769],
							[119.89999, -3.37561],
							[119.90059, -3.37309],
							[119.9001, -3.37251],
							[119.90089, -3.37184],
							[119.90086, -3.37083],
							[119.90177, -3.37078],
							[119.9016, -3.36994],
							[119.902, -3.36982],
							[119.90229, -3.37034],
							[119.90286, -3.37031],
							[119.903, -3.36974],
							[119.90355, -3.36959],
							[119.90293, -3.36899],
							[119.90371, -3.3673],
							[119.90416, -3.36751],
							[119.90452, -3.36684],
							[119.90524, -3.36704],
							[119.90865, -3.36472],
							[119.91108, -3.36489],
							[119.9122, -3.36449],
							[119.91471, -3.36526],
							[119.91853, -3.36429],
							[119.92226, -3.36457],
							[119.91801, -3.35752],
							[119.91372, -3.35605],
							[119.90432, -3.34876],
							[119.89842, -3.34735],
							[119.89584, -3.34752],
							[119.89338, -3.34649],
							[119.89303, -3.34403],
							[119.88962, -3.34279],
							[119.88621, -3.34238],
							[119.88509, -3.34043],
							[119.88254, -3.33876],
							[119.88004, -3.33858],
							[119.87949, -3.33922],
							[119.87858, -3.33958],
							[119.87855, -3.34043],
							[119.87597, -3.34202],
							[119.87237, -3.35039],
							[119.87078, -3.35133],
							[119.86982, -3.35333],
							[119.86748, -3.35423],
							[119.86651, -3.3553],
							[119.86458, -3.35643],
							[119.86132, -3.35583],
							[119.85952, -3.35611],
							[119.85748, -3.3575],
							[119.85576, -3.35922],
							[119.85377, -3.36211],
							[119.85246, -3.36331],
							[119.85156, -3.36309],
							[119.84992, -3.36402],
							[119.84902, -3.3665],
							[119.84443, -3.36723],
							[119.84351, -3.36806],
							[119.84117, -3.36768],
							[119.83932, -3.36864],
							[119.83737, -3.37031],
							[119.83705, -3.37228],
							[119.83016, -3.3753],
							[119.82919, -3.37798],
							[119.82834, -3.37834],
							[119.82853, -3.3795],
							[119.82703, -3.3819],
							[119.82801, -3.38372],
							[119.82853, -3.38562],
							[119.82831, -3.38856],
							[119.82771, -3.38976],
							[119.82949, -3.39201],
							[119.82909, -3.39363],
							[119.83001, -3.39457],
							[119.82974, -3.39617],
							[119.8306, -3.39844],
							[119.83041, -3.3991],
							[119.82786, -3.39968],
							[119.82689, -3.39932],
							[119.82595, -3.39943],
							[119.82038, -3.4021],
							[119.81766, -3.40223],
							[119.8174, -3.40249],
							[119.81694, -3.40223],
							[119.81627, -3.40238],
							[119.81591, -3.40299],
							[119.8167, -3.40417],
							[119.81608, -3.40597],
							[119.81632, -3.40685],
							[119.81859, -3.40802],
							[119.8185, -3.40971],
							[119.81929, -3.41138],
							[119.82227, -3.41098],
							[119.82383, -3.41188],
							[119.82514, -3.41115],
							[119.82541, -3.41017],
							[119.82705, -3.41027],
							[119.8275, -3.40932],
							[119.82942, -3.40863],
							[119.83204, -3.40861]
						]
					],
					[
						[
							[119.86661, -3.38321],
							[119.86689, -3.38322],
							[119.86689, -3.38333],
							[119.86681, -3.38333],
							[119.86681, -3.38338],
							[119.86669, -3.38338],
							[119.86669, -3.38333],
							[119.86661, -3.38332],
							[119.86661, -3.38321]
						]
					]
				]
			}
		},
		{
			"type": "Feature",
			"properties": {
				"slug": "enrekang--masalle",
				"nama": "Masalle",
				"kabkota": "enrekang",
				"osm": "relation/18240988",
				"pusat": [-3.3321437647058807, 119.74895988235296]
			},
			"geometry": {
				"type": "MultiPolygon",
				"coordinates": [
					[
						[
							[119.7596, -3.27617],
							[119.75223, -3.2794],
							[119.7415, -3.28182],
							[119.73734, -3.28415],
							[119.72789, -3.28681],
							[119.7253, -3.28852],
							[119.72356, -3.28895],
							[119.72066, -3.28839],
							[119.72011, -3.28959],
							[119.71996, -3.29214],
							[119.71847, -3.29289],
							[119.71817, -3.29452],
							[119.71729, -3.29596],
							[119.71551, -3.3009],
							[119.71418, -3.30684],
							[119.71313, -3.30894],
							[119.71281, -3.31086],
							[119.71652, -3.31646],
							[119.71785, -3.32119],
							[119.72197, -3.32419],
							[119.72315, -3.32879],
							[119.72272, -3.33308],
							[119.71833, -3.33834],
							[119.71804, -3.34006],
							[119.71695, -3.34223],
							[119.7184, -3.34592],
							[119.72074, -3.34944],
							[119.72147, -3.35006],
							[119.72159, -3.35237],
							[119.72078, -3.35891],
							[119.71939, -3.36296],
							[119.72023, -3.36457],
							[119.71975, -3.36643],
							[119.72164, -3.37065],
							[119.72173, -3.37478],
							[119.72293, -3.37665],
							[119.72229, -3.37937],
							[119.72521, -3.38196],
							[119.72537, -3.38304],
							[119.7342, -3.38402],
							[119.74025, -3.38303],
							[119.743, -3.38106],
							[119.74821, -3.37982],
							[119.75075, -3.37879],
							[119.75407, -3.37496],
							[119.75568, -3.37356],
							[119.75639, -3.37243],
							[119.7572, -3.37213],
							[119.75806, -3.3711],
							[119.75819, -3.37005],
							[119.75935, -3.36855],
							[119.76126, -3.36853],
							[119.76188, -3.36635],
							[119.76377, -3.36423],
							[119.76551, -3.36313],
							[119.76437, -3.35908],
							[119.7648, -3.35654],
							[119.76868, -3.35324],
							[119.77233, -3.35073],
							[119.77478, -3.34949],
							[119.77501, -3.34732],
							[119.78334, -3.34653],
							[119.78656, -3.3449],
							[119.78913, -3.34274],
							[119.78873, -3.33917],
							[119.78531, -3.33455],
							[119.78589, -3.33255],
							[119.78516, -3.32561],
							[119.7836, -3.32418],
							[119.78308, -3.32214],
							[119.78609, -3.31816],
							[119.78953, -3.31162],
							[119.78629, -3.30541],
							[119.79094, -3.29928],
							[119.79219, -3.2942],
							[119.78987, -3.2942],
							[119.78843, -3.2951],
							[119.78526, -3.29519],
							[119.78112, -3.2922],
							[119.77904, -3.28896],
							[119.77721, -3.2889],
							[119.77275, -3.28617],
							[119.76702, -3.28112],
							[119.76295, -3.27673],
							[119.7596, -3.27617]
						]
					],
					[
						[
							[119.74944, -3.33504],
							[119.74952, -3.335],
							[119.74956, -3.33508],
							[119.74934, -3.33521],
							[119.74929, -3.33513],
							[119.74937, -3.33508],
							[119.74935, -3.33506],
							[119.74937, -3.33505],
							[119.74936, -3.33502],
							[119.74941, -3.33499],
							[119.74944, -3.33504]
						]
					]
				]
			}
		},
		{
			"type": "Feature",
			"properties": {
				"slug": "gowa--bajeng",
				"nama": "Bajeng",
				"kabkota": "gowa",
				"osm": "relation/13138452",
				"pusat": [-5.285147142857142, 119.45366937499992]
			},
			"geometry": {
				"type": "Polygon",
				"coordinates": [
					[
						[119.41463, -5.26515],
						[119.41622, -5.26195],
						[119.41666, -5.25992],
						[119.41708, -5.25955],
						[119.41871, -5.26042],
						[119.42127, -5.25812],
						[119.42369, -5.26037],
						[119.42727, -5.26204],
						[119.42819, -5.25825],
						[119.42755, -5.25579],
						[119.42786, -5.25457],
						[119.42748, -5.25438],
						[119.42765, -5.25408],
						[119.42726, -5.25232],
						[119.42755, -5.25124],
						[119.4303, -5.24742],
						[119.42883, -5.24689],
						[119.42739, -5.24529],
						[119.42654, -5.24603],
						[119.42466, -5.24414],
						[119.42328, -5.24563],
						[119.42242, -5.24499],
						[119.42183, -5.244],
						[119.42373, -5.24121],
						[119.42462, -5.24169],
						[119.42736, -5.23439],
						[119.42874, -5.23414],
						[119.43346, -5.22734],
						[119.43452, -5.22902],
						[119.43772, -5.23201],
						[119.43788, -5.23357],
						[119.43741, -5.23431],
						[119.43704, -5.23436],
						[119.43673, -5.23521],
						[119.43594, -5.23535],
						[119.43586, -5.23591],
						[119.43507, -5.23635],
						[119.43637, -5.23788],
						[119.43668, -5.23993],
						[119.43716, -5.24017],
						[119.43755, -5.24222],
						[119.43469, -5.2475],
						[119.43477, -5.24816],
						[119.43531, -5.24859],
						[119.43514, -5.24959],
						[119.43578, -5.24985],
						[119.43561, -5.2505],
						[119.43206, -5.25523],
						[119.43596, -5.25677],
						[119.43882, -5.25832],
						[119.43919, -5.25894],
						[119.44046, -5.25865],
						[119.44115, -5.26052],
						[119.44236, -5.26067],
						[119.44198, -5.26162],
						[119.44258, -5.2622],
						[119.44201, -5.26341],
						[119.44236, -5.26426],
						[119.44328, -5.26505],
						[119.44333, -5.26567],
						[119.44297, -5.26614],
						[119.44329, -5.26718],
						[119.44428, -5.26804],
						[119.44382, -5.26863],
						[119.44454, -5.26993],
						[119.44437, -5.27214],
						[119.445, -5.27204],
						[119.44493, -5.27254],
						[119.44541, -5.27226],
						[119.44659, -5.27228],
						[119.44614, -5.27308],
						[119.4467, -5.27339],
						[119.44683, -5.27393],
						[119.44737, -5.27375],
						[119.44779, -5.27441],
						[119.44809, -5.2744],
						[119.44835, -5.27529],
						[119.44936, -5.27498],
						[119.44932, -5.27573],
						[119.44999, -5.2766],
						[119.4499, -5.27701],
						[119.45214, -5.27767],
						[119.45227, -5.27807],
						[119.45311, -5.2784],
						[119.45443, -5.27969],
						[119.4552, -5.28007],
						[119.45815, -5.28031],
						[119.45844, -5.28133],
						[119.45742, -5.28371],
						[119.45816, -5.28487],
						[119.45963, -5.2858],
						[119.46121, -5.28544],
						[119.46449, -5.28599],
						[119.47095, -5.28918],
						[119.4722, -5.28926],
						[119.47269, -5.28895],
						[119.47326, -5.28715],
						[119.47422, -5.28695],
						[119.47469, -5.28497],
						[119.48543, -5.28795],
						[119.48552, -5.2884],
						[119.4892, -5.28956],
						[119.48925, -5.28882],
						[119.49258, -5.28774],
						[119.49365, -5.28816],
						[119.49439, -5.28887],
						[119.4977, -5.2886],
						[119.49924, -5.28793],
						[119.50028, -5.28688],
						[119.50131, -5.2876],
						[119.50191, -5.28896],
						[119.50265, -5.28953],
						[119.50372, -5.29003],
						[119.50868, -5.29121],
						[119.51093, -5.29223],
						[119.51503, -5.29508],
						[119.51895, -5.29657],
						[119.52213, -5.29311],
						[119.52744, -5.29607],
						[119.52869, -5.29753],
						[119.52926, -5.29879],
						[119.52161, -5.30119],
						[119.51893, -5.30375],
						[119.51155, -5.30966],
						[119.50241, -5.31243],
						[119.50278, -5.31349],
						[119.50361, -5.31414],
						[119.5053, -5.31639],
						[119.50547, -5.31814],
						[119.50534, -5.32012],
						[119.50282, -5.32334],
						[119.50041, -5.32337],
						[119.49947, -5.32298],
						[119.49766, -5.32154],
						[119.49668, -5.32017],
						[119.49582, -5.32008],
						[119.49376, -5.32114],
						[119.49148, -5.32128],
						[119.49096, -5.32055],
						[119.49101, -5.31988],
						[119.49241, -5.31806],
						[119.49234, -5.31616],
						[119.4888, -5.31406],
						[119.48848, -5.31432],
						[119.48828, -5.31567],
						[119.48747, -5.31565],
						[119.48693, -5.31607],
						[119.48594, -5.31592],
						[119.48449, -5.3151],
						[119.48307, -5.31176],
						[119.48236, -5.31136],
						[119.48174, -5.31166],
						[119.47977, -5.31176],
						[119.47902, -5.3123],
						[119.47875, -5.31345],
						[119.47816, -5.31411],
						[119.47296, -5.31427],
						[119.47077, -5.31517],
						[119.46964, -5.31398],
						[119.4695, -5.31343],
						[119.46784, -5.31246],
						[119.4658, -5.31223],
						[119.46444, -5.31267],
						[119.46336, -5.31328],
						[119.46436, -5.31395],
						[119.46647, -5.31691],
						[119.46706, -5.31871],
						[119.46686, -5.31966],
						[119.46444, -5.3217],
						[119.46138, -5.32232],
						[119.45925, -5.32036],
						[119.45797, -5.32023],
						[119.45663, -5.32059],
						[119.4554, -5.32245],
						[119.45515, -5.32379],
						[119.45543, -5.32416],
						[119.4554, -5.32617],
						[119.45501, -5.32637],
						[119.44293, -5.3244],
						[119.43958, -5.32272],
						[119.43278, -5.32195],
						[119.42982, -5.323],
						[119.42794, -5.32272],
						[119.42624, -5.32143],
						[119.42589, -5.3202],
						[119.42426, -5.3173],
						[119.42397, -5.31569],
						[119.42469, -5.31462],
						[119.42528, -5.30941],
						[119.42605, -5.30759],
						[119.42141, -5.30629],
						[119.41959, -5.30543],
						[119.41978, -5.30388],
						[119.41747, -5.30287],
						[119.41681, -5.29807],
						[119.41719, -5.29696],
						[119.41864, -5.29541],
						[119.42015, -5.29482],
						[119.42194, -5.29568],
						[119.4245, -5.29638],
						[119.4266, -5.29413],
						[119.42718, -5.29388],
						[119.4282, -5.29196],
						[119.42977, -5.29084],
						[119.4305, -5.28898],
						[119.42998, -5.28866],
						[119.42934, -5.28718],
						[119.42792, -5.2871],
						[119.42768, -5.2874],
						[119.42604, -5.28713],
						[119.42387, -5.28812],
						[119.42293, -5.28955],
						[119.42101, -5.28954],
						[119.41784, -5.28817],
						[119.41638, -5.28682],
						[119.41313, -5.2822],
						[119.41155, -5.28192],
						[119.40988, -5.27939],
						[119.409, -5.27708],
						[119.41126, -5.27518],
						[119.41121, -5.27274],
						[119.41405, -5.26711],
						[119.41424, -5.26572],
						[119.41463, -5.26515]
					]
				]
			}
		},
		{
			"type": "Feature",
			"properties": {
				"slug": "gowa--bajeng-barat",
				"nama": "Bajeng Barat",
				"kabkota": "gowa",
				"osm": "relation/13138453",
				"pusat": [-5.298204871794872, 119.40830820512824]
			},
			"geometry": {
				"type": "Polygon",
				"coordinates": [
					[
						[119.42587, -5.29503],
						[119.42718, -5.29388],
						[119.4282, -5.29196],
						[119.42977, -5.29084],
						[119.43047, -5.2895],
						[119.43045, -5.28883],
						[119.42998, -5.28866],
						[119.42939, -5.28722],
						[119.42792, -5.2871],
						[119.42768, -5.2874],
						[119.42588, -5.28718],
						[119.42446, -5.28807],
						[119.42387, -5.28812],
						[119.42312, -5.28938],
						[119.42238, -5.2897],
						[119.42101, -5.28954],
						[119.41804, -5.28828],
						[119.41638, -5.28682],
						[119.41313, -5.2822],
						[119.41155, -5.28192],
						[119.40988, -5.27939],
						[119.409, -5.27708],
						[119.40701, -5.27719],
						[119.39767, -5.27989],
						[119.39535, -5.28023],
						[119.39454, -5.28137],
						[119.39396, -5.2818],
						[119.39321, -5.28175],
						[119.39191, -5.28295],
						[119.38762, -5.2815],
						[119.38394, -5.27966],
						[119.38264, -5.28083],
						[119.38198, -5.28229],
						[119.38021, -5.28388],
						[119.37801, -5.28796],
						[119.37641, -5.28975],
						[119.37597, -5.29071],
						[119.37641, -5.29093],
						[119.37655, -5.29292],
						[119.3776, -5.29606],
						[119.37963, -5.2981],
						[119.38161, -5.30123],
						[119.38414, -5.30346],
						[119.38669, -5.30418],
						[119.3873, -5.30418],
						[119.38911, -5.30334],
						[119.3895, -5.30358],
						[119.39191, -5.30834],
						[119.39451, -5.31065],
						[119.39729, -5.32559],
						[119.39752, -5.32823],
						[119.40051, -5.32853],
						[119.40646, -5.33036],
						[119.40729, -5.32818],
						[119.40966, -5.32788],
						[119.41529, -5.32459],
						[119.41755, -5.32316],
						[119.41916, -5.32155],
						[119.42049, -5.32099],
						[119.42084, -5.31986],
						[119.42179, -5.31921],
						[119.42559, -5.31959],
						[119.42426, -5.3173],
						[119.42397, -5.31569],
						[119.42469, -5.31462],
						[119.42528, -5.30941],
						[119.42605, -5.30759],
						[119.42141, -5.30629],
						[119.41959, -5.30543],
						[119.41978, -5.30388],
						[119.41747, -5.30287],
						[119.41681, -5.29807],
						[119.41719, -5.29696],
						[119.41864, -5.29541],
						[119.42015, -5.29482],
						[119.42194, -5.29568],
						[119.4245, -5.29638],
						[119.42587, -5.29503]
					]
				]
			}
		},
		{
			"type": "Feature",
			"properties": {
				"slug": "gowa--barombong",
				"nama": "Barombong",
				"kabkota": "gowa",
				"osm": "relation/13138296",
				"pusat": [-5.227905147058823, 119.41283742647059]
			},
			"geometry": {
				"type": "Polygon",
				"coordinates": [
					[
						[119.42507, -5.22121],
						[119.42552, -5.22051],
						[119.42526, -5.2192],
						[119.42403, -5.21867],
						[119.42374, -5.21735],
						[119.42686, -5.21314],
						[119.42729, -5.21343],
						[119.42774, -5.2126],
						[119.4275, -5.21228],
						[119.42784, -5.21143],
						[119.42935, -5.21197],
						[119.4292, -5.21068],
						[119.42727, -5.20844],
						[119.42677, -5.20823],
						[119.42709, -5.20764],
						[119.42583, -5.20685],
						[119.42808, -5.20383],
						[119.42856, -5.20266],
						[119.42831, -5.20216],
						[119.42721, -5.20169],
						[119.42683, -5.20106],
						[119.42653, -5.19819],
						[119.4276, -5.19842],
						[119.42801, -5.19604],
						[119.42782, -5.19474],
						[119.42671, -5.19275],
						[119.42157, -5.19516],
						[119.41847, -5.19534],
						[119.41631, -5.19282],
						[119.41525, -5.19264],
						[119.41303, -5.19099],
						[119.41034, -5.1859],
						[119.40883, -5.18678],
						[119.40727, -5.18604],
						[119.40394, -5.18605],
						[119.40088, -5.18714],
						[119.39731, -5.18627],
						[119.39679, -5.18658],
						[119.39653, -5.18719],
						[119.39737, -5.18868],
						[119.39626, -5.19226],
						[119.39574, -5.19268],
						[119.3906, -5.19324],
						[119.39089, -5.19691],
						[119.39354, -5.19882],
						[119.39508, -5.19887],
						[119.39581, -5.19856],
						[119.39617, -5.198],
						[119.39682, -5.19798],
						[119.39706, -5.19844],
						[119.39677, -5.19932],
						[119.39757, -5.20006],
						[119.40028, -5.19916],
						[119.40146, -5.19953],
						[119.40228, -5.19929],
						[119.40497, -5.20045],
						[119.4075, -5.20315],
						[119.40985, -5.20328],
						[119.41083, -5.20502],
						[119.4113, -5.20789],
						[119.41069, -5.21012],
						[119.41034, -5.21044],
						[119.40791, -5.21026],
						[119.40725, -5.21243],
						[119.40724, -5.21393],
						[119.40514, -5.21828],
						[119.40364, -5.22015],
						[119.40675, -5.22614],
						[119.40632, -5.23359],
						[119.40765, -5.23453],
						[119.40771, -5.23485],
						[119.4083, -5.23495],
						[119.40892, -5.23458],
						[119.4105, -5.23494],
						[119.41168, -5.23578],
						[119.41157, -5.23695],
						[119.41243, -5.23786],
						[119.41388, -5.23846],
						[119.41528, -5.2386],
						[119.41637, -5.23931],
						[119.41551, -5.24728],
						[119.41583, -5.24784],
						[119.41527, -5.25008],
						[119.41395, -5.25191],
						[119.4068, -5.2467],
						[119.39964, -5.25624],
						[119.39755, -5.26046],
						[119.39033, -5.2656],
						[119.38566, -5.27085],
						[119.38535, -5.27142],
						[119.38556, -5.27296],
						[119.3843, -5.27935],
						[119.38394, -5.27966],
						[119.38762, -5.2815],
						[119.39191, -5.28295],
						[119.39321, -5.28175],
						[119.39396, -5.2818],
						[119.39454, -5.28137],
						[119.39535, -5.28023],
						[119.39767, -5.27989],
						[119.40701, -5.27719],
						[119.409, -5.27708],
						[119.41126, -5.27518],
						[119.41121, -5.27274],
						[119.41405, -5.26711],
						[119.41424, -5.26572],
						[119.41622, -5.26195],
						[119.41666, -5.25992],
						[119.41708, -5.25955],
						[119.41871, -5.26042],
						[119.42127, -5.25812],
						[119.42261, -5.2536],
						[119.42438, -5.25466],
						[119.42652, -5.25494],
						[119.42758, -5.25544],
						[119.42786, -5.25457],
						[119.42748, -5.25438],
						[119.42765, -5.25408],
						[119.42726, -5.25232],
						[119.42755, -5.25124],
						[119.4303, -5.24742],
						[119.42883, -5.24689],
						[119.42739, -5.24529],
						[119.42654, -5.24603],
						[119.42466, -5.24414],
						[119.42328, -5.24563],
						[119.42242, -5.24499],
						[119.42183, -5.244],
						[119.42373, -5.24121],
						[119.42462, -5.24169],
						[119.42736, -5.23439],
						[119.42874, -5.23414],
						[119.43346, -5.22734],
						[119.43219, -5.22559],
						[119.42966, -5.22328],
						[119.42507, -5.22121]
					]
				]
			}
		},
		{
			"type": "Feature",
			"properties": {
				"slug": "gowa--biringbulu",
				"nama": "Biringbulu",
				"kabkota": "gowa",
				"osm": "relation/14972916",
				"pusat": [-5.48030606598985, 119.71706230964479]
			},
			"geometry": {
				"type": "Polygon",
				"coordinates": [
					[
						[119.6993, -5.54339],
						[119.70016, -5.5417],
						[119.69881, -5.539],
						[119.69951, -5.53815],
						[119.6995, -5.53713],
						[119.69984, -5.53643],
						[119.70026, -5.53614],
						[119.70014, -5.53492],
						[119.70093, -5.53142],
						[119.69926, -5.53118],
						[119.69998, -5.53019],
						[119.69966, -5.52932],
						[119.69974, -5.52725],
						[119.70035, -5.52701],
						[119.70148, -5.52568],
						[119.70258, -5.52332],
						[119.70368, -5.52288],
						[119.70421, -5.52099],
						[119.70411, -5.51897],
						[119.70459, -5.51838],
						[119.70387, -5.51743],
						[119.70378, -5.5159],
						[119.703, -5.51392],
						[119.70196, -5.51214],
						[119.70101, -5.51143],
						[119.70071, -5.51081],
						[119.70148, -5.50993],
						[119.70149, -5.50871],
						[119.70254, -5.5072],
						[119.70172, -5.50507],
						[119.70185, -5.50246],
						[119.70132, -5.50123],
						[119.70191, -5.49996],
						[119.70156, -5.49899],
						[119.7007, -5.49829],
						[119.7009, -5.49766],
						[119.7007, -5.49713],
						[119.70006, -5.49702],
						[119.69926, -5.49763],
						[119.69743, -5.49745],
						[119.69678, -5.49811],
						[119.69457, -5.49863],
						[119.69257, -5.49854],
						[119.68716, -5.49932],
						[119.68499, -5.50033],
						[119.68338, -5.50201],
						[119.67676, -5.50673],
						[119.67487, -5.50741],
						[119.67337, -5.50836],
						[119.67296, -5.50934],
						[119.67131, -5.51053],
						[119.6685, -5.50891],
						[119.66498, -5.50368],
						[119.66404, -5.50138],
						[119.6638, -5.5001],
						[119.66411, -5.49888],
						[119.6637, -5.49833],
						[119.66357, -5.49625],
						[119.6639, -5.49518],
						[119.66253, -5.494],
						[119.6622, -5.4931],
						[119.66246, -5.49192],
						[119.66019, -5.48996],
						[119.66097, -5.48894],
						[119.66081, -5.48849],
						[119.65972, -5.48736],
						[119.65833, -5.48653],
						[119.65835, -5.4861],
						[119.65939, -5.48521],
						[119.66141, -5.48521],
						[119.6622, -5.48474],
						[119.66258, -5.48372],
						[119.66207, -5.48229],
						[119.66286, -5.4814],
						[119.66239, -5.48023],
						[119.6582, -5.4757],
						[119.65782, -5.47512],
						[119.65803, -5.47459],
						[119.65777, -5.47421],
						[119.65737, -5.47431],
						[119.65677, -5.47342],
						[119.65535, -5.47318],
						[119.65546, -5.47115],
						[119.65428, -5.47079],
						[119.64723, -5.47141],
						[119.64216, -5.47115],
						[119.63759, -5.4723],
						[119.63557, -5.47317],
						[119.63304, -5.47348],
						[119.62598, -5.47378],
						[119.62471, -5.47343],
						[119.62402, -5.4727],
						[119.62485, -5.47158],
						[119.62738, -5.46942],
						[119.63044, -5.46833],
						[119.63523, -5.46395],
						[119.63648, -5.4617],
						[119.63922, -5.45844],
						[119.64242, -5.457],
						[119.64279, -5.45595],
						[119.64919, -5.45224],
						[119.64899, -5.45164],
						[119.64752, -5.45081],
						[119.64732, -5.44962],
						[119.64595, -5.44973],
						[119.64547, -5.44779],
						[119.64554, -5.44588],
						[119.64514, -5.44587],
						[119.64487, -5.44538],
						[119.6445, -5.44362],
						[119.64404, -5.4431],
						[119.64384, -5.44192],
						[119.6432, -5.44079],
						[119.64314, -5.44051],
						[119.64356, -5.44031],
						[119.6425, -5.4396],
						[119.64183, -5.43768],
						[119.64084, -5.4374],
						[119.64171, -5.4364],
						[119.64136, -5.43501],
						[119.64152, -5.43441],
						[119.6435, -5.43441],
						[119.64311, -5.43347],
						[119.6394, -5.43052],
						[119.63658, -5.43118],
						[119.63589, -5.42862],
						[119.63645, -5.42809],
						[119.63731, -5.42627],
						[119.63735, -5.42546],
						[119.63559, -5.42409],
						[119.63385, -5.42407],
						[119.6333, -5.42441],
						[119.63179, -5.42623],
						[119.63179, -5.42697],
						[119.63141, -5.42749],
						[119.63066, -5.42727],
						[119.63003, -5.42646],
						[119.62971, -5.42512],
						[119.6304, -5.42227],
						[119.63194, -5.42187],
						[119.63237, -5.42099],
						[119.63209, -5.42063],
						[119.63055, -5.42069],
						[119.62918, -5.41982],
						[119.62776, -5.42067],
						[119.62722, -5.42052],
						[119.62697, -5.41997],
						[119.62712, -5.41907],
						[119.62834, -5.41805],
						[119.62825, -5.41728],
						[119.62855, -5.41711],
						[119.63308, -5.41779],
						[119.63394, -5.41766],
						[119.6369, -5.41388],
						[119.63739, -5.41367],
						[119.63847, -5.41418],
						[119.63973, -5.41388],
						[119.64072, -5.41418],
						[119.64108, -5.41268],
						[119.64224, -5.41138],
						[119.64222, -5.41055],
						[119.64269, -5.41023],
						[119.64329, -5.40824],
						[119.64606, -5.4076],
						[119.64756, -5.40814],
						[119.65047, -5.40745],
						[119.65218, -5.40502],
						[119.65289, -5.40461],
						[119.6555, -5.40454],
						[119.65923, -5.40382],
						[119.6604, -5.40326],
						[119.66196, -5.40351],
						[119.66309, -5.4032],
						[119.66409, -5.40203],
						[119.66452, -5.4003],
						[119.66599, -5.39973],
						[119.67101, -5.39645],
						[119.67291, -5.3964],
						[119.67625, -5.39757],
						[119.67719, -5.39829],
						[119.67756, -5.39981],
						[119.67695, -5.40396],
						[119.67913, -5.40676],
						[119.68005, -5.41012],
						[119.67996, -5.41241],
						[119.67848, -5.41499],
						[119.67857, -5.41667],
						[119.67769, -5.41782],
						[119.67719, -5.41931],
						[119.67616, -5.41964],
						[119.67608, -5.42118],
						[119.6769, -5.42171],
						[119.67688, -5.42204],
						[119.6755, -5.42306],
						[119.67441, -5.42566],
						[119.6757, -5.42543],
						[119.6759, -5.42479],
						[119.67702, -5.42406],
						[119.67751, -5.42284],
						[119.67829, -5.42242],
						[119.67914, -5.42105],
						[119.67999, -5.42103],
						[119.68448, -5.41815],
						[119.69093, -5.40934],
						[119.69201, -5.40847],
						[119.69547, -5.40722],
						[119.69741, -5.40773],
						[119.69933, -5.40879],
						[119.70244, -5.41114],
						[119.70935, -5.41082],
						[119.71185, -5.41188],
						[119.7124, -5.41328],
						[119.71586, -5.41407],
						[119.71777, -5.41645],
						[119.71917, -5.41943],
						[119.72007, -5.41993],
						[119.72044, -5.42142],
						[119.71892, -5.42432],
						[119.71929, -5.42556],
						[119.71904, -5.42646],
						[119.7192, -5.42759],
						[119.72073, -5.42925],
						[119.72215, -5.42939],
						[119.72487, -5.42906],
						[119.72899, -5.42671],
						[119.73174, -5.42444],
						[119.73735, -5.42087],
						[119.74309, -5.41895],
						[119.74735, -5.4182],
						[119.75018, -5.4181],
						[119.7535, -5.42146],
						[119.7556, -5.42274],
						[119.7614, -5.42332],
						[119.76298, -5.42304],
						[119.76423, -5.42358],
						[119.76483, -5.42569],
						[119.76575, -5.42751],
						[119.76751, -5.42988],
						[119.76821, -5.43366],
						[119.76927, -5.43529],
						[119.77301, -5.43714],
						[119.7757, -5.44025],
						[119.77701, -5.44041],
						[119.78032, -5.44156],
						[119.78082, -5.44257],
						[119.78513, -5.44329],
						[119.7865, -5.44463],
						[119.78807, -5.44495],
						[119.78825, -5.44625],
						[119.78763, -5.44714],
						[119.78883, -5.44794],
						[119.79173, -5.44907],
						[119.79217, -5.45133],
						[119.79364, -5.45233],
						[119.79277, -5.45756],
						[119.79107, -5.45762],
						[119.79062, -5.45821],
						[119.79094, -5.45948],
						[119.79225, -5.4615],
						[119.79261, -5.46321],
						[119.79228, -5.46384],
						[119.79261, -5.46476],
						[119.79347, -5.46543],
						[119.79338, -5.46622],
						[119.79178, -5.46734],
						[119.79135, -5.46838],
						[119.79143, -5.47049],
						[119.79195, -5.47209],
						[119.79463, -5.4756],
						[119.79505, -5.47746],
						[119.79632, -5.47843],
						[119.79665, -5.47917],
						[119.79702, -5.48243],
						[119.79763, -5.48265],
						[119.79916, -5.48595],
						[119.8009, -5.48716],
						[119.80135, -5.48798],
						[119.80162, -5.48899],
						[119.8009, -5.49161],
						[119.80096, -5.49234],
						[119.80182, -5.49449],
						[119.80192, -5.49612],
						[119.80246, -5.49654],
						[119.80343, -5.49878],
						[119.80314, -5.49966],
						[119.80279, -5.49981],
						[119.80177, -5.49945],
						[119.79941, -5.50077],
						[119.79722, -5.50359],
						[119.79695, -5.50452],
						[119.79829, -5.50704],
						[119.79991, -5.50835],
						[119.79866, -5.50927],
						[119.79794, -5.51071],
						[119.79801, -5.51121],
						[119.80217, -5.51376],
						[119.80264, -5.5133],
						[119.80352, -5.51582],
						[119.80399, -5.51652],
						[119.80499, -5.51704],
						[119.80496, -5.51853],
						[119.8058, -5.51869],
						[119.80806, -5.51773],
						[119.81056, -5.51873],
						[119.81167, -5.51955],
						[119.81246, -5.52064],
						[119.81313, -5.52267],
						[119.81454, -5.52463],
						[119.81457, -5.52928],
						[119.81621, -5.53382],
						[119.81617, -5.53469],
						[119.81576, -5.53516],
						[119.81406, -5.53612],
						[119.81089, -5.53452],
						[119.81003, -5.53423],
						[119.80949, -5.53443],
						[119.80872, -5.53577],
						[119.80917, -5.53755],
						[119.81003, -5.5382],
						[119.81304, -5.53874],
						[119.81358, -5.53997],
						[119.81171, -5.54144],
						[119.81048, -5.54148],
						[119.80887, -5.54014],
						[119.80803, -5.53993],
						[119.8073, -5.54029],
						[119.80678, -5.54103],
						[119.80667, -5.5417],
						[119.80706, -5.54352],
						[119.80749, -5.54391],
						[119.80739, -5.54436],
						[119.80678, -5.54477],
						[119.80545, -5.54451],
						[119.80478, -5.54507],
						[119.80403, -5.55102],
						[119.80444, -5.55475],
						[119.80424, -5.55533],
						[119.80375, -5.55568],
						[119.80282, -5.55568],
						[119.8002, -5.55492],
						[119.79923, -5.5552],
						[119.79712, -5.55667],
						[119.79535, -5.55609],
						[119.79484, -5.55626],
						[119.79247, -5.55988],
						[119.79202, -5.56114],
						[119.79002, -5.56322],
						[119.78685, -5.56528],
						[119.7865, -5.56583],
						[119.78628, -5.56956],
						[119.78455, -5.56897],
						[119.78365, -5.56808],
						[119.78184, -5.56706],
						[119.78061, -5.5689],
						[119.77993, -5.56912],
						[119.7785, -5.56819],
						[119.77792, -5.56645],
						[119.77842, -5.5658],
						[119.77943, -5.5621],
						[119.779, -5.56156],
						[119.77792, -5.56135],
						[119.77623, -5.56177],
						[119.7768, -5.56304],
						[119.77687, -5.56449],
						[119.77497, -5.56561],
						[119.77412, -5.56829],
						[119.77368, -5.56903],
						[119.77274, -5.56968],
						[119.76954, -5.56929],
						[119.76819, -5.56716],
						[119.76671, -5.56714],
						[119.76533, -5.56667],
						[119.75487, -5.56559],
						[119.74741, -5.56549],
						[119.74394, -5.56395],
						[119.7378, -5.56055],
						[119.72987, -5.56082],
						[119.7294, -5.55832],
						[119.72741, -5.55676],
						[119.72541, -5.55668],
						[119.72411, -5.55728],
						[119.72323, -5.55693],
						[119.72307, -5.55528],
						[119.72046, -5.55413],
						[119.72073, -5.55308],
						[119.7215, -5.55189],
						[119.72098, -5.55139],
						[119.72084, -5.55037],
						[119.72015, -5.55065],
						[119.71895, -5.54993],
						[119.71479, -5.54883],
						[119.70824, -5.546],
						[119.70771, -5.54545],
						[119.6993, -5.54339]
					]
				]
			}
		},
		{
			"type": "Feature",
			"properties": {
				"slug": "gowa--bontolempangang",
				"nama": "Bontolempangang",
				"kabkota": "gowa",
				"osm": "relation/14972919",
				"pusat": [-5.384596428571427, 119.83638404761898]
			},
			"geometry": {
				"type": "Polygon",
				"coordinates": [
					[
						[119.78591, -5.39791],
						[119.78535, -5.39873],
						[119.78253, -5.40022],
						[119.77786, -5.40615],
						[119.77582, -5.40805],
						[119.76965, -5.41055],
						[119.76088, -5.41201],
						[119.75837, -5.41286],
						[119.75634, -5.41377],
						[119.75018, -5.4181],
						[119.7535, -5.42146],
						[119.7556, -5.42274],
						[119.7614, -5.42332],
						[119.76298, -5.42304],
						[119.76423, -5.42358],
						[119.76483, -5.42569],
						[119.76575, -5.42751],
						[119.76751, -5.42988],
						[119.76821, -5.43366],
						[119.76927, -5.43529],
						[119.77301, -5.43714],
						[119.7757, -5.44025],
						[119.77701, -5.44041],
						[119.78032, -5.44156],
						[119.78082, -5.44257],
						[119.78513, -5.44329],
						[119.7865, -5.44463],
						[119.78807, -5.44495],
						[119.78825, -5.44625],
						[119.78763, -5.44714],
						[119.78883, -5.44794],
						[119.79173, -5.44907],
						[119.79217, -5.45133],
						[119.79364, -5.45233],
						[119.79421, -5.45179],
						[119.79434, -5.45035],
						[119.79531, -5.44884],
						[119.79541, -5.44757],
						[119.79594, -5.4472],
						[119.79721, -5.44778],
						[119.79861, -5.44771],
						[119.80133, -5.44668],
						[119.80186, -5.44701],
						[119.80321, -5.44678],
						[119.8046, -5.44567],
						[119.80542, -5.44552],
						[119.80698, -5.44533],
						[119.80911, -5.44626],
						[119.81041, -5.44567],
						[119.81205, -5.44572],
						[119.81278, -5.4448],
						[119.81666, -5.44495],
						[119.81741, -5.44422],
						[119.81821, -5.44416],
						[119.81864, -5.44375],
						[119.81927, -5.4416],
						[119.82084, -5.44007],
						[119.82146, -5.43631],
						[119.82421, -5.43407],
						[119.82511, -5.43286],
						[119.82459, -5.43141],
						[119.82413, -5.43128],
						[119.82377, -5.43056],
						[119.82406, -5.42904],
						[119.82383, -5.42855],
						[119.82461, -5.42723],
						[119.82333, -5.42595],
						[119.82336, -5.42494],
						[119.82425, -5.42377],
						[119.82781, -5.42136],
						[119.82743, -5.41898],
						[119.82771, -5.41881],
						[119.82786, -5.41926],
						[119.82838, -5.41933],
						[119.82889, -5.41807],
						[119.8286, -5.41594],
						[119.828, -5.41475],
						[119.82825, -5.41271],
						[119.82894, -5.41289],
						[119.82926, -5.41258],
						[119.82986, -5.41045],
						[119.82978, -5.40881],
						[119.83015, -5.40774],
						[119.83334, -5.4069],
						[119.83359, -5.40549],
						[119.83479, -5.40442],
						[119.83612, -5.40396],
						[119.83649, -5.40352],
						[119.83701, -5.39891],
						[119.83755, -5.39685],
						[119.84078, -5.39469],
						[119.84116, -5.39401],
						[119.8423, -5.39371],
						[119.84309, -5.39307],
						[119.84348, -5.39231],
						[119.84458, -5.39154],
						[119.84551, -5.39037],
						[119.84771, -5.38837],
						[119.8484, -5.38814],
						[119.84879, -5.38737],
						[119.8497, -5.38709],
						[119.84996, -5.38603],
						[119.85112, -5.3857],
						[119.85147, -5.38385],
						[119.852, -5.38362],
						[119.85407, -5.38079],
						[119.8614, -5.36993],
						[119.86268, -5.36972],
						[119.86471, -5.36626],
						[119.86611, -5.36555],
						[119.86746, -5.36287],
						[119.86819, -5.36228],
						[119.87002, -5.36161],
						[119.87341, -5.36236],
						[119.87527, -5.36216],
						[119.87677, -5.35973],
						[119.88024, -5.35847],
						[119.88271, -5.357],
						[119.88408, -5.35713],
						[119.88559, -5.35646],
						[119.88607, -5.35566],
						[119.88612, -5.35485],
						[119.88838, -5.35348],
						[119.88951, -5.35348],
						[119.89058, -5.35447],
						[119.89144, -5.35622],
						[119.89252, -5.35648],
						[119.89796, -5.35369],
						[119.89972, -5.35326],
						[119.90159, -5.35212],
						[119.9055, -5.35064],
						[119.90873, -5.34837],
						[119.91348, -5.34582],
						[119.9146, -5.34615],
						[119.916, -5.34736],
						[119.919, -5.34819],
						[119.92007, -5.34819],
						[119.92078, -5.34876],
						[119.92148, -5.35001],
						[119.92388, -5.35055],
						[119.92442, -5.35029],
						[119.92454, -5.34736],
						[119.92744, -5.34626],
						[119.92813, -5.34529],
						[119.92759, -5.34317],
						[119.92848, -5.34034],
						[119.92788, -5.34096],
						[119.92667, -5.3412],
						[119.92517, -5.34129],
						[119.92202, -5.34083],
						[119.92112, -5.34135],
						[119.91993, -5.3415],
						[119.91892, -5.3396],
						[119.91877, -5.33774],
						[119.9183, -5.33716],
						[119.91552, -5.33649],
						[119.90999, -5.33413],
						[119.90226, -5.33261],
						[119.89779, -5.33039],
						[119.89549, -5.32983],
						[119.89161, -5.32794],
						[119.88563, -5.32805],
						[119.88289, -5.32695],
						[119.87969, -5.32636],
						[119.87713, -5.3271],
						[119.87513, -5.32961],
						[119.87405, -5.32987],
						[119.8725, -5.32948],
						[119.86776, -5.33015],
						[119.86196, -5.33218],
						[119.8595, -5.33391],
						[119.85823, -5.33354],
						[119.85483, -5.33024],
						[119.85417, -5.32918],
						[119.85294, -5.32823],
						[119.85007, -5.32816],
						[119.84896, -5.32773],
						[119.8471, -5.32803],
						[119.8451, -5.32889],
						[119.8437, -5.33015],
						[119.84136, -5.33017],
						[119.83899, -5.32896],
						[119.83622, -5.32864],
						[119.83374, -5.32771],
						[119.83084, -5.32744],
						[119.82083, -5.3276],
						[119.81702, -5.3269],
						[119.80755, -5.32628],
						[119.80385, -5.32574],
						[119.80068, -5.32474],
						[119.79707, -5.32473],
						[119.79477, -5.32572],
						[119.79203, -5.32614],
						[119.78275, -5.32549],
						[119.78258, -5.32664],
						[119.78393, -5.33269],
						[119.78346, -5.33655],
						[119.77855, -5.3488],
						[119.77649, -5.35234],
						[119.77631, -5.35388],
						[119.7765, -5.35561],
						[119.77806, -5.36095],
						[119.78412, -5.37243],
						[119.78369, -5.37617],
						[119.78401, -5.38257],
						[119.7839, -5.38839],
						[119.78343, -5.39027],
						[119.78327, -5.39347],
						[119.78388, -5.39633],
						[119.78591, -5.39791]
					]
				]
			}
		},
		{
			"type": "Feature",
			"properties": {
				"slug": "gowa--bontomarannu",
				"nama": "Bontomarannu",
				"kabkota": "gowa",
				"osm": "relation/13138298",
				"pusat": [-5.251036666666666, 119.53212265536722]
			},
			"geometry": {
				"type": "Polygon",
				"coordinates": [
					[
						[119.55507, -5.25289],
						[119.55689, -5.25385],
						[119.55696, -5.25332],
						[119.55782, -5.25321],
						[119.55984, -5.2546],
						[119.5623, -5.25711],
						[119.5658, -5.25848],
						[119.56685, -5.2584],
						[119.57286, -5.26014],
						[119.5794, -5.26093],
						[119.57848, -5.26604],
						[119.57766, -5.26779],
						[119.57597, -5.27386],
						[119.57621, -5.27446],
						[119.58643, -5.28044],
						[119.5825, -5.28398],
						[119.58058, -5.2853],
						[119.58026, -5.28611],
						[119.58078, -5.28679],
						[119.58057, -5.28815],
						[119.57983, -5.28952],
						[119.57886, -5.28985],
						[119.57785, -5.28957],
						[119.57348, -5.29182],
						[119.57281, -5.29257],
						[119.56968, -5.2927],
						[119.56485, -5.29235],
						[119.56329, -5.29155],
						[119.56033, -5.29118],
						[119.55659, -5.293],
						[119.55314, -5.2958],
						[119.552, -5.29596],
						[119.55019, -5.29554],
						[119.54787, -5.29591],
						[119.54571, -5.2978],
						[119.54358, -5.30082],
						[119.54323, -5.3019],
						[119.54308, -5.30519],
						[119.54249, -5.30614],
						[119.54176, -5.30655],
						[119.54043, -5.30647],
						[119.53519, -5.3047],
						[119.53044, -5.30091],
						[119.52945, -5.29949],
						[119.52869, -5.29753],
						[119.52744, -5.29607],
						[119.52233, -5.29332],
						[119.51991, -5.29055],
						[119.51659, -5.28537],
						[119.5136, -5.27913],
						[119.51357, -5.27845],
						[119.51479, -5.27696],
						[119.5154, -5.27543],
						[119.51288, -5.27188],
						[119.51048, -5.26989],
						[119.5102, -5.26854],
						[119.51049, -5.26623],
						[119.51022, -5.26555],
						[119.50944, -5.26479],
						[119.50625, -5.26293],
						[119.50397, -5.26089],
						[119.50347, -5.25941],
						[119.50444, -5.25808],
						[119.50428, -5.25535],
						[119.50344, -5.254],
						[119.50056, -5.25183],
						[119.49987, -5.24647],
						[119.49875, -5.2443],
						[119.49371, -5.24263],
						[119.48971, -5.24079],
						[119.4859, -5.23974],
						[119.48081, -5.23507],
						[119.47867, -5.23228],
						[119.48126, -5.23087],
						[119.48263, -5.23143],
						[119.48394, -5.23084],
						[119.48459, -5.22995],
						[119.48459, -5.22861],
						[119.48294, -5.22787],
						[119.48152, -5.22567],
						[119.48281, -5.22521],
						[119.48428, -5.22586],
						[119.48513, -5.22441],
						[119.4859, -5.22429],
						[119.48646, -5.22365],
						[119.48921, -5.22359],
						[119.49059, -5.22414],
						[119.49192, -5.22419],
						[119.4926, -5.22448],
						[119.49243, -5.22491],
						[119.49492, -5.22568],
						[119.4965, -5.22236],
						[119.50583, -5.21058],
						[119.50834, -5.21026],
						[119.51098, -5.20936],
						[119.51815, -5.21007],
						[119.51788, -5.2112],
						[119.5184, -5.21218],
						[119.518, -5.21256],
						[119.51985, -5.21467],
						[119.52184, -5.21508],
						[119.5216, -5.21631],
						[119.52238, -5.2169],
						[119.52243, -5.21732],
						[119.52283, -5.2174],
						[119.52261, -5.2183],
						[119.52317, -5.21861],
						[119.52278, -5.21879],
						[119.52271, -5.21923],
						[119.52373, -5.21929],
						[119.52416, -5.21975],
						[119.52482, -5.21964],
						[119.52506, -5.22071],
						[119.52638, -5.22203],
						[119.52721, -5.22165],
						[119.52706, -5.22221],
						[119.52762, -5.2221],
						[119.52775, -5.22245],
						[119.5287, -5.22268],
						[119.52869, -5.22316],
						[119.52925, -5.22306],
						[119.52921, -5.22363],
						[119.52957, -5.22369],
						[119.52964, -5.22315],
						[119.53032, -5.22311],
						[119.53176, -5.22466],
						[119.53243, -5.22488],
						[119.53237, -5.22856],
						[119.5331, -5.22876],
						[119.53342, -5.22846],
						[119.53468, -5.22918],
						[119.53602, -5.23184],
						[119.53733, -5.23261],
						[119.53756, -5.23469],
						[119.53911, -5.23741],
						[119.53879, -5.23871],
						[119.53777, -5.23882],
						[119.53734, -5.2403],
						[119.53932, -5.2426],
						[119.53958, -5.2442],
						[119.53998, -5.2444],
						[119.54107, -5.24408],
						[119.54162, -5.24439],
						[119.541, -5.24506],
						[119.54117, -5.24654],
						[119.54006, -5.24674],
						[119.53955, -5.24739],
						[119.54048, -5.24819],
						[119.53991, -5.24967],
						[119.54003, -5.25061],
						[119.54095, -5.2501],
						[119.54174, -5.25032],
						[119.54178, -5.25091],
						[119.5424, -5.25099],
						[119.5428, -5.25173],
						[119.54246, -5.25237],
						[119.54264, -5.2528],
						[119.54445, -5.25367],
						[119.54528, -5.25348],
						[119.54622, -5.25259],
						[119.54673, -5.25258],
						[119.54775, -5.25132],
						[119.54857, -5.25114],
						[119.54974, -5.25126],
						[119.55005, -5.25235],
						[119.55037, -5.25267],
						[119.55107, -5.25268],
						[119.55161, -5.25335],
						[119.55221, -5.25276],
						[119.55216, -5.25405],
						[119.55248, -5.25378],
						[119.55362, -5.25405],
						[119.55315, -5.25314],
						[119.55371, -5.25299],
						[119.55397, -5.25248],
						[119.55489, -5.25255],
						[119.55507, -5.25289]
					]
				]
			}
		},
		{
			"type": "Feature",
			"properties": {
				"slug": "gowa--bontonompo",
				"nama": "Bontonompo",
				"kabkota": "gowa",
				"osm": "relation/13138484",
				"pusat": [-5.36173293650794, 119.43956412698414]
			},
			"geometry": {
				"type": "Polygon",
				"coordinates": [
					[
						[119.4458, -5.32492],
						[119.44293, -5.3244],
						[119.43958, -5.32272],
						[119.43278, -5.32195],
						[119.42982, -5.323],
						[119.42832, -5.32283],
						[119.42624, -5.32143],
						[119.42559, -5.31959],
						[119.42362, -5.31959],
						[119.42217, -5.31918],
						[119.42084, -5.31986],
						[119.42049, -5.32099],
						[119.41916, -5.32155],
						[119.41755, -5.32316],
						[119.41529, -5.32459],
						[119.40966, -5.32788],
						[119.40729, -5.32818],
						[119.40646, -5.33036],
						[119.40051, -5.32853],
						[119.39752, -5.32823],
						[119.40101, -5.34303],
						[119.40115, -5.34562],
						[119.40255, -5.34946],
						[119.40222, -5.35086],
						[119.40434, -5.36467],
						[119.40237, -5.36885],
						[119.4062, -5.37038],
						[119.41092, -5.37167],
						[119.41472, -5.37184],
						[119.41808, -5.37261],
						[119.41944, -5.37489],
						[119.42121, -5.37584],
						[119.42327, -5.37511],
						[119.42401, -5.37552],
						[119.42495, -5.37542],
						[119.42575, -5.37876],
						[119.42728, -5.38122],
						[119.42736, -5.38298],
						[119.42687, -5.38568],
						[119.42325, -5.39245],
						[119.42197, -5.39649],
						[119.42103, -5.40523],
						[119.42172, -5.40593],
						[119.42412, -5.40661],
						[119.42957, -5.40773],
						[119.4293, -5.40714],
						[119.42979, -5.40649],
						[119.43005, -5.40476],
						[119.42886, -5.40272],
						[119.42694, -5.40083],
						[119.42665, -5.39949],
						[119.42698, -5.39797],
						[119.4281, -5.39634],
						[119.42947, -5.39539],
						[119.43243, -5.3944],
						[119.43389, -5.3945],
						[119.43571, -5.39597],
						[119.4365, -5.39617],
						[119.43781, -5.39604],
						[119.43862, -5.39546],
						[119.43987, -5.39553],
						[119.44026, -5.39449],
						[119.44122, -5.39428],
						[119.44144, -5.39391],
						[119.44001, -5.39199],
						[119.44042, -5.38967],
						[119.44016, -5.38887],
						[119.43945, -5.38868],
						[119.43959, -5.38761],
						[119.44114, -5.38486],
						[119.44283, -5.38432],
						[119.44351, -5.38447],
						[119.44426, -5.38386],
						[119.44742, -5.38319],
						[119.44878, -5.38236],
						[119.44878, -5.38178],
						[119.44972, -5.38089],
						[119.4508, -5.38038],
						[119.45416, -5.37774],
						[119.455, -5.37634],
						[119.4558, -5.3763],
						[119.45711, -5.37558],
						[119.4574, -5.37429],
						[119.45695, -5.37267],
						[119.45561, -5.37151],
						[119.45568, -5.37048],
						[119.45536, -5.37017],
						[119.45379, -5.36922],
						[119.44995, -5.36912],
						[119.4489, -5.36853],
						[119.44833, -5.36777],
						[119.44765, -5.36587],
						[119.4481, -5.36061],
						[119.45001, -5.35692],
						[119.45602, -5.35515],
						[119.45815, -5.35509],
						[119.45873, -5.35292],
						[119.45976, -5.35207],
						[119.46107, -5.35167],
						[119.46191, -5.35087],
						[119.4615, -5.34818],
						[119.46195, -5.34631],
						[119.46377, -5.34379],
						[119.46501, -5.34325],
						[119.4661, -5.34191],
						[119.46649, -5.3404],
						[119.46719, -5.33958],
						[119.46688, -5.33906],
						[119.46715, -5.33862],
						[119.46696, -5.3382],
						[119.46762, -5.33561],
						[119.4705, -5.33276],
						[119.47537, -5.33019],
						[119.47569, -5.32962],
						[119.4747, -5.32706],
						[119.4739, -5.32637],
						[119.47067, -5.32611],
						[119.46867, -5.32632],
						[119.45961, -5.33122],
						[119.45806, -5.33103],
						[119.45658, -5.33045],
						[119.45598, -5.3298],
						[119.45616, -5.32763],
						[119.4554, -5.32617],
						[119.45419, -5.3263],
						[119.4458, -5.32492]
					]
				]
			}
		},
		{
			"type": "Feature",
			"properties": {
				"slug": "gowa--bontonompo-selatan",
				"nama": "Bontonompo Selatan",
				"kabkota": "gowa",
				"osm": "relation/13138485",
				"pusat": [-5.406090521739133, 119.38179997844453]
			},
			"geometry": {
				"type": "MultiPolygon",
				"coordinates": [
					[
						[
							[119.40792, -5.45173],
							[119.41018, -5.45155],
							[119.41203, -5.45209],
							[119.41406, -5.45232],
							[119.41419, -5.45211],
							[119.41611, -5.45288],
							[119.41619, -5.45243],
							[119.41578, -5.45231],
							[119.41641, -5.45033],
							[119.41676, -5.45046],
							[119.41909, -5.44841],
							[119.41836, -5.44564],
							[119.41693, -5.44252],
							[119.41747, -5.4415],
							[119.41801, -5.44127],
							[119.41778, -5.44062],
							[119.41545, -5.44124],
							[119.41334, -5.44339],
							[119.41257, -5.44354],
							[119.41169, -5.4431],
							[119.41034, -5.44304],
							[119.40876, -5.44394],
							[119.40775, -5.44673],
							[119.40757, -5.44832],
							[119.40792, -5.45173]
						]
					],
					[
						[
							[119.41067, -5.3716],
							[119.4062, -5.37038],
							[119.40237, -5.36885],
							[119.40078, -5.37226],
							[119.39841, -5.37476],
							[119.39722, -5.37426],
							[119.39563, -5.37237],
							[119.3945, -5.37178],
							[119.39308, -5.37178],
							[119.39188, -5.37233],
							[119.39119, -5.3736],
							[119.39136, -5.37453],
							[119.39258, -5.37545],
							[119.39462, -5.37585],
							[119.39723, -5.37691],
							[119.40028, -5.37954],
							[119.40053, -5.38219],
							[119.39774, -5.38354],
							[119.3937, -5.38464],
							[119.38615, -5.38597],
							[119.3838, -5.38701],
							[119.38121, -5.38834],
							[119.36893, -5.39672],
							[119.3662, -5.40207],
							[119.36327, -5.40899],
							[119.36396, -5.41101],
							[119.36363, -5.4122],
							[119.36421, -5.41565],
							[119.3651, -5.41673],
							[119.36636, -5.41753],
							[119.3669, -5.4191],
							[119.36856, -5.42096],
							[119.37017, -5.42186],
							[119.37003, -5.42364],
							[119.3706, -5.4245],
							[119.37149, -5.42487],
							[119.37368, -5.42482],
							[119.37506, -5.42346],
							[119.37742, -5.42303],
							[119.37857, -5.42228],
							[119.37893, -5.42152],
							[119.3784, -5.41806],
							[119.37966, -5.41731],
							[119.38098, -5.41773],
							[119.38398, -5.41726],
							[119.39024, -5.41487],
							[119.39251, -5.4149],
							[119.39521, -5.41554],
							[119.39734, -5.41502],
							[119.39817, -5.41449],
							[119.39937, -5.41336],
							[119.4003, -5.41133],
							[119.40051, -5.40992],
							[119.40053, -5.40877],
							[119.3991, -5.40615],
							[119.39913, -5.40537],
							[119.4064, -5.4054],
							[119.40801, -5.40636],
							[119.40861, -5.40834],
							[119.40934, -5.40937],
							[119.41458, -5.40998],
							[119.42096, -5.41129],
							[119.42096, -5.41236],
							[119.42, -5.41403],
							[119.41883, -5.41521],
							[119.41291, -5.43053],
							[119.4119, -5.43135],
							[119.41066, -5.43427],
							[119.41036, -5.43533],
							[119.41077, -5.43679],
							[119.41325, -5.43715],
							[119.42088, -5.43733],
							[119.42196, -5.43781],
							[119.42215, -5.43865],
							[119.42348, -5.43831],
							[119.42865, -5.43951],
							[119.43212, -5.43882],
							[119.43447, -5.4365],
							[119.43543, -5.43304],
							[119.43529, -5.43121],
							[119.43292, -5.42807],
							[119.43042, -5.42601],
							[119.42769, -5.42592],
							[119.42402, -5.42392],
							[119.42377, -5.42325],
							[119.42393, -5.42144],
							[119.42345, -5.42095],
							[119.42387, -5.42067],
							[119.42317, -5.41828],
							[119.4233, -5.41751],
							[119.42395, -5.41675],
							[119.42541, -5.41358],
							[119.42618, -5.41375],
							[119.42752, -5.41338],
							[119.42836, -5.41271],
							[119.42846, -5.41017],
							[119.42882, -5.40943],
							[119.42932, -5.40919],
							[119.42957, -5.40773],
							[119.42172, -5.40593],
							[119.42103, -5.40523],
							[119.42234, -5.39472],
							[119.42325, -5.39245],
							[119.42687, -5.38568],
							[119.42736, -5.38298],
							[119.42728, -5.38122],
							[119.42575, -5.37876],
							[119.42495, -5.37542],
							[119.42401, -5.37552],
							[119.42327, -5.37511],
							[119.42121, -5.37584],
							[119.41944, -5.37489],
							[119.41808, -5.37261],
							[119.41472, -5.37184],
							[119.41067, -5.3716]
						]
					]
				]
			}
		},
		{
			"type": "Feature",
			"properties": {
				"slug": "gowa--bungaya",
				"nama": "Bungaya",
				"kabkota": "gowa",
				"osm": "relation/14972915",
				"pusat": [-5.363668583333331, 119.68016749999998]
			},
			"geometry": {
				"type": "Polygon",
				"coordinates": [
					[
						[119.77991, -5.40363],
						[119.77786, -5.40615],
						[119.77582, -5.40805],
						[119.77377, -5.40905],
						[119.76965, -5.41055],
						[119.76088, -5.41201],
						[119.75837, -5.41286],
						[119.75634, -5.41377],
						[119.75018, -5.4181],
						[119.74735, -5.4182],
						[119.74309, -5.41895],
						[119.73735, -5.42087],
						[119.73174, -5.42444],
						[119.72899, -5.42671],
						[119.72487, -5.42906],
						[119.72215, -5.42939],
						[119.72073, -5.42925],
						[119.7192, -5.42759],
						[119.71904, -5.42646],
						[119.71929, -5.42556],
						[119.71892, -5.42432],
						[119.72044, -5.42142],
						[119.72007, -5.41993],
						[119.71917, -5.41943],
						[119.71777, -5.41645],
						[119.71586, -5.41407],
						[119.7124, -5.41328],
						[119.71185, -5.41188],
						[119.70935, -5.41082],
						[119.70244, -5.41114],
						[119.69933, -5.40879],
						[119.69741, -5.40773],
						[119.69547, -5.40722],
						[119.69201, -5.40847],
						[119.69093, -5.40934],
						[119.68448, -5.41815],
						[119.67999, -5.42103],
						[119.67914, -5.42105],
						[119.67829, -5.42242],
						[119.67751, -5.42284],
						[119.67702, -5.42406],
						[119.6759, -5.42479],
						[119.6757, -5.42543],
						[119.67441, -5.42566],
						[119.6755, -5.42306],
						[119.67688, -5.42204],
						[119.6769, -5.42171],
						[119.67608, -5.42118],
						[119.67616, -5.41964],
						[119.67719, -5.41931],
						[119.67769, -5.41782],
						[119.67857, -5.41667],
						[119.67859, -5.4147],
						[119.67996, -5.41241],
						[119.67991, -5.4091],
						[119.67913, -5.40676],
						[119.67695, -5.40396],
						[119.67756, -5.39981],
						[119.67719, -5.39829],
						[119.67625, -5.39757],
						[119.67291, -5.3964],
						[119.67101, -5.39645],
						[119.66599, -5.39973],
						[119.66452, -5.4003],
						[119.66409, -5.40203],
						[119.66309, -5.4032],
						[119.66196, -5.40351],
						[119.6604, -5.40326],
						[119.65923, -5.40382],
						[119.6555, -5.40454],
						[119.65289, -5.40461],
						[119.65218, -5.40502],
						[119.65047, -5.40745],
						[119.64756, -5.40814],
						[119.64606, -5.4076],
						[119.64503, -5.40778],
						[119.64566, -5.40516],
						[119.64517, -5.40028],
						[119.64598, -5.39979],
						[119.64607, -5.39938],
						[119.64586, -5.39791],
						[119.64546, -5.39733],
						[119.64593, -5.39659],
						[119.64436, -5.39472],
						[119.64384, -5.39156],
						[119.64217, -5.38765],
						[119.64149, -5.3872],
						[119.64051, -5.3853],
						[119.63975, -5.38498],
						[119.63906, -5.3852],
						[119.63799, -5.38451],
						[119.63775, -5.38372],
						[119.63805, -5.38315],
						[119.63774, -5.38231],
						[119.63688, -5.38141],
						[119.63628, -5.38004],
						[119.63263, -5.37622],
						[119.63192, -5.3759],
						[119.6307, -5.37654],
						[119.62265, -5.37361],
						[119.62162, -5.37276],
						[119.62184, -5.3713],
						[119.62059, -5.37064],
						[119.61759, -5.36812],
						[119.61735, -5.36733],
						[119.6178, -5.36598],
						[119.61746, -5.36406],
						[119.61667, -5.36261],
						[119.61908, -5.35665],
						[119.61896, -5.35555],
						[119.61685, -5.35204],
						[119.61575, -5.3509],
						[119.61519, -5.34815],
						[119.61471, -5.34765],
						[119.61405, -5.34787],
						[119.61237, -5.34506],
						[119.60867, -5.34302],
						[119.60624, -5.34039],
						[119.60403, -5.34003],
						[119.60203, -5.3362],
						[119.59935, -5.33466],
						[119.59913, -5.33424],
						[119.60103, -5.33192],
						[119.6001, -5.32916],
						[119.59849, -5.32987],
						[119.59745, -5.32956],
						[119.5961, -5.32832],
						[119.59438, -5.32834],
						[119.59848, -5.32087],
						[119.60174, -5.31876],
						[119.60412, -5.31868],
						[119.60514, -5.31797],
						[119.60391, -5.31434],
						[119.60378, -5.3126],
						[119.60463, -5.31046],
						[119.60779, -5.31086],
						[119.61384, -5.31054],
						[119.61663, -5.31389],
						[119.61831, -5.3149],
						[119.61966, -5.31539],
						[119.62094, -5.31427],
						[119.62163, -5.31437],
						[119.62231, -5.31499],
						[119.62258, -5.31557],
						[119.6223, -5.31689],
						[119.623, -5.31916],
						[119.62335, -5.31942],
						[119.62534, -5.31927],
						[119.62586, -5.31961],
						[119.62584, -5.32164],
						[119.62755, -5.32441],
						[119.62943, -5.32518],
						[119.63063, -5.32483],
						[119.63188, -5.32526],
						[119.63295, -5.32485],
						[119.63608, -5.32488],
						[119.63735, -5.32438],
						[119.63799, -5.32463],
						[119.63896, -5.32594],
						[119.6469, -5.32911],
						[119.648, -5.32917],
						[119.64863, -5.32875],
						[119.64947, -5.32732],
						[119.65077, -5.32411],
						[119.65292, -5.32218],
						[119.65446, -5.32017],
						[119.65434, -5.31815],
						[119.65365, -5.31569],
						[119.65481, -5.31304],
						[119.65462, -5.31107],
						[119.65518, -5.30973],
						[119.65617, -5.30916],
						[119.6564, -5.30841],
						[119.65741, -5.30765],
						[119.65805, -5.30664],
						[119.65999, -5.30658],
						[119.66255, -5.30503],
						[119.66763, -5.30501],
						[119.66964, -5.30402],
						[119.67532, -5.30524],
						[119.68334, -5.30494],
						[119.68474, -5.30537],
						[119.68963, -5.30831],
						[119.69425, -5.30974],
						[119.69652, -5.31096],
						[119.69781, -5.31221],
						[119.70329, -5.31982],
						[119.70548, -5.32136],
						[119.7118, -5.32467],
						[119.71263, -5.32558],
						[119.71464, -5.32592],
						[119.7149, -5.3265],
						[119.71594, -5.32655],
						[119.71662, -5.32714],
						[119.71729, -5.32723],
						[119.71709, -5.32817],
						[119.71815, -5.32849],
						[119.71915, -5.3281],
						[119.72095, -5.3293],
						[119.72235, -5.32821],
						[119.72298, -5.32851],
						[119.72443, -5.3283],
						[119.72512, -5.32874],
						[119.7273, -5.3279],
						[119.73316, -5.32744],
						[119.73577, -5.32504],
						[119.7379, -5.32503],
						[119.73844, -5.32435],
						[119.74182, -5.32405],
						[119.742, -5.32362],
						[119.74384, -5.32252],
						[119.74688, -5.32103],
						[119.75803, -5.31797],
						[119.75864, -5.31905],
						[119.76285, -5.32179],
						[119.7669, -5.32145],
						[119.77313, -5.32344],
						[119.77505, -5.32312],
						[119.77651, -5.32418],
						[119.77872, -5.32517],
						[119.78275, -5.32549],
						[119.78258, -5.32664],
						[119.78393, -5.33269],
						[119.78346, -5.33655],
						[119.77855, -5.3488],
						[119.77649, -5.35234],
						[119.77631, -5.35388],
						[119.7765, -5.35561],
						[119.77806, -5.36095],
						[119.78412, -5.37243],
						[119.78369, -5.37617],
						[119.78401, -5.38257],
						[119.7839, -5.38839],
						[119.78343, -5.39027],
						[119.78327, -5.39347],
						[119.78388, -5.39633],
						[119.78591, -5.39791],
						[119.78535, -5.39873],
						[119.78253, -5.40022],
						[119.77991, -5.40363]
					]
				]
			}
		},
		{
			"type": "Feature",
			"properties": {
				"slug": "gowa--manuju",
				"nama": "Manuju",
				"kabkota": "gowa",
				"osm": "relation/14918661",
				"pusat": [-5.290939111969111, 119.66002586872588]
			},
			"geometry": {
				"type": "Polygon",
				"coordinates": [
					[
						[119.76355, -5.29063],
						[119.76394, -5.29078],
						[119.76496, -5.29389],
						[119.76552, -5.29446],
						[119.76721, -5.2947],
						[119.76783, -5.29585],
						[119.76942, -5.29609],
						[119.77022, -5.29724],
						[119.77059, -5.29844],
						[119.76961, -5.30054],
						[119.76983, -5.30142],
						[119.77142, -5.30322],
						[119.76965, -5.30527],
						[119.76867, -5.30571],
						[119.76813, -5.30689],
						[119.76161, -5.31329],
						[119.75803, -5.31797],
						[119.74688, -5.32103],
						[119.74384, -5.32252],
						[119.742, -5.32362],
						[119.74182, -5.32405],
						[119.73844, -5.32435],
						[119.7379, -5.32503],
						[119.73577, -5.32504],
						[119.73316, -5.32744],
						[119.7273, -5.3279],
						[119.72512, -5.32874],
						[119.72443, -5.3283],
						[119.72298, -5.32851],
						[119.72235, -5.32821],
						[119.72095, -5.3293],
						[119.71915, -5.3281],
						[119.71815, -5.32849],
						[119.71709, -5.32817],
						[119.71729, -5.32723],
						[119.71662, -5.32714],
						[119.71594, -5.32655],
						[119.7149, -5.3265],
						[119.71464, -5.32592],
						[119.71263, -5.32558],
						[119.7118, -5.32467],
						[119.70548, -5.32136],
						[119.70329, -5.31982],
						[119.69781, -5.31221],
						[119.69652, -5.31096],
						[119.69425, -5.30974],
						[119.68963, -5.30831],
						[119.68474, -5.30537],
						[119.68334, -5.30494],
						[119.67532, -5.30524],
						[119.66964, -5.30402],
						[119.66763, -5.30501],
						[119.66255, -5.30503],
						[119.65999, -5.30658],
						[119.65805, -5.30664],
						[119.65741, -5.30765],
						[119.6564, -5.30841],
						[119.65617, -5.30916],
						[119.65518, -5.30973],
						[119.65462, -5.31107],
						[119.65481, -5.31304],
						[119.65365, -5.31569],
						[119.65434, -5.31815],
						[119.65446, -5.32017],
						[119.65292, -5.32218],
						[119.65077, -5.32411],
						[119.64947, -5.32732],
						[119.64863, -5.32875],
						[119.648, -5.32917],
						[119.6469, -5.32911],
						[119.63896, -5.32594],
						[119.63799, -5.32463],
						[119.63735, -5.32438],
						[119.63608, -5.32488],
						[119.63295, -5.32485],
						[119.63188, -5.32526],
						[119.63063, -5.32483],
						[119.62943, -5.32518],
						[119.62863, -5.32496],
						[119.62755, -5.32441],
						[119.62617, -5.32248],
						[119.62584, -5.32164],
						[119.62586, -5.31961],
						[119.62534, -5.31927],
						[119.62335, -5.31942],
						[119.623, -5.31916],
						[119.6223, -5.31689],
						[119.62258, -5.31557],
						[119.62163, -5.31437],
						[119.62094, -5.31427],
						[119.61966, -5.31539],
						[119.61831, -5.3149],
						[119.61663, -5.31389],
						[119.61384, -5.31054],
						[119.60779, -5.31086],
						[119.60463, -5.31046],
						[119.60378, -5.3126],
						[119.60391, -5.31434],
						[119.60514, -5.31797],
						[119.60412, -5.31868],
						[119.60174, -5.31876],
						[119.59848, -5.32087],
						[119.59438, -5.32834],
						[119.59337, -5.32956],
						[119.59268, -5.32953],
						[119.59146, -5.32882],
						[119.58644, -5.32743],
						[119.58603, -5.32004],
						[119.58501, -5.3165],
						[119.58171, -5.31326],
						[119.58089, -5.31154],
						[119.5779, -5.31026],
						[119.57432, -5.31025],
						[119.5724, -5.30976],
						[119.57174, -5.30458],
						[119.57127, -5.29647],
						[119.56968, -5.2927],
						[119.57281, -5.29257],
						[119.57348, -5.29182],
						[119.57785, -5.28957],
						[119.57886, -5.28985],
						[119.57983, -5.28952],
						[119.58057, -5.28815],
						[119.58078, -5.28679],
						[119.58026, -5.28611],
						[119.58058, -5.2853],
						[119.5825, -5.28398],
						[119.58643, -5.28044],
						[119.58662, -5.28071],
						[119.58692, -5.28029],
						[119.58746, -5.28074],
						[119.58822, -5.28266],
						[119.59187, -5.2802],
						[119.59165, -5.27931],
						[119.592, -5.27871],
						[119.59154, -5.27827],
						[119.59182, -5.27771],
						[119.59049, -5.27699],
						[119.59054, -5.27632],
						[119.59131, -5.27508],
						[119.59139, -5.27373],
						[119.59414, -5.27166],
						[119.59519, -5.2704],
						[119.59531, -5.26972],
						[119.59599, -5.2694],
						[119.59631, -5.26883],
						[119.59769, -5.26872],
						[119.59793, -5.2676],
						[119.59833, -5.26724],
						[119.59917, -5.26707],
						[119.59944, -5.26735],
						[119.60032, -5.26691],
						[119.60041, -5.26739],
						[119.60228, -5.2681],
						[119.60224, -5.26719],
						[119.6037, -5.26674],
						[119.60333, -5.26563],
						[119.60286, -5.26529],
						[119.60281, -5.26412],
						[119.60206, -5.26313],
						[119.60353, -5.26393],
						[119.60435, -5.26571],
						[119.6057, -5.2657],
						[119.60615, -5.26511],
						[119.60823, -5.26484],
						[119.60891, -5.26529],
						[119.60995, -5.26522],
						[119.61055, -5.26602],
						[119.61126, -5.2659],
						[119.61228, -5.2671],
						[119.61334, -5.26699],
						[119.61449, -5.26776],
						[119.61483, -5.26737],
						[119.61581, -5.26731],
						[119.6165, -5.26765],
						[119.61767, -5.26717],
						[119.61793, -5.26662],
						[119.61853, -5.26635],
						[119.61824, -5.26478],
						[119.61931, -5.26253],
						[119.62023, -5.26224],
						[119.62103, -5.26239],
						[119.62171, -5.2619],
						[119.62092, -5.25646],
						[119.62129, -5.25583],
						[119.62212, -5.25542],
						[119.62321, -5.25557],
						[119.6243, -5.25776],
						[119.62689, -5.25689],
						[119.62798, -5.25702],
						[119.63058, -5.26246],
						[119.63185, -5.26277],
						[119.63286, -5.26259],
						[119.63336, -5.26204],
						[119.63357, -5.26086],
						[119.63694, -5.26173],
						[119.63718, -5.2612],
						[119.63696, -5.25859],
						[119.64061, -5.25937],
						[119.65084, -5.2582],
						[119.65431, -5.2598],
						[119.66076, -5.25912],
						[119.66444, -5.25613],
						[119.66696, -5.25469],
						[119.66872, -5.25409],
						[119.66969, -5.25459],
						[119.67249, -5.25833],
						[119.67389, -5.25894],
						[119.67732, -5.25967],
						[119.68088, -5.26514],
						[119.68324, -5.26561],
						[119.68525, -5.26358],
						[119.68649, -5.2639],
						[119.68838, -5.26296],
						[119.69316, -5.26272],
						[119.69548, -5.2621],
						[119.69659, -5.26235],
						[119.69752, -5.26306],
						[119.70155, -5.26338],
						[119.70215, -5.26382],
						[119.70272, -5.26594],
						[119.70513, -5.26698],
						[119.70623, -5.26646],
						[119.70704, -5.26678],
						[119.70926, -5.26913],
						[119.71231, -5.27052],
						[119.71326, -5.27196],
						[119.71449, -5.2729],
						[119.71565, -5.27321],
						[119.71692, -5.27285],
						[119.72178, -5.27255],
						[119.72381, -5.27421],
						[119.72589, -5.2753],
						[119.72661, -5.27619],
						[119.72744, -5.2765],
						[119.72856, -5.27632],
						[119.73103, -5.27786],
						[119.73238, -5.27833],
						[119.73362, -5.27791],
						[119.7342, -5.27805],
						[119.73544, -5.27911],
						[119.73609, -5.27925],
						[119.74037, -5.27838],
						[119.74178, -5.27651],
						[119.7436, -5.27549],
						[119.74594, -5.27546],
						[119.74778, -5.27486],
						[119.74986, -5.27491],
						[119.75097, -5.27549],
						[119.7522, -5.27737],
						[119.75297, -5.27805],
						[119.75386, -5.27834],
						[119.75521, -5.27972],
						[119.75617, -5.27943],
						[119.75592, -5.28542],
						[119.75956, -5.28743],
						[119.76039, -5.28751],
						[119.76108, -5.28997],
						[119.76355, -5.29063]
					]
				]
			}
		},
		{
			"type": "Feature",
			"properties": {
				"slug": "gowa--pallangga",
				"nama": "Pallangga",
				"kabkota": "gowa",
				"osm": "relation/13138297",
				"pusat": [-5.251900920245399, 119.45979723926384]
			},
			"geometry": {
				"type": "Polygon",
				"coordinates": [
					[
						[119.43476, -5.24719],
						[119.43477, -5.24816],
						[119.43531, -5.24859],
						[119.43514, -5.24959],
						[119.43578, -5.24985],
						[119.43561, -5.2505],
						[119.43211, -5.25535],
						[119.43596, -5.25677],
						[119.43882, -5.25832],
						[119.43919, -5.25894],
						[119.44046, -5.25865],
						[119.44115, -5.26052],
						[119.44236, -5.26067],
						[119.44198, -5.26162],
						[119.44258, -5.2622],
						[119.44201, -5.26341],
						[119.44236, -5.26426],
						[119.44328, -5.26505],
						[119.44333, -5.26567],
						[119.44297, -5.26614],
						[119.44329, -5.26718],
						[119.44428, -5.26804],
						[119.44382, -5.26863],
						[119.44454, -5.26993],
						[119.44437, -5.27214],
						[119.445, -5.27204],
						[119.44493, -5.27254],
						[119.44541, -5.27226],
						[119.44659, -5.27228],
						[119.44614, -5.27308],
						[119.4467, -5.27339],
						[119.44683, -5.27393],
						[119.44737, -5.27375],
						[119.44779, -5.27441],
						[119.44809, -5.2744],
						[119.44835, -5.27529],
						[119.44936, -5.27498],
						[119.44932, -5.27573],
						[119.44999, -5.2766],
						[119.4499, -5.27701],
						[119.45214, -5.27767],
						[119.45227, -5.27807],
						[119.45311, -5.2784],
						[119.45443, -5.27969],
						[119.4552, -5.28007],
						[119.45815, -5.28031],
						[119.45844, -5.28133],
						[119.45742, -5.28371],
						[119.4575, -5.28414],
						[119.45963, -5.2858],
						[119.46121, -5.28544],
						[119.46449, -5.28599],
						[119.47095, -5.28918],
						[119.4722, -5.28926],
						[119.47269, -5.28895],
						[119.47326, -5.28715],
						[119.47422, -5.28695],
						[119.47469, -5.28497],
						[119.48543, -5.28795],
						[119.48552, -5.2884],
						[119.4892, -5.28956],
						[119.48925, -5.28882],
						[119.49258, -5.28774],
						[119.49365, -5.28816],
						[119.49439, -5.28887],
						[119.4977, -5.2886],
						[119.49924, -5.28793],
						[119.50028, -5.28688],
						[119.50131, -5.2876],
						[119.50191, -5.28896],
						[119.50265, -5.28953],
						[119.50372, -5.29003],
						[119.50868, -5.29121],
						[119.51093, -5.29223],
						[119.51503, -5.29508],
						[119.51895, -5.29657],
						[119.52213, -5.29311],
						[119.51991, -5.29055],
						[119.51659, -5.28537],
						[119.51472, -5.28108],
						[119.51375, -5.2796],
						[119.51357, -5.27845],
						[119.51479, -5.27696],
						[119.5154, -5.27543],
						[119.51288, -5.27188],
						[119.51048, -5.26989],
						[119.5102, -5.26854],
						[119.51049, -5.26623],
						[119.51022, -5.26555],
						[119.50944, -5.26479],
						[119.50625, -5.26293],
						[119.50397, -5.26089],
						[119.50353, -5.26003],
						[119.50347, -5.25941],
						[119.50444, -5.25808],
						[119.50428, -5.25535],
						[119.50344, -5.254],
						[119.50056, -5.25183],
						[119.49987, -5.24647],
						[119.49875, -5.2443],
						[119.4854, -5.2394],
						[119.48195, -5.23624],
						[119.47947, -5.23339],
						[119.47517, -5.22709],
						[119.47309, -5.22245],
						[119.47217, -5.2217],
						[119.47176, -5.22164],
						[119.46955, -5.22278],
						[119.46723, -5.22285],
						[119.46233, -5.22083],
						[119.45845, -5.21979],
						[119.45734, -5.21856],
						[119.45659, -5.21703],
						[119.44854, -5.20828],
						[119.44615, -5.205],
						[119.44153, -5.19564],
						[119.43959, -5.19234],
						[119.43693, -5.19054],
						[119.43442, -5.18982],
						[119.43126, -5.19038],
						[119.42671, -5.19275],
						[119.42782, -5.19474],
						[119.42801, -5.19604],
						[119.4276, -5.19842],
						[119.42653, -5.19819],
						[119.42683, -5.20106],
						[119.42721, -5.20169],
						[119.42831, -5.20216],
						[119.42856, -5.20266],
						[119.42808, -5.20383],
						[119.42583, -5.20685],
						[119.42709, -5.20764],
						[119.42677, -5.20823],
						[119.42727, -5.20844],
						[119.4292, -5.21068],
						[119.42935, -5.21197],
						[119.42784, -5.21143],
						[119.4275, -5.21228],
						[119.42774, -5.2126],
						[119.42729, -5.21343],
						[119.42686, -5.21314],
						[119.42374, -5.21735],
						[119.42403, -5.21867],
						[119.42526, -5.2192],
						[119.42552, -5.22051],
						[119.42507, -5.22121],
						[119.42966, -5.22328],
						[119.43219, -5.22559],
						[119.43452, -5.22902],
						[119.43772, -5.23201],
						[119.43788, -5.23357],
						[119.43741, -5.23431],
						[119.43704, -5.23436],
						[119.43673, -5.23521],
						[119.43594, -5.23535],
						[119.43586, -5.23591],
						[119.43507, -5.23635],
						[119.43637, -5.23788],
						[119.43668, -5.23993],
						[119.43716, -5.24017],
						[119.43755, -5.24222],
						[119.43592, -5.2456],
						[119.43476, -5.24719]
					],
					[
						[119.44024, -5.2469],
						[119.43954, -5.24748],
						[119.43995, -5.24794],
						[119.43978, -5.24907],
						[119.44026, -5.2496],
						[119.44112, -5.24898],
						[119.44163, -5.24797],
						[119.44126, -5.24787],
						[119.44077, -5.24698],
						[119.44024, -5.2469]
					]
				]
			}
		},
		{
			"type": "Feature",
			"properties": {
				"slug": "gowa--parangloe",
				"nama": "Parangloe",
				"kabkota": "gowa",
				"osm": "relation/14918660",
				"pusat": [-5.236964581497801, 119.65571497797349]
			},
			"geometry": {
				"type": "Polygon",
				"coordinates": [
					[
						[119.62013, -5.16067],
						[119.61286, -5.15903],
						[119.60606, -5.15885],
						[119.60564, -5.15522],
						[119.60405, -5.15412],
						[119.60077, -5.15368],
						[119.5993, -5.15759],
						[119.59614, -5.15979],
						[119.59729, -5.1603],
						[119.59739, -5.16188],
						[119.59671, -5.16446],
						[119.59726, -5.16464],
						[119.59704, -5.17014],
						[119.58964, -5.17812],
						[119.58986, -5.17877],
						[119.59178, -5.17826],
						[119.5947, -5.17655],
						[119.59613, -5.17603],
						[119.59682, -5.17614],
						[119.59624, -5.17723],
						[119.5965, -5.1787],
						[119.60258, -5.18785],
						[119.60351, -5.19067],
						[119.60431, -5.19206],
						[119.60398, -5.19441],
						[119.60228, -5.19894],
						[119.60178, -5.20564],
						[119.60277, -5.20961],
						[119.60404, -5.21132],
						[119.60663, -5.21301],
						[119.6079, -5.21584],
						[119.60823, -5.2209],
						[119.60807, -5.2238],
						[119.60937, -5.2317],
						[119.60859, -5.23341],
						[119.60252, -5.23357],
						[119.59738, -5.23732],
						[119.59567, -5.23958],
						[119.59395, -5.24059],
						[119.5921, -5.24245],
						[119.59075, -5.24313],
						[119.5906, -5.24612],
						[119.59011, -5.24661],
						[119.58908, -5.2467],
						[119.58777, -5.24965],
						[119.58708, -5.25001],
						[119.58449, -5.25275],
						[119.5832, -5.25296],
						[119.58013, -5.25546],
						[119.57856, -5.25871],
						[119.5794, -5.26093],
						[119.57848, -5.26604],
						[119.57766, -5.26779],
						[119.57597, -5.27386],
						[119.57621, -5.27446],
						[119.58606, -5.28006],
						[119.58662, -5.28071],
						[119.58707, -5.28036],
						[119.58822, -5.28266],
						[119.59187, -5.2802],
						[119.59165, -5.27931],
						[119.592, -5.27871],
						[119.59154, -5.27827],
						[119.59182, -5.27771],
						[119.59049, -5.27699],
						[119.59054, -5.27632],
						[119.59131, -5.27508],
						[119.59139, -5.27373],
						[119.59414, -5.27166],
						[119.59519, -5.2704],
						[119.59531, -5.26972],
						[119.59599, -5.2694],
						[119.59631, -5.26883],
						[119.59769, -5.26872],
						[119.59793, -5.2676],
						[119.59833, -5.26724],
						[119.59917, -5.26707],
						[119.59944, -5.26735],
						[119.60032, -5.26691],
						[119.60041, -5.26739],
						[119.60228, -5.2681],
						[119.60224, -5.26719],
						[119.60378, -5.26664],
						[119.60286, -5.26529],
						[119.60281, -5.26412],
						[119.60206, -5.26313],
						[119.60353, -5.26393],
						[119.60435, -5.26571],
						[119.6057, -5.2657],
						[119.60615, -5.26511],
						[119.60823, -5.26484],
						[119.60891, -5.26529],
						[119.60995, -5.26522],
						[119.61055, -5.26602],
						[119.61126, -5.2659],
						[119.61228, -5.2671],
						[119.61334, -5.26699],
						[119.61449, -5.26776],
						[119.61483, -5.26737],
						[119.61689, -5.26759],
						[119.61853, -5.26635],
						[119.61824, -5.26478],
						[119.61931, -5.26253],
						[119.62023, -5.26224],
						[119.62103, -5.26239],
						[119.62171, -5.2619],
						[119.62092, -5.25646],
						[119.62129, -5.25583],
						[119.62212, -5.25542],
						[119.62321, -5.25557],
						[119.6243, -5.25776],
						[119.62689, -5.25689],
						[119.62798, -5.25702],
						[119.63058, -5.26246],
						[119.63185, -5.26277],
						[119.63286, -5.26259],
						[119.63336, -5.26204],
						[119.63357, -5.26086],
						[119.63694, -5.26173],
						[119.63718, -5.2612],
						[119.63696, -5.25859],
						[119.64061, -5.25937],
						[119.65084, -5.2582],
						[119.65431, -5.2598],
						[119.66076, -5.25912],
						[119.66444, -5.25613],
						[119.66696, -5.25469],
						[119.66872, -5.25409],
						[119.66969, -5.25459],
						[119.67249, -5.25833],
						[119.67389, -5.25894],
						[119.67732, -5.25967],
						[119.68088, -5.26514],
						[119.68324, -5.26561],
						[119.68525, -5.26358],
						[119.68649, -5.2639],
						[119.68838, -5.26296],
						[119.69316, -5.26272],
						[119.69548, -5.2621],
						[119.69659, -5.26235],
						[119.69752, -5.26306],
						[119.70155, -5.26338],
						[119.70215, -5.26382],
						[119.70272, -5.26594],
						[119.70513, -5.26698],
						[119.70623, -5.26646],
						[119.70704, -5.26678],
						[119.70926, -5.26913],
						[119.71231, -5.27052],
						[119.71326, -5.27196],
						[119.71449, -5.2729],
						[119.71565, -5.27321],
						[119.71692, -5.27285],
						[119.72178, -5.27255],
						[119.72381, -5.27421],
						[119.72589, -5.2753],
						[119.72661, -5.27619],
						[119.72744, -5.2765],
						[119.72856, -5.27632],
						[119.73103, -5.27786],
						[119.73238, -5.27833],
						[119.73362, -5.27791],
						[119.73609, -5.27925],
						[119.73906, -5.27885],
						[119.74037, -5.27838],
						[119.74178, -5.27651],
						[119.7436, -5.27549],
						[119.74594, -5.27546],
						[119.74778, -5.27486],
						[119.74986, -5.27491],
						[119.75097, -5.27549],
						[119.7522, -5.27737],
						[119.75297, -5.27805],
						[119.75386, -5.27834],
						[119.75521, -5.27972],
						[119.75617, -5.27943],
						[119.75624, -5.27323],
						[119.75466, -5.26184],
						[119.7559, -5.24821],
						[119.75832, -5.24695],
						[119.76869, -5.23711],
						[119.77086, -5.2325],
						[119.77867, -5.22203],
						[119.77959, -5.21987],
						[119.78026, -5.21241],
						[119.78112, -5.21121],
						[119.78123, -5.20942],
						[119.78013, -5.20889],
						[119.779, -5.20781],
						[119.77781, -5.20797],
						[119.77556, -5.20756],
						[119.77491, -5.20615],
						[119.77453, -5.20615],
						[119.77429, -5.20568],
						[119.77476, -5.20498],
						[119.77414, -5.20139],
						[119.77356, -5.20002],
						[119.76984, -5.19819],
						[119.7672, -5.19367],
						[119.76328, -5.18991],
						[119.75707, -5.18833],
						[119.75039, -5.18606],
						[119.74342, -5.18264],
						[119.731, -5.18267],
						[119.72773, -5.18368],
						[119.71956, -5.18273],
						[119.71136, -5.17845],
						[119.70718, -5.17785],
						[119.7054, -5.17578],
						[119.7009, -5.17428],
						[119.69367, -5.1698],
						[119.68972, -5.17011],
						[119.68739, -5.16776],
						[119.68603, -5.16699],
						[119.68325, -5.16613],
						[119.66619, -5.16759],
						[119.65465, -5.16734],
						[119.64911, -5.17248],
						[119.64724, -5.17865],
						[119.64192, -5.17795],
						[119.63784, -5.17684],
						[119.63671, -5.17477],
						[119.62967, -5.16765],
						[119.62629, -5.16544],
						[119.6231, -5.16188],
						[119.6213, -5.16093],
						[119.62013, -5.16067]
					]
				]
			}
		},
		{
			"type": "Feature",
			"properties": {
				"slug": "gowa--parigi",
				"nama": "Parigi",
				"kabkota": "gowa",
				"osm": "relation/14972918",
				"pusat": [-5.306909112426034, 119.85119426035509]
			},
			"geometry": {
				"type": "Polygon",
				"coordinates": [
					[
						[119.78275, -5.32549],
						[119.79203, -5.32614],
						[119.79477, -5.32572],
						[119.79707, -5.32473],
						[119.80068, -5.32474],
						[119.80385, -5.32574],
						[119.80755, -5.32628],
						[119.81702, -5.3269],
						[119.82083, -5.3276],
						[119.83084, -5.32744],
						[119.83374, -5.32771],
						[119.83622, -5.32864],
						[119.83899, -5.32896],
						[119.84136, -5.33017],
						[119.8437, -5.33015],
						[119.8451, -5.32889],
						[119.8471, -5.32803],
						[119.84896, -5.32773],
						[119.85007, -5.32816],
						[119.85294, -5.32823],
						[119.85417, -5.32918],
						[119.85483, -5.33024],
						[119.85823, -5.33354],
						[119.8595, -5.33391],
						[119.86196, -5.33218],
						[119.86776, -5.33015],
						[119.8725, -5.32948],
						[119.87405, -5.32987],
						[119.87513, -5.32961],
						[119.87713, -5.3271],
						[119.87969, -5.32636],
						[119.88289, -5.32695],
						[119.88563, -5.32805],
						[119.89161, -5.32794],
						[119.89549, -5.32983],
						[119.89779, -5.33039],
						[119.90226, -5.33261],
						[119.90999, -5.33413],
						[119.91552, -5.33649],
						[119.9183, -5.33716],
						[119.91877, -5.33774],
						[119.91892, -5.3396],
						[119.91993, -5.3415],
						[119.92036, -5.34153],
						[119.92202, -5.34083],
						[119.92517, -5.34129],
						[119.92788, -5.34096],
						[119.92848, -5.34034],
						[119.929, -5.34079],
						[119.9298, -5.33767],
						[119.93407, -5.33173],
						[119.93681, -5.3254],
						[119.94055, -5.32094],
						[119.94129, -5.31908],
						[119.94282, -5.31772],
						[119.94386, -5.31741],
						[119.93985, -5.30689],
						[119.93349, -5.30851],
						[119.93069, -5.30843],
						[119.93067, -5.30806],
						[119.92908, -5.30716],
						[119.92809, -5.30701],
						[119.92454, -5.3074],
						[119.92274, -5.30798],
						[119.92049, -5.30741],
						[119.91976, -5.3067],
						[119.91452, -5.30862],
						[119.91299, -5.30885],
						[119.91171, -5.30804],
						[119.91024, -5.30766],
						[119.90976, -5.30693],
						[119.90791, -5.30676],
						[119.90704, -5.30723],
						[119.90616, -5.30707],
						[119.9048, -5.30869],
						[119.90372, -5.30769],
						[119.90188, -5.30825],
						[119.9, -5.30742],
						[119.89954, -5.30692],
						[119.89843, -5.30411],
						[119.89574, -5.30258],
						[119.89386, -5.30222],
						[119.89132, -5.29919],
						[119.88838, -5.29735],
						[119.88735, -5.29736],
						[119.8865, -5.29775],
						[119.88518, -5.29734],
						[119.88338, -5.29882],
						[119.88227, -5.29933],
						[119.87744, -5.29888],
						[119.87569, -5.29828],
						[119.87363, -5.29629],
						[119.8728, -5.29499],
						[119.87045, -5.29428],
						[119.86835, -5.29298],
						[119.86733, -5.29132],
						[119.86721, -5.28891],
						[119.86642, -5.28827],
						[119.86286, -5.28729],
						[119.86081, -5.28606],
						[119.86054, -5.28578],
						[119.8606, -5.28447],
						[119.85958, -5.2847],
						[119.85965, -5.28306],
						[119.85822, -5.28105],
						[119.85759, -5.2807],
						[119.85587, -5.28085],
						[119.85343, -5.28001],
						[119.85171, -5.28021],
						[119.85092, -5.27876],
						[119.85037, -5.2784],
						[119.84908, -5.27852],
						[119.84682, -5.27779],
						[119.84475, -5.27819],
						[119.84404, -5.27963],
						[119.84351, -5.27978],
						[119.84186, -5.27923],
						[119.83802, -5.27933],
						[119.83695, -5.27886],
						[119.83522, -5.27743],
						[119.83387, -5.27767],
						[119.83173, -5.27741],
						[119.82824, -5.2781],
						[119.82222, -5.28002],
						[119.82027, -5.27997],
						[119.81638, -5.28079],
						[119.81178, -5.28056],
						[119.80943, -5.28083],
						[119.80749, -5.28136],
						[119.80525, -5.2826],
						[119.79907, -5.28217],
						[119.7979, -5.28161],
						[119.79585, -5.28178],
						[119.79363, -5.28219],
						[119.78966, -5.28492],
						[119.78127, -5.28618],
						[119.77882, -5.28581],
						[119.77715, -5.28591],
						[119.77579, -5.285],
						[119.77127, -5.28368],
						[119.76849, -5.28381],
						[119.76846, -5.28504],
						[119.76477, -5.28826],
						[119.76477, -5.28871],
						[119.76355, -5.29063],
						[119.76394, -5.29078],
						[119.76496, -5.29389],
						[119.76552, -5.29446],
						[119.76721, -5.2947],
						[119.76783, -5.29585],
						[119.76942, -5.29609],
						[119.77022, -5.29724],
						[119.77059, -5.29844],
						[119.76961, -5.30054],
						[119.76983, -5.30142],
						[119.77142, -5.30322],
						[119.76965, -5.30527],
						[119.76867, -5.30571],
						[119.76813, -5.30689],
						[119.76161, -5.31329],
						[119.75803, -5.31797],
						[119.75864, -5.31905],
						[119.76285, -5.32179],
						[119.7669, -5.32145],
						[119.77313, -5.32344],
						[119.77505, -5.32312],
						[119.77651, -5.32418],
						[119.77872, -5.32517],
						[119.78275, -5.32549]
					]
				]
			}
		},
		{
			"type": "Feature",
			"properties": {
				"slug": "gowa--pattallassang",
				"nama": "Pattallassang",
				"kabkota": "gowa",
				"osm": "relation/13138299",
				"pusat": [-5.19918620938628, 119.54924700361023]
			},
			"geometry": {
				"type": "Polygon",
				"coordinates": [
					[
						[119.59513, -5.15991],
						[119.59614, -5.15979],
						[119.59729, -5.1603],
						[119.59739, -5.16188],
						[119.59671, -5.16446],
						[119.59726, -5.16464],
						[119.59704, -5.17014],
						[119.58964, -5.17812],
						[119.58986, -5.17877],
						[119.59178, -5.17826],
						[119.5947, -5.17655],
						[119.59613, -5.17603],
						[119.59682, -5.17614],
						[119.59624, -5.17723],
						[119.5965, -5.1787],
						[119.60258, -5.18785],
						[119.60351, -5.19067],
						[119.60431, -5.19206],
						[119.60398, -5.19441],
						[119.60228, -5.19894],
						[119.60178, -5.20564],
						[119.60277, -5.20961],
						[119.60404, -5.21132],
						[119.60663, -5.21301],
						[119.6079, -5.21584],
						[119.60823, -5.2209],
						[119.60807, -5.2238],
						[119.60918, -5.23007],
						[119.60918, -5.23253],
						[119.60859, -5.23341],
						[119.60252, -5.23357],
						[119.59738, -5.23732],
						[119.59567, -5.23958],
						[119.59395, -5.24059],
						[119.5921, -5.24245],
						[119.59075, -5.24313],
						[119.5906, -5.24612],
						[119.59011, -5.24661],
						[119.58908, -5.2467],
						[119.58777, -5.24965],
						[119.58708, -5.25001],
						[119.58449, -5.25275],
						[119.5832, -5.25296],
						[119.58013, -5.25546],
						[119.57856, -5.25871],
						[119.5794, -5.26093],
						[119.57286, -5.26014],
						[119.56685, -5.2584],
						[119.5658, -5.25848],
						[119.5623, -5.25711],
						[119.55984, -5.2546],
						[119.55782, -5.25321],
						[119.55696, -5.25332],
						[119.55689, -5.25385],
						[119.55549, -5.25321],
						[119.55489, -5.25255],
						[119.55409, -5.25246],
						[119.55371, -5.25299],
						[119.55315, -5.25314],
						[119.55362, -5.25405],
						[119.55248, -5.25378],
						[119.55216, -5.25405],
						[119.55232, -5.25285],
						[119.55161, -5.25335],
						[119.55107, -5.25268],
						[119.55037, -5.25267],
						[119.54974, -5.25126],
						[119.54775, -5.25132],
						[119.54673, -5.25258],
						[119.54622, -5.25259],
						[119.54528, -5.25348],
						[119.54445, -5.25367],
						[119.54264, -5.2528],
						[119.54246, -5.25237],
						[119.5428, -5.25173],
						[119.5424, -5.25099],
						[119.54178, -5.25091],
						[119.54174, -5.25032],
						[119.54095, -5.2501],
						[119.54003, -5.25061],
						[119.53984, -5.25025],
						[119.54048, -5.24819],
						[119.53955, -5.24739],
						[119.54006, -5.24674],
						[119.54117, -5.24654],
						[119.541, -5.24506],
						[119.54162, -5.24439],
						[119.54107, -5.24408],
						[119.53998, -5.2444],
						[119.53958, -5.2442],
						[119.53932, -5.2426],
						[119.53734, -5.2403],
						[119.53777, -5.23882],
						[119.53879, -5.23871],
						[119.53911, -5.23741],
						[119.53756, -5.23469],
						[119.53733, -5.23261],
						[119.53602, -5.23184],
						[119.53468, -5.22918],
						[119.53342, -5.22846],
						[119.5331, -5.22876],
						[119.53237, -5.22856],
						[119.53243, -5.22488],
						[119.53176, -5.22466],
						[119.53032, -5.22311],
						[119.52964, -5.22315],
						[119.52957, -5.22369],
						[119.52921, -5.22363],
						[119.52925, -5.22306],
						[119.52869, -5.22316],
						[119.5287, -5.22268],
						[119.52775, -5.22245],
						[119.52762, -5.2221],
						[119.52706, -5.22221],
						[119.52721, -5.22165],
						[119.52638, -5.22203],
						[119.52506, -5.22071],
						[119.52482, -5.21964],
						[119.52416, -5.21975],
						[119.52373, -5.21929],
						[119.52271, -5.21923],
						[119.52278, -5.21879],
						[119.52317, -5.21861],
						[119.52261, -5.2183],
						[119.52283, -5.2174],
						[119.52243, -5.21732],
						[119.52238, -5.2169],
						[119.5216, -5.21631],
						[119.52184, -5.21508],
						[119.51985, -5.21467],
						[119.518, -5.21256],
						[119.5184, -5.21218],
						[119.51788, -5.2112],
						[119.51831, -5.20961],
						[119.51796, -5.20882],
						[119.52132, -5.20248],
						[119.52044, -5.2022],
						[119.52077, -5.20091],
						[119.52043, -5.19984],
						[119.51965, -5.19895],
						[119.51912, -5.19886],
						[119.51876, -5.19814],
						[119.51764, -5.19825],
						[119.5178, -5.19694],
						[119.51723, -5.19669],
						[119.51757, -5.19588],
						[119.51696, -5.19526],
						[119.5169, -5.19437],
						[119.51622, -5.19339],
						[119.51583, -5.19207],
						[119.51613, -5.18872],
						[119.51544, -5.1877],
						[119.51566, -5.18679],
						[119.51693, -5.18527],
						[119.51643, -5.18428],
						[119.51679, -5.18313],
						[119.51551, -5.18228],
						[119.51508, -5.18128],
						[119.51368, -5.1811],
						[119.51349, -5.18021],
						[119.51405, -5.17986],
						[119.51401, -5.17929],
						[119.51227, -5.17826],
						[119.5128, -5.17791],
						[119.51201, -5.17713],
						[119.51222, -5.17681],
						[119.51301, -5.1768],
						[119.51369, -5.17534],
						[119.51442, -5.17486],
						[119.51522, -5.17368],
						[119.51551, -5.17264],
						[119.51525, -5.17175],
						[119.51545, -5.17091],
						[119.51594, -5.17054],
						[119.51669, -5.17078],
						[119.51794, -5.17056],
						[119.51918, -5.16971],
						[119.51837, -5.16828],
						[119.519, -5.16848],
						[119.51961, -5.16781],
						[119.51967, -5.16621],
						[119.51839, -5.16504],
						[119.51962, -5.1638],
						[119.5199, -5.16403],
						[119.52098, -5.16328],
						[119.52292, -5.16309],
						[119.52347, -5.16357],
						[119.52324, -5.16406],
						[119.52369, -5.16426],
						[119.52413, -5.1638],
						[119.52457, -5.16424],
						[119.52548, -5.16395],
						[119.52765, -5.16563],
						[119.5291, -5.16615],
						[119.5292, -5.16702],
						[119.53053, -5.16725],
						[119.53095, -5.16726],
						[119.53188, -5.16562],
						[119.53381, -5.16598],
						[119.53397, -5.16564],
						[119.53608, -5.16618],
						[119.53773, -5.16536],
						[119.53924, -5.16401],
						[119.54072, -5.16565],
						[119.54257, -5.16471],
						[119.54364, -5.16455],
						[119.54516, -5.16335],
						[119.54576, -5.16337],
						[119.54539, -5.16248],
						[119.54567, -5.161],
						[119.54621, -5.15986],
						[119.54664, -5.16014],
						[119.54667, -5.15975],
						[119.54747, -5.15946],
						[119.54828, -5.15984],
						[119.54962, -5.15986],
						[119.55107, -5.16142],
						[119.55204, -5.16111],
						[119.55245, -5.16129],
						[119.55301, -5.16168],
						[119.5533, -5.16278],
						[119.5543, -5.16222],
						[119.55412, -5.16275],
						[119.55488, -5.16304],
						[119.55483, -5.16375],
						[119.55386, -5.16409],
						[119.55388, -5.16477],
						[119.55338, -5.16513],
						[119.5542, -5.16522],
						[119.55457, -5.16596],
						[119.55662, -5.16607],
						[119.55684, -5.16659],
						[119.55742, -5.16681],
						[119.5574, -5.16726],
						[119.55826, -5.16722],
						[119.5584, -5.16752],
						[119.55802, -5.16802],
						[119.55864, -5.16853],
						[119.55921, -5.16783],
						[119.56043, -5.16762],
						[119.56008, -5.16829],
						[119.56071, -5.16834],
						[119.56105, -5.16872],
						[119.56035, -5.1701],
						[119.56108, -5.17059],
						[119.56165, -5.17019],
						[119.56192, -5.17137],
						[119.56194, -5.17088],
						[119.56284, -5.17071],
						[119.56258, -5.17114],
						[119.56309, -5.17105],
						[119.56299, -5.17251],
						[119.56365, -5.17224],
						[119.5638, -5.17301],
						[119.56433, -5.17288],
						[119.564, -5.17213],
						[119.56423, -5.17182],
						[119.56469, -5.17256],
						[119.56532, -5.17277],
						[119.56507, -5.17219],
						[119.56572, -5.17114],
						[119.56652, -5.17162],
						[119.56576, -5.17256],
						[119.56671, -5.17312],
						[119.56722, -5.17199],
						[119.56846, -5.17102],
						[119.5691, -5.16922],
						[119.56971, -5.1693],
						[119.57101, -5.16869],
						[119.57217, -5.16641],
						[119.57497, -5.16311],
						[119.57713, -5.16198],
						[119.57921, -5.16041],
						[119.57969, -5.15945],
						[119.5796, -5.15761],
						[119.58742, -5.15788],
						[119.59513, -5.15991]
					]
				]
			}
		},
		{
			"type": "Feature",
			"properties": {
				"slug": "gowa--somba-opu",
				"nama": "Somba Opu",
				"kabkota": "gowa",
				"osm": "relation/11625835",
				"pusat": [-5.204079186046511, 119.48320883720935]
			},
			"geometry": {
				"type": "Polygon",
				"coordinates": [
					[
						[119.44994, -5.19011],
						[119.45317, -5.19153],
						[119.45552, -5.19196],
						[119.45566, -5.19173],
						[119.45724, -5.19179],
						[119.45876, -5.191],
						[119.46068, -5.18527],
						[119.46102, -5.18539],
						[119.4637, -5.1755],
						[119.46884, -5.17777],
						[119.47078, -5.17902],
						[119.47564, -5.18321],
						[119.47959, -5.18507],
						[119.48271, -5.18578],
						[119.48348, -5.18636],
						[119.48409, -5.18656],
						[119.48431, -5.18601],
						[119.48655, -5.18676],
						[119.48696, -5.18759],
						[119.48665, -5.18872],
						[119.4911, -5.19121],
						[119.49248, -5.19102],
						[119.49528, -5.18938],
						[119.49766, -5.19017],
						[119.50268, -5.19115],
						[119.5158, -5.19186],
						[119.51622, -5.19339],
						[119.5169, -5.19437],
						[119.51696, -5.19526],
						[119.51757, -5.19588],
						[119.51723, -5.19669],
						[119.5178, -5.19694],
						[119.51764, -5.19825],
						[119.51876, -5.19814],
						[119.51912, -5.19886],
						[119.51965, -5.19895],
						[119.52043, -5.19984],
						[119.52077, -5.20091],
						[119.52044, -5.2022],
						[119.52132, -5.20248],
						[119.51796, -5.20882],
						[119.51828, -5.20931],
						[119.51815, -5.21007],
						[119.51098, -5.20936],
						[119.50834, -5.21026],
						[119.50583, -5.21058],
						[119.4965, -5.22236],
						[119.49492, -5.22568],
						[119.49243, -5.22491],
						[119.4926, -5.22448],
						[119.49192, -5.22419],
						[119.49059, -5.22414],
						[119.48921, -5.22359],
						[119.48646, -5.22365],
						[119.4859, -5.22429],
						[119.48513, -5.22441],
						[119.48428, -5.22586],
						[119.48281, -5.22521],
						[119.48152, -5.22567],
						[119.48294, -5.22787],
						[119.48459, -5.22861],
						[119.48459, -5.22995],
						[119.48394, -5.23084],
						[119.48263, -5.23143],
						[119.48126, -5.23087],
						[119.47867, -5.23228],
						[119.47517, -5.22709],
						[119.47309, -5.22245],
						[119.47176, -5.22164],
						[119.46955, -5.22278],
						[119.46723, -5.22285],
						[119.46233, -5.22083],
						[119.45845, -5.21979],
						[119.45734, -5.21856],
						[119.45659, -5.21703],
						[119.44854, -5.20828],
						[119.44615, -5.205],
						[119.44153, -5.19564],
						[119.43959, -5.19234],
						[119.44072, -5.19087],
						[119.4409, -5.18858],
						[119.44475, -5.18867],
						[119.44539, -5.18802],
						[119.44681, -5.18849],
						[119.4466, -5.18902],
						[119.44994, -5.19011]
					]
				]
			}
		},
		{
			"type": "Feature",
			"properties": {
				"slug": "gowa--tinggimoncong",
				"nama": "Tinggimoncong",
				"kabkota": "gowa",
				"osm": "relation/14918698",
				"pusat": [-5.258007096774195, 119.86918442396322]
			},
			"geometry": {
				"type": "Polygon",
				"coordinates": [
					[
						[119.75617, -5.27943],
						[119.75592, -5.28542],
						[119.75956, -5.28743],
						[119.76039, -5.28751],
						[119.76108, -5.28997],
						[119.76313, -5.29065],
						[119.76355, -5.29063],
						[119.76431, -5.28957],
						[119.76477, -5.28826],
						[119.76846, -5.28504],
						[119.76849, -5.28381],
						[119.77127, -5.28368],
						[119.77579, -5.285],
						[119.77715, -5.28591],
						[119.77882, -5.28581],
						[119.78127, -5.28618],
						[119.78966, -5.28492],
						[119.79363, -5.28219],
						[119.79585, -5.28178],
						[119.7979, -5.28161],
						[119.79907, -5.28217],
						[119.80525, -5.2826],
						[119.80749, -5.28136],
						[119.80943, -5.28083],
						[119.81178, -5.28056],
						[119.81638, -5.28079],
						[119.82027, -5.27997],
						[119.82222, -5.28002],
						[119.82824, -5.2781],
						[119.83173, -5.27741],
						[119.83387, -5.27767],
						[119.83522, -5.27743],
						[119.83695, -5.27886],
						[119.83802, -5.27933],
						[119.84186, -5.27923],
						[119.84351, -5.27978],
						[119.84404, -5.27963],
						[119.84475, -5.27819],
						[119.84682, -5.27779],
						[119.84908, -5.27852],
						[119.85037, -5.2784],
						[119.85092, -5.27876],
						[119.85171, -5.28021],
						[119.85406, -5.28006],
						[119.85587, -5.28085],
						[119.85759, -5.2807],
						[119.85822, -5.28105],
						[119.85965, -5.28306],
						[119.85958, -5.2847],
						[119.8606, -5.28447],
						[119.86054, -5.28578],
						[119.86081, -5.28606],
						[119.86286, -5.28729],
						[119.86642, -5.28827],
						[119.86721, -5.28891],
						[119.86733, -5.29132],
						[119.86835, -5.29298],
						[119.87045, -5.29428],
						[119.8728, -5.29499],
						[119.87363, -5.29629],
						[119.87569, -5.29828],
						[119.87744, -5.29888],
						[119.88227, -5.29933],
						[119.88338, -5.29882],
						[119.88518, -5.29734],
						[119.8865, -5.29775],
						[119.88735, -5.29736],
						[119.88838, -5.29735],
						[119.89132, -5.29919],
						[119.89386, -5.30222],
						[119.89574, -5.30258],
						[119.89843, -5.30411],
						[119.89954, -5.30692],
						[119.9, -5.30742],
						[119.90188, -5.30825],
						[119.90372, -5.30769],
						[119.9048, -5.30869],
						[119.90616, -5.30707],
						[119.90704, -5.30723],
						[119.90791, -5.30676],
						[119.90976, -5.30693],
						[119.91024, -5.30766],
						[119.91171, -5.30804],
						[119.91299, -5.30885],
						[119.91452, -5.30862],
						[119.91976, -5.3067],
						[119.92049, -5.30741],
						[119.92274, -5.30798],
						[119.92454, -5.3074],
						[119.92809, -5.30701],
						[119.92908, -5.30716],
						[119.93067, -5.30806],
						[119.93069, -5.30843],
						[119.93349, -5.30851],
						[119.93985, -5.30689],
						[119.93851, -5.30088],
						[119.936, -5.29367],
						[119.93652, -5.29137],
						[119.93568, -5.28854],
						[119.93553, -5.28394],
						[119.93339, -5.27819],
						[119.93369, -5.27704],
						[119.9324, -5.27489],
						[119.93272, -5.27045],
						[119.934, -5.26804],
						[119.93357, -5.26697],
						[119.93468, -5.26596],
						[119.9343, -5.26526],
						[119.93434, -5.26363],
						[119.93288, -5.26208],
						[119.93323, -5.2605],
						[119.93303, -5.25976],
						[119.93221, -5.25943],
						[119.9321, -5.25881],
						[119.93171, -5.25912],
						[119.93148, -5.25884],
						[119.9318, -5.25804],
						[119.9313, -5.25787],
						[119.93051, -5.25584],
						[119.92982, -5.25595],
						[119.92966, -5.25569],
						[119.9296, -5.25464],
						[119.93006, -5.25328],
						[119.92919, -5.25274],
						[119.92999, -5.25113],
						[119.92907, -5.25073],
						[119.92843, -5.25104],
						[119.92828, -5.25083],
						[119.92933, -5.24865],
						[119.92976, -5.24849],
						[119.92897, -5.24805],
						[119.92839, -5.24659],
						[119.9296, -5.24658],
						[119.93021, -5.24582],
						[119.93004, -5.24523],
						[119.93056, -5.24348],
						[119.93245, -5.24223],
						[119.93231, -5.24095],
						[119.93162, -5.24027],
						[119.9321, -5.23988],
						[119.93219, -5.23932],
						[119.9315, -5.23914],
						[119.93103, -5.23827],
						[119.92887, -5.23888],
						[119.92611, -5.23768],
						[119.92458, -5.23764],
						[119.92218, -5.23896],
						[119.92079, -5.2385],
						[119.91909, -5.23908],
						[119.91772, -5.24002],
						[119.91632, -5.23948],
						[119.91591, -5.23861],
						[119.9163, -5.23751],
						[119.91733, -5.23631],
						[119.91795, -5.2339],
						[119.91729, -5.23132],
						[119.91684, -5.23087],
						[119.91542, -5.23053],
						[119.9118, -5.22771],
						[119.90755, -5.21527],
						[119.90681, -5.21467],
						[119.90406, -5.21409],
						[119.90048, -5.21487],
						[119.89759, -5.21621],
						[119.89684, -5.2162],
						[119.89454, -5.21135],
						[119.88926, -5.20423],
						[119.88217, -5.20303],
						[119.8817, -5.20232],
						[119.8814, -5.20054],
						[119.88061, -5.19866],
						[119.87942, -5.19803],
						[119.87179, -5.19605],
						[119.8694, -5.19616],
						[119.86726, -5.19471],
						[119.86518, -5.19425],
						[119.86225, -5.19109],
						[119.85755, -5.19187],
						[119.85539, -5.19113],
						[119.85394, -5.18951],
						[119.84862, -5.18724],
						[119.84376, -5.18397],
						[119.83967, -5.18819],
						[119.83716, -5.1913],
						[119.83399, -5.19399],
						[119.83097, -5.1956],
						[119.83004, -5.1952],
						[119.82937, -5.19561],
						[119.82718, -5.1956],
						[119.82641, -5.19606],
						[119.82488, -5.19819],
						[119.8238, -5.19825],
						[119.82244, -5.20007],
						[119.82056, -5.20126],
						[119.81825, -5.20414],
						[119.81706, -5.20427],
						[119.81636, -5.20547],
						[119.81561, -5.20584],
						[119.81188, -5.20521],
						[119.80618, -5.20541],
						[119.80205, -5.21069],
						[119.79877, -5.21162],
						[119.79405, -5.20961],
						[119.78971, -5.21088],
						[119.78578, -5.20796],
						[119.78123, -5.20942],
						[119.78112, -5.21121],
						[119.78026, -5.21241],
						[119.77959, -5.21987],
						[119.77867, -5.22203],
						[119.77086, -5.2325],
						[119.76869, -5.23711],
						[119.75832, -5.24695],
						[119.7559, -5.24821],
						[119.75466, -5.26184],
						[119.75624, -5.27323],
						[119.75617, -5.27943]
					]
				]
			}
		},
		{
			"type": "Feature",
			"properties": {
				"slug": "gowa--tombolopao",
				"nama": "Tombolopao",
				"kabkota": "gowa",
				"osm": "relation/14918699",
				"pusat": [-5.203731784511784, 119.9445858922559]
			},
			"geometry": {
				"type": "Polygon",
				"coordinates": [
					[
						[119.94386, -5.31741],
						[119.9449, -5.31709],
						[119.94544, -5.31628],
						[119.94607, -5.31055],
						[119.94829, -5.30438],
						[119.94946, -5.3],
						[119.95142, -5.29624],
						[119.95384, -5.29338],
						[119.95504, -5.29073],
						[119.9582, -5.28711],
						[119.96122, -5.28579],
						[119.96215, -5.28496],
						[119.96191, -5.28389],
						[119.96341, -5.28256],
						[119.96382, -5.2816],
						[119.96416, -5.2816],
						[119.96517, -5.28284],
						[119.96697, -5.28184],
						[119.96807, -5.28179],
						[119.96815, -5.28075],
						[119.96908, -5.27989],
						[119.97371, -5.27801],
						[119.97493, -5.2772],
						[119.97539, -5.27549],
						[119.9753, -5.27404],
						[119.97352, -5.27359],
						[119.97279, -5.27308],
						[119.9726, -5.27137],
						[119.97405, -5.26756],
						[119.97519, -5.26568],
						[119.97654, -5.26115],
						[119.97695, -5.2587],
						[119.97948, -5.25178],
						[119.98317, -5.24821],
						[119.9854, -5.24357],
						[119.98594, -5.24344],
						[119.9875, -5.24141],
						[119.98999, -5.23725],
						[119.99579, -5.23346],
						[119.99755, -5.2299],
						[119.9981, -5.22795],
						[119.99795, -5.2275],
						[119.99721, -5.22739],
						[119.99736, -5.22686],
						[119.99688, -5.22588],
						[119.99774, -5.22381],
						[119.99853, -5.22392],
						[119.99864, -5.22344],
						[119.99806, -5.22294],
						[119.99811, -5.22248],
						[119.99688, -5.22027],
						[119.9958, -5.21953],
						[119.99595, -5.2187],
						[119.99563, -5.21788],
						[119.99492, -5.21726],
						[119.99383, -5.21348],
						[119.992, -5.21192],
						[119.99125, -5.21181],
						[119.99104, -5.21098],
						[119.99123, -5.21027],
						[119.99012, -5.20922],
						[119.99127, -5.20886],
						[119.99162, -5.20824],
						[119.99157, -5.20764],
						[119.99054, -5.20642],
						[119.99035, -5.20576],
						[119.99057, -5.20476],
						[119.99123, -5.20465],
						[119.9926, -5.20533],
						[119.99239, -5.2045],
						[119.9928, -5.20399],
						[119.99353, -5.20388],
						[119.99535, -5.2026],
						[119.99376, -5.20172],
						[119.99374, -5.20104],
						[119.99559, -5.19899],
						[119.99632, -5.19875],
						[119.99773, -5.19948],
						[119.99999, -5.19839],
						[120.00078, -5.19884],
						[120.00136, -5.19984],
						[120.002, -5.20023],
						[120.00258, -5.20008],
						[120.00297, -5.19886],
						[120.002, -5.19809],
						[120.00177, -5.1973],
						[120.00196, -5.19642],
						[120.00243, -5.19614],
						[120.00327, -5.19612],
						[120.00393, -5.19661],
						[120.00432, -5.19758],
						[120.00612, -5.19822],
						[120.00685, -5.19798],
						[120.0075, -5.19723],
						[120.00917, -5.19715],
						[120.01052, -5.19783],
						[120.01078, -5.19845],
						[120.01174, -5.19862],
						[120.01348, -5.19956],
						[120.01516, -5.19875],
						[120.01672, -5.1989],
						[120.01752, -5.19777],
						[120.01865, -5.19777],
						[120.01979, -5.19846],
						[120.02269, -5.19807],
						[120.02422, -5.19955],
						[120.02505, -5.19986],
						[120.02593, -5.19624],
						[120.02434, -5.19476],
						[120.0246, -5.19294],
						[120.02524, -5.1927],
						[120.02694, -5.19335],
						[120.02786, -5.19315],
						[120.03076, -5.18813],
						[120.03146, -5.18576],
						[120.02668, -5.18396],
						[120.02481, -5.18174],
						[120.02172, -5.17614],
						[120.017, -5.17477],
						[120.01475, -5.17287],
						[120.01297, -5.17198],
						[120.00951, -5.16747],
						[120.00404, -5.16467],
						[120.0016, -5.1624],
						[120.00179, -5.15853],
						[120.00114, -5.15717],
						[120.00108, -5.15415],
						[119.99524, -5.15416],
						[119.99163, -5.1534],
						[119.98872, -5.15204],
						[119.98554, -5.15148],
						[119.98483, -5.14849],
						[119.98312, -5.14728],
						[119.98048, -5.14646],
						[119.97772, -5.14326],
						[119.97621, -5.14239],
						[119.97392, -5.14249],
						[119.97196, -5.14188],
						[119.96907, -5.13709],
						[119.96759, -5.14072],
						[119.96327, -5.1407],
						[119.95991, -5.13698],
						[119.95634, -5.13442],
						[119.95297, -5.1339],
						[119.94802, -5.13232],
						[119.94289, -5.13149],
						[119.93913, -5.12897],
						[119.93416, -5.13027],
						[119.93233, -5.13324],
						[119.92804, -5.13448],
						[119.92328, -5.13461],
						[119.91991, -5.13031],
						[119.91789, -5.1285],
						[119.91622, -5.12578],
						[119.91036, -5.12087],
						[119.90733, -5.11422],
						[119.9066, -5.11163],
						[119.90429, -5.10749],
						[119.90386, -5.10398],
						[119.89914, -5.10261],
						[119.89391, -5.09787],
						[119.8926, -5.09575],
						[119.88706, -5.09421],
						[119.88669, -5.09345],
						[119.88606, -5.09332],
						[119.88463, -5.09377],
						[119.88281, -5.09346],
						[119.8812, -5.09094],
						[119.88029, -5.09006],
						[119.87996, -5.08891],
						[119.87912, -5.08855],
						[119.87686, -5.09181],
						[119.87268, -5.09292],
						[119.86461, -5.09175],
						[119.8623, -5.10183],
						[119.86009, -5.10538],
						[119.85805, -5.11128],
						[119.85693, -5.11352],
						[119.85914, -5.11639],
						[119.86942, -5.12279],
						[119.86955, -5.12541],
						[119.86895, -5.12687],
						[119.86599, -5.12997],
						[119.86517, -5.13144],
						[119.86543, -5.13505],
						[119.8644, -5.13627],
						[119.86131, -5.13854],
						[119.86077, -5.14065],
						[119.85932, -5.14183],
						[119.85861, -5.14193],
						[119.85751, -5.14418],
						[119.85693, -5.14676],
						[119.85631, -5.14785],
						[119.85644, -5.15046],
						[119.85706, -5.15065],
						[119.8576, -5.1504],
						[119.86015, -5.15196],
						[119.86191, -5.15371],
						[119.86363, -5.15781],
						[119.86369, -5.16074],
						[119.86313, -5.16269],
						[119.86144, -5.16469],
						[119.8594, -5.16839],
						[119.85554, -5.17249],
						[119.84871, -5.1787],
						[119.84704, -5.17788],
						[119.84534, -5.18011],
						[119.84463, -5.18297],
						[119.84376, -5.18397],
						[119.84862, -5.18724],
						[119.85394, -5.18951],
						[119.85539, -5.19113],
						[119.85755, -5.19187],
						[119.86225, -5.19109],
						[119.86518, -5.19425],
						[119.86726, -5.19471],
						[119.8694, -5.19616],
						[119.87179, -5.19605],
						[119.87942, -5.19803],
						[119.88061, -5.19866],
						[119.8814, -5.20054],
						[119.8817, -5.20232],
						[119.88217, -5.20303],
						[119.88926, -5.20423],
						[119.89454, -5.21135],
						[119.89684, -5.2162],
						[119.89759, -5.21621],
						[119.90048, -5.21487],
						[119.90406, -5.21409],
						[119.90681, -5.21467],
						[119.90755, -5.21527],
						[119.9118, -5.22771],
						[119.91542, -5.23053],
						[119.91684, -5.23087],
						[119.91729, -5.23132],
						[119.91795, -5.2339],
						[119.91733, -5.23631],
						[119.9163, -5.23751],
						[119.91591, -5.23861],
						[119.91632, -5.23948],
						[119.91772, -5.24002],
						[119.91909, -5.23908],
						[119.92079, -5.2385],
						[119.92218, -5.23896],
						[119.92458, -5.23764],
						[119.92611, -5.23768],
						[119.92887, -5.23888],
						[119.93103, -5.23827],
						[119.9315, -5.23914],
						[119.93219, -5.23932],
						[119.9321, -5.23988],
						[119.93162, -5.24027],
						[119.93231, -5.24095],
						[119.93245, -5.24223],
						[119.93056, -5.24348],
						[119.93004, -5.24523],
						[119.93021, -5.24582],
						[119.9296, -5.24658],
						[119.92839, -5.24659],
						[119.92897, -5.24805],
						[119.92976, -5.24849],
						[119.92933, -5.24865],
						[119.92828, -5.25083],
						[119.92843, -5.25104],
						[119.92907, -5.25073],
						[119.92999, -5.25113],
						[119.92919, -5.25274],
						[119.93006, -5.25328],
						[119.9296, -5.25464],
						[119.92966, -5.25569],
						[119.92982, -5.25595],
						[119.93051, -5.25584],
						[119.9313, -5.25787],
						[119.9318, -5.25804],
						[119.93148, -5.25884],
						[119.93171, -5.25912],
						[119.9321, -5.25881],
						[119.93221, -5.25943],
						[119.93303, -5.25976],
						[119.93323, -5.2605],
						[119.93288, -5.26208],
						[119.93434, -5.26363],
						[119.9343, -5.26526],
						[119.93468, -5.26596],
						[119.93357, -5.26697],
						[119.934, -5.26804],
						[119.93272, -5.27045],
						[119.9324, -5.27489],
						[119.93369, -5.27704],
						[119.93339, -5.27819],
						[119.93553, -5.28394],
						[119.93568, -5.28854],
						[119.93652, -5.29137],
						[119.936, -5.29367],
						[119.93851, -5.30088],
						[119.93985, -5.30689],
						[119.94386, -5.31741]
					]
				]
			}
		},
		{
			"type": "Feature",
			"properties": {
				"slug": "gowa--tompobulu",
				"nama": "Tompobulu",
				"kabkota": "gowa",
				"osm": "relation/14972917",
				"pusat": [-5.4317152669039155, 119.85160206405693]
			},
			"geometry": {
				"type": "Polygon",
				"coordinates": [
					[
						[119.81167, -5.51955],
						[119.81246, -5.52064],
						[119.81313, -5.52267],
						[119.81454, -5.52463],
						[119.81465, -5.52539],
						[119.81541, -5.52415],
						[119.81675, -5.52283],
						[119.81864, -5.52149],
						[119.81916, -5.51972],
						[119.81835, -5.5172],
						[119.82211, -5.51541],
						[119.8226, -5.5147],
						[119.82253, -5.51397],
						[119.82205, -5.51332],
						[119.82218, -5.51277],
						[119.82631, -5.51054],
						[119.82902, -5.50753],
						[119.83107, -5.50588],
						[119.83184, -5.50471],
						[119.83305, -5.50449],
						[119.83332, -5.504],
						[119.83277, -5.50135],
						[119.83281, -5.49922],
						[119.83337, -5.49764],
						[119.83294, -5.49629],
						[119.83392, -5.4927],
						[119.83476, -5.492],
						[119.83553, -5.4896],
						[119.83661, -5.48386],
						[119.83706, -5.48324],
						[119.83717, -5.48119],
						[119.838, -5.48055],
						[119.83815, -5.4792],
						[119.83998, -5.47705],
						[119.84101, -5.47632],
						[119.84096, -5.47457],
						[119.84236, -5.47316],
						[119.84249, -5.4723],
						[119.84414, -5.471],
						[119.84474, -5.46803],
						[119.84523, -5.46739],
						[119.84668, -5.46664],
						[119.84829, -5.46455],
						[119.8479, -5.46308],
						[119.84816, -5.46261],
						[119.85243, -5.46141],
						[119.85372, -5.46028],
						[119.85404, -5.45893],
						[119.85367, -5.45742],
						[119.85464, -5.45637],
						[119.85498, -5.45524],
						[119.85739, -5.45099],
						[119.85925, -5.44992],
						[119.85923, -5.44866],
						[119.86393, -5.44641],
						[119.86522, -5.4428],
						[119.8661, -5.44189],
						[119.86723, -5.44133],
						[119.86751, -5.44052],
						[119.86923, -5.44003],
						[119.86985, -5.43934],
						[119.87007, -5.43813],
						[119.87288, -5.43424],
						[119.87346, -5.433],
						[119.8732, -5.43153],
						[119.87344, -5.4308],
						[119.87509, -5.43146],
						[119.87597, -5.43219],
						[119.88251, -5.43033],
						[119.88344, -5.42851],
						[119.88498, -5.42826],
						[119.88798, -5.4264],
						[119.89137, -5.42255],
						[119.89275, -5.42204],
						[119.89436, -5.42215],
						[119.89749, -5.42053],
						[119.89876, -5.42106],
						[119.89994, -5.42102],
						[119.90264, -5.42008],
						[119.90614, -5.42042],
						[119.90876, -5.41991],
						[119.91524, -5.40978],
						[119.91802, -5.40438],
						[119.92039, -5.40164],
						[119.92521, -5.40064],
						[119.93284, -5.39237],
						[119.93777, -5.38611],
						[119.93778, -5.38529],
						[119.93725, -5.3849],
						[119.93728, -5.38344],
						[119.93783, -5.38209],
						[119.93414, -5.38034],
						[119.93354, -5.37891],
						[119.93234, -5.37785],
						[119.93234, -5.37676],
						[119.93171, -5.37496],
						[119.9319, -5.37409],
						[119.93112, -5.3733],
						[119.93081, -5.3721],
						[119.92895, -5.36915],
						[119.92804, -5.36704],
						[119.93029, -5.36499],
						[119.93366, -5.36093],
						[119.93601, -5.36058],
						[119.93651, -5.36004],
						[119.93666, -5.35907],
						[119.93724, -5.35854],
						[119.93685, -5.35732],
						[119.9356, -5.35585],
						[119.93572, -5.35511],
						[119.93537, -5.35438],
						[119.93453, -5.35392],
						[119.93368, -5.35255],
						[119.93259, -5.34735],
						[119.93019, -5.34416],
						[119.92994, -5.34287],
						[119.929, -5.34079],
						[119.92848, -5.34034],
						[119.92759, -5.34317],
						[119.92813, -5.34529],
						[119.92744, -5.34626],
						[119.92454, -5.34736],
						[119.92442, -5.35029],
						[119.92388, -5.35055],
						[119.92148, -5.35001],
						[119.92078, -5.34876],
						[119.92007, -5.34819],
						[119.919, -5.34819],
						[119.916, -5.34736],
						[119.9146, -5.34615],
						[119.91348, -5.34582],
						[119.90873, -5.34837],
						[119.9055, -5.35064],
						[119.90159, -5.35212],
						[119.89972, -5.35326],
						[119.89796, -5.35369],
						[119.89252, -5.35648],
						[119.89144, -5.35622],
						[119.89058, -5.35447],
						[119.88951, -5.35348],
						[119.88838, -5.35348],
						[119.88612, -5.35485],
						[119.88607, -5.35566],
						[119.88559, -5.35646],
						[119.88408, -5.35713],
						[119.88271, -5.357],
						[119.88024, -5.35847],
						[119.87677, -5.35973],
						[119.87527, -5.36216],
						[119.87341, -5.36236],
						[119.87002, -5.36161],
						[119.86819, -5.36228],
						[119.86746, -5.36287],
						[119.86611, -5.36555],
						[119.86471, -5.36626],
						[119.86268, -5.36972],
						[119.8614, -5.36993],
						[119.85407, -5.38079],
						[119.852, -5.38362],
						[119.85147, -5.38385],
						[119.85112, -5.3857],
						[119.84996, -5.38603],
						[119.8497, -5.38709],
						[119.84879, -5.38737],
						[119.8484, -5.38814],
						[119.84771, -5.38837],
						[119.84551, -5.39037],
						[119.84458, -5.39154],
						[119.84348, -5.39231],
						[119.84309, -5.39307],
						[119.8423, -5.39371],
						[119.84116, -5.39401],
						[119.84078, -5.39469],
						[119.83755, -5.39685],
						[119.83701, -5.39891],
						[119.83649, -5.40352],
						[119.83612, -5.40396],
						[119.83479, -5.40442],
						[119.83359, -5.40549],
						[119.83334, -5.4069],
						[119.83015, -5.40774],
						[119.82978, -5.40881],
						[119.82986, -5.41045],
						[119.82926, -5.41258],
						[119.82894, -5.41289],
						[119.82825, -5.41271],
						[119.828, -5.41475],
						[119.8286, -5.41594],
						[119.82889, -5.41807],
						[119.82838, -5.41933],
						[119.82786, -5.41926],
						[119.82771, -5.41881],
						[119.82743, -5.41898],
						[119.82781, -5.42136],
						[119.82425, -5.42377],
						[119.82336, -5.42494],
						[119.82333, -5.42595],
						[119.82461, -5.42723],
						[119.82383, -5.42855],
						[119.82406, -5.42904],
						[119.82377, -5.43056],
						[119.82413, -5.43128],
						[119.82459, -5.43141],
						[119.82511, -5.43286],
						[119.82421, -5.43407],
						[119.82146, -5.43631],
						[119.82084, -5.44007],
						[119.81927, -5.4416],
						[119.81864, -5.44375],
						[119.81821, -5.44416],
						[119.81741, -5.44422],
						[119.81666, -5.44495],
						[119.81278, -5.4448],
						[119.81205, -5.44572],
						[119.81041, -5.44567],
						[119.80911, -5.44626],
						[119.80698, -5.44533],
						[119.8046, -5.44567],
						[119.80321, -5.44678],
						[119.80186, -5.44701],
						[119.80133, -5.44668],
						[119.79861, -5.44771],
						[119.79721, -5.44778],
						[119.79594, -5.4472],
						[119.79541, -5.44757],
						[119.79531, -5.44884],
						[119.79434, -5.45035],
						[119.79421, -5.45179],
						[119.79364, -5.45233],
						[119.79327, -5.45337],
						[119.79294, -5.45722],
						[119.79277, -5.45756],
						[119.79107, -5.45762],
						[119.79062, -5.45821],
						[119.79094, -5.45948],
						[119.79225, -5.4615],
						[119.79261, -5.46321],
						[119.79228, -5.46384],
						[119.79261, -5.46476],
						[119.79347, -5.46543],
						[119.79338, -5.46622],
						[119.79178, -5.46734],
						[119.79119, -5.46939],
						[119.79195, -5.47209],
						[119.79463, -5.4756],
						[119.79505, -5.47746],
						[119.79592, -5.47797],
						[119.79665, -5.47917],
						[119.79702, -5.48243],
						[119.79763, -5.48265],
						[119.79916, -5.48595],
						[119.8009, -5.48716],
						[119.80135, -5.48798],
						[119.80162, -5.48899],
						[119.8009, -5.49161],
						[119.80096, -5.49234],
						[119.80182, -5.49449],
						[119.80192, -5.49612],
						[119.80246, -5.49654],
						[119.80343, -5.49878],
						[119.80314, -5.49966],
						[119.80279, -5.49981],
						[119.80177, -5.49945],
						[119.79941, -5.50077],
						[119.79722, -5.50359],
						[119.79695, -5.50452],
						[119.79829, -5.50704],
						[119.79991, -5.50835],
						[119.79866, -5.50927],
						[119.79794, -5.51071],
						[119.79801, -5.51121],
						[119.80217, -5.51376],
						[119.80264, -5.5133],
						[119.80352, -5.51582],
						[119.80399, -5.51652],
						[119.80499, -5.51704],
						[119.80496, -5.51853],
						[119.8058, -5.51869],
						[119.80806, -5.51773],
						[119.81056, -5.51873],
						[119.81167, -5.51955]
					]
				]
			}
		},
		{
			"type": "Feature",
			"properties": {
				"slug": "jeneponto--arungkeke",
				"nama": "Arungkeke",
				"kabkota": "jeneponto",
				"osm": "relation/19938180",
				"pusat": [-5.65914189189189, 119.81065547297298]
			},
			"geometry": {
				"type": "Polygon",
				"coordinates": [
					[
						[119.76534, -5.65091],
						[119.77961, -5.65019],
						[119.78134, -5.65295],
						[119.78243, -5.65574],
						[119.78763, -5.65487],
						[119.79736, -5.65401],
						[119.79949, -5.65227],
						[119.80027, -5.65332],
						[119.80276, -5.65148],
						[119.80343, -5.65047],
						[119.8045, -5.64999],
						[119.80575, -5.64992],
						[119.80694, -5.65039],
						[119.80923, -5.64989],
						[119.80977, -5.65358],
						[119.81041, -5.65377],
						[119.81107, -5.65312],
						[119.81174, -5.64926],
						[119.81028, -5.64748],
						[119.81059, -5.64696],
						[119.80996, -5.64543],
						[119.81077, -5.6452],
						[119.81139, -5.64272],
						[119.81314, -5.64084],
						[119.81595, -5.6392],
						[119.81705, -5.63781],
						[119.81983, -5.63615],
						[119.82066, -5.63383],
						[119.8223, -5.63159],
						[119.82232, -5.63023],
						[119.8229, -5.62965],
						[119.8312, -5.63082],
						[119.83235, -5.63016],
						[119.83618, -5.63013],
						[119.8398, -5.63074],
						[119.84111, -5.63166],
						[119.84252, -5.63347],
						[119.84282, -5.63485],
						[119.84232, -5.63461],
						[119.84206, -5.63528],
						[119.84107, -5.63496],
						[119.8396, -5.63516],
						[119.8391, -5.63479],
						[119.83913, -5.63625],
						[119.83985, -5.63656],
						[119.84086, -5.63766],
						[119.83996, -5.63844],
						[119.83848, -5.63897],
						[119.83882, -5.63904],
						[119.8393, -5.64043],
						[119.84012, -5.64061],
						[119.84009, -5.64107],
						[119.84109, -5.641],
						[119.84113, -5.64126],
						[119.84174, -5.64129],
						[119.84298, -5.64083],
						[119.84387, -5.64154],
						[119.84353, -5.64335],
						[119.84297, -5.64334],
						[119.84283, -5.64409],
						[119.84431, -5.64702],
						[119.84475, -5.64705],
						[119.84517, -5.64906],
						[119.84492, -5.65038],
						[119.8453, -5.65195],
						[119.84569, -5.65193],
						[119.84768, -5.65569],
						[119.84783, -5.65639],
						[119.84727, -5.65873],
						[119.84743, -5.6589],
						[119.84842, -5.65828],
						[119.84866, -5.65753],
						[119.8483, -5.65518],
						[119.84769, -5.65443],
						[119.84792, -5.65388],
						[119.84734, -5.65339],
						[119.84815, -5.65169],
						[119.8468, -5.65078],
						[119.84901, -5.65211],
						[119.85002, -5.65225],
						[119.85087, -5.654],
						[119.85373, -5.65626],
						[119.85434, -5.65765],
						[119.85367, -5.65925],
						[119.84771, -5.66601],
						[119.84295, -5.66966],
						[119.83966, -5.67139],
						[119.83536, -5.6726],
						[119.83258, -5.67259],
						[119.82719, -5.6718],
						[119.82165, -5.67302],
						[119.82005, -5.67438],
						[119.81759, -5.67736],
						[119.8103, -5.68763],
						[119.80702, -5.69054],
						[119.80034, -5.6949],
						[119.79971, -5.69499],
						[119.79944, -5.6959],
						[119.79547, -5.69881],
						[119.78921, -5.70112],
						[119.78383, -5.70193],
						[119.78175, -5.70171],
						[119.77844, -5.70194],
						[119.77835, -5.70109],
						[119.77741, -5.69987],
						[119.77721, -5.69839],
						[119.77649, -5.6979],
						[119.77715, -5.69507],
						[119.77654, -5.69267],
						[119.77656, -5.69123],
						[119.7756, -5.69017],
						[119.77551, -5.68921],
						[119.77612, -5.6882],
						[119.77591, -5.68607],
						[119.77658, -5.6853],
						[119.7778, -5.68491],
						[119.77759, -5.68384],
						[119.77819, -5.6829],
						[119.77803, -5.68079],
						[119.77857, -5.67936],
						[119.77825, -5.67732],
						[119.77898, -5.67657],
						[119.77924, -5.67407],
						[119.77971, -5.6734],
						[119.77927, -5.67198],
						[119.77939, -5.67137],
						[119.77878, -5.67015],
						[119.77742, -5.66906],
						[119.77731, -5.66802],
						[119.77613, -5.66797],
						[119.77562, -5.6662],
						[119.77479, -5.66577],
						[119.77495, -5.66517],
						[119.7741, -5.66481],
						[119.77376, -5.66378],
						[119.77305, -5.66354],
						[119.77301, -5.66256],
						[119.77148, -5.6613],
						[119.7706, -5.65923],
						[119.76985, -5.65881],
						[119.76835, -5.65873],
						[119.76719, -5.65685],
						[119.76584, -5.65617],
						[119.7655, -5.65547],
						[119.76387, -5.65417],
						[119.76347, -5.65297],
						[119.76354, -5.65204],
						[119.76534, -5.65091]
					]
				]
			}
		},
		{
			"type": "Feature",
			"properties": {
				"slug": "jeneponto--bangkala",
				"nama": "Bangkala",
				"kabkota": "jeneponto",
				"osm": "relation/19938172",
				"pusat": [-5.582804382470119, 119.58749585657371]
			},
			"geometry": {
				"type": "Polygon",
				"coordinates": [
					[
						[119.62598, -5.47378],
						[119.62725, -5.48239],
						[119.62893, -5.48475],
						[119.6269, -5.48928],
						[119.62507, -5.49211],
						[119.61257, -5.50529],
						[119.60544, -5.51214],
						[119.597, -5.5186],
						[119.57748, -5.52952],
						[119.56965, -5.53468],
						[119.56572, -5.5385],
						[119.56584, -5.54062],
						[119.56663, -5.54134],
						[119.56734, -5.54798],
						[119.56436, -5.54787],
						[119.56098, -5.54945],
						[119.56098, -5.55159],
						[119.56138, -5.55323],
						[119.56049, -5.56156],
						[119.56146, -5.564],
						[119.56185, -5.56641],
						[119.56058, -5.57116],
						[119.56014, -5.57188],
						[119.55274, -5.56505],
						[119.55103, -5.56493],
						[119.54753, -5.56759],
						[119.54848, -5.56997],
						[119.55075, -5.57016],
						[119.5544, -5.57266],
						[119.55223, -5.5752],
						[119.54923, -5.57761],
						[119.54836, -5.57917],
						[119.54719, -5.5804],
						[119.54585, -5.58086],
						[119.54504, -5.58288],
						[119.5431, -5.58283],
						[119.54154, -5.58369],
						[119.54267, -5.58386],
						[119.54477, -5.585],
						[119.54716, -5.58722],
						[119.54896, -5.58962],
						[119.55118, -5.59359],
						[119.55273, -5.5941],
						[119.55376, -5.59399],
						[119.55569, -5.59218],
						[119.55596, -5.59236],
						[119.55617, -5.59257],
						[119.55537, -5.59371],
						[119.55663, -5.59455],
						[119.55733, -5.59551],
						[119.55714, -5.59819],
						[119.55743, -5.5985],
						[119.55939, -5.59952],
						[119.56114, -5.59922],
						[119.5614, -5.59893],
						[119.56334, -5.59956],
						[119.56339, -5.59995],
						[119.56501, -5.6002],
						[119.56502, -5.60174],
						[119.56553, -5.60148],
						[119.56553, -5.602],
						[119.5669, -5.60323],
						[119.567, -5.60386],
						[119.56965, -5.60404],
						[119.57079, -5.60497],
						[119.57021, -5.60561],
						[119.5694, -5.60546],
						[119.56702, -5.60898],
						[119.56531, -5.6096],
						[119.56505, -5.61024],
						[119.56433, -5.61044],
						[119.56375, -5.61226],
						[119.55979, -5.6113],
						[119.55899, -5.61048],
						[119.55977, -5.60967],
						[119.55977, -5.60833],
						[119.55757, -5.60524],
						[119.55789, -5.60411],
						[119.55738, -5.60234],
						[119.55685, -5.60186],
						[119.55661, -5.60005],
						[119.55589, -5.59905],
						[119.55627, -5.59829],
						[119.55593, -5.59753],
						[119.55624, -5.59721],
						[119.55583, -5.59493],
						[119.55384, -5.59481],
						[119.55302, -5.59524],
						[119.55301, -5.59641],
						[119.55388, -5.59812],
						[119.55382, -5.59923],
						[119.55272, -5.60088],
						[119.5525, -5.60205],
						[119.55158, -5.60319],
						[119.55056, -5.60372],
						[119.55101, -5.60844],
						[119.55044, -5.61175],
						[119.5498, -5.61365],
						[119.54929, -5.61394],
						[119.54981, -5.6148],
						[119.55069, -5.61542],
						[119.55177, -5.61551],
						[119.5521, -5.61588],
						[119.55194, -5.6161],
						[119.55126, -5.61577],
						[119.55167, -5.61617],
						[119.55148, -5.61638],
						[119.54886, -5.61465],
						[119.54835, -5.61508],
						[119.54601, -5.6177],
						[119.54487, -5.6195],
						[119.54534, -5.62097],
						[119.54514, -5.62131],
						[119.54601, -5.62165],
						[119.54618, -5.62192],
						[119.54588, -5.62232],
						[119.54665, -5.623],
						[119.54651, -5.62507],
						[119.54248, -5.62559],
						[119.54307, -5.62578],
						[119.54321, -5.62634],
						[119.54635, -5.62622],
						[119.54675, -5.62796],
						[119.54665, -5.62934],
						[119.54605, -5.63148],
						[119.5458, -5.63391],
						[119.54631, -5.63663],
						[119.54729, -5.63823],
						[119.55071, -5.64177],
						[119.5545, -5.64647],
						[119.55652, -5.64794],
						[119.55717, -5.64886],
						[119.56023, -5.65065],
						[119.56126, -5.65075],
						[119.56338, -5.65161],
						[119.56444, -5.65275],
						[119.56621, -5.65365],
						[119.56747, -5.65374],
						[119.56866, -5.65488],
						[119.56993, -5.65541],
						[119.57361, -5.65616],
						[119.57422, -5.65669],
						[119.57485, -5.65831],
						[119.57711, -5.65828],
						[119.57785, -5.65698],
						[119.5794, -5.65668],
						[119.58016, -5.65606],
						[119.58019, -5.65524],
						[119.58204, -5.6537],
						[119.58224, -5.65033],
						[119.58533, -5.64898],
						[119.58591, -5.64751],
						[119.58792, -5.64518],
						[119.58745, -5.64172],
						[119.58629, -5.63803],
						[119.58713, -5.6323],
						[119.5871, -5.62637],
						[119.58883, -5.62211],
						[119.59071, -5.62042],
						[119.58873, -5.62198],
						[119.58855, -5.61942],
						[119.58766, -5.61751],
						[119.58593, -5.61631],
						[119.58596, -5.61572],
						[119.58783, -5.61454],
						[119.59099, -5.61488],
						[119.59173, -5.61547],
						[119.59148, -5.61603],
						[119.59327, -5.61798],
						[119.59209, -5.61914],
						[119.59366, -5.61796],
						[119.59362, -5.61872],
						[119.59414, -5.61939],
						[119.59572, -5.61957],
						[119.59605, -5.61855],
						[119.59694, -5.61851],
						[119.59851, -5.61757],
						[119.59927, -5.61602],
						[119.59996, -5.61614],
						[119.60062, -5.61706],
						[119.60425, -5.61715],
						[119.60575, -5.61669],
						[119.60548, -5.61599],
						[119.60679, -5.61575],
						[119.60754, -5.61615],
						[119.60823, -5.61526],
						[119.60749, -5.61452],
						[119.60786, -5.61421],
						[119.60857, -5.61515],
						[119.60964, -5.61552],
						[119.61038, -5.61265],
						[119.61226, -5.61283],
						[119.61181, -5.61381],
						[119.61281, -5.6144],
						[119.61443, -5.60624],
						[119.6195, -5.5993],
						[119.62212, -5.59346],
						[119.62372, -5.59303],
						[119.62576, -5.59045],
						[119.62988, -5.58242],
						[119.6327, -5.57238],
						[119.63126, -5.56729],
						[119.63162, -5.56525],
						[119.63568, -5.5584],
						[119.63805, -5.5557],
						[119.64794, -5.54718],
						[119.65012, -5.54265],
						[119.6512, -5.53611],
						[119.65108, -5.5326],
						[119.65206, -5.52989],
						[119.65652, -5.52485],
						[119.66451, -5.51314],
						[119.66405, -5.5101],
						[119.66418, -5.50791],
						[119.6652, -5.504],
						[119.66404, -5.50138],
						[119.6638, -5.5001],
						[119.66411, -5.49888],
						[119.6637, -5.49833],
						[119.66357, -5.49625],
						[119.6639, -5.49518],
						[119.66253, -5.494],
						[119.6622, -5.4931],
						[119.66246, -5.49192],
						[119.66019, -5.48996],
						[119.66097, -5.48894],
						[119.66081, -5.48849],
						[119.65972, -5.48736],
						[119.65833, -5.48653],
						[119.65835, -5.4861],
						[119.65939, -5.48521],
						[119.66141, -5.48521],
						[119.6622, -5.48474],
						[119.66258, -5.48372],
						[119.66207, -5.48229],
						[119.66286, -5.4814],
						[119.66239, -5.48023],
						[119.6582, -5.4757],
						[119.65782, -5.47512],
						[119.65803, -5.47459],
						[119.65777, -5.47421],
						[119.65737, -5.47431],
						[119.65677, -5.47342],
						[119.65535, -5.47318],
						[119.65546, -5.47115],
						[119.65428, -5.47079],
						[119.64723, -5.47141],
						[119.64216, -5.47115],
						[119.63759, -5.4723],
						[119.63557, -5.47317],
						[119.62598, -5.47378]
					]
				]
			}
		},
		{
			"type": "Feature",
			"properties": {
				"slug": "jeneponto--bangkala-barat",
				"nama": "Bangkala Barat",
				"kabkota": "jeneponto",
				"osm": "relation/19938171",
				"pusat": [-5.489458882175226, 119.54841607250748]
			},
			"geometry": {
				"type": "Polygon",
				"coordinates": [
					[
						[119.62598, -5.47378],
						[119.62725, -5.48239],
						[119.62893, -5.48475],
						[119.6269, -5.48928],
						[119.62507, -5.49211],
						[119.61257, -5.50529],
						[119.60544, -5.51214],
						[119.597, -5.5186],
						[119.57748, -5.52952],
						[119.56965, -5.53468],
						[119.56572, -5.5385],
						[119.56584, -5.54062],
						[119.56663, -5.54134],
						[119.56734, -5.54798],
						[119.56436, -5.54787],
						[119.56098, -5.54945],
						[119.56098, -5.55159],
						[119.56138, -5.55323],
						[119.56049, -5.56156],
						[119.56146, -5.564],
						[119.56185, -5.56641],
						[119.56058, -5.57116],
						[119.56014, -5.57188],
						[119.55274, -5.56505],
						[119.55103, -5.56493],
						[119.54753, -5.56759],
						[119.54848, -5.56997],
						[119.55075, -5.57016],
						[119.5544, -5.57266],
						[119.55223, -5.5752],
						[119.54923, -5.57761],
						[119.54836, -5.57917],
						[119.54719, -5.5804],
						[119.54585, -5.58086],
						[119.54504, -5.58288],
						[119.54245, -5.58303],
						[119.54052, -5.58373],
						[119.54015, -5.58421],
						[119.53805, -5.58512],
						[119.5374, -5.58573],
						[119.53485, -5.58649],
						[119.53382, -5.58609],
						[119.53285, -5.58524],
						[119.53229, -5.58391],
						[119.53251, -5.58311],
						[119.53104, -5.58124],
						[119.52802, -5.57904],
						[119.52695, -5.58031],
						[119.52507, -5.57867],
						[119.52614, -5.57742],
						[119.52491, -5.57668],
						[119.52363, -5.57528],
						[119.52335, -5.57422],
						[119.52042, -5.57237],
						[119.51824, -5.57159],
						[119.51619, -5.57163],
						[119.51283, -5.56933],
						[119.51214, -5.56795],
						[119.51053, -5.56645],
						[119.5103, -5.56551],
						[119.51122, -5.56498],
						[119.51193, -5.56363],
						[119.51552, -5.56272],
						[119.51769, -5.55975],
						[119.51782, -5.55872],
						[119.51923, -5.55845],
						[119.5191, -5.55742],
						[119.51858, -5.55742],
						[119.51884, -5.55614],
						[119.5173, -5.55704],
						[119.51601, -5.55731],
						[119.51226, -5.55456],
						[119.51346, -5.55445],
						[119.51269, -5.55412],
						[119.51278, -5.55345],
						[119.51327, -5.55314],
						[119.51367, -5.55354],
						[119.51541, -5.55168],
						[119.51653, -5.54997],
						[119.51864, -5.54836],
						[119.51834, -5.54817],
						[119.51745, -5.54863],
						[119.51664, -5.54803],
						[119.51716, -5.54771],
						[119.51708, -5.54728],
						[119.51579, -5.54694],
						[119.5156, -5.54652],
						[119.51629, -5.54582],
						[119.5159, -5.54539],
						[119.51649, -5.54502],
						[119.51605, -5.54473],
						[119.51701, -5.54237],
						[119.51778, -5.54185],
						[119.51803, -5.54022],
						[119.51697, -5.53992],
						[119.51773, -5.53798],
						[119.5188, -5.5383],
						[119.51912, -5.53754],
						[119.51626, -5.53579],
						[119.5149, -5.53555],
						[119.51454, -5.53656],
						[119.51386, -5.5362],
						[119.51348, -5.53709],
						[119.51193, -5.53643],
						[119.51162, -5.53681],
						[119.51177, -5.5375],
						[119.5111, -5.53845],
						[119.51114, -5.53687],
						[119.51012, -5.53491],
						[119.50749, -5.52633],
						[119.50506, -5.52357],
						[119.48774, -5.5114],
						[119.48666, -5.51101],
						[119.48712, -5.50972],
						[119.48785, -5.50126],
						[119.48671, -5.49914],
						[119.48527, -5.49751],
						[119.48486, -5.49635],
						[119.48582, -5.49342],
						[119.48675, -5.49195],
						[119.4883, -5.49156],
						[119.48898, -5.49249],
						[119.48949, -5.49264],
						[119.49004, -5.49183],
						[119.49075, -5.49234],
						[119.49137, -5.49172],
						[119.4925, -5.49182],
						[119.49275, -5.4913],
						[119.49208, -5.49116],
						[119.49206, -5.49088],
						[119.49285, -5.49062],
						[119.49325, -5.49079],
						[119.49348, -5.49042],
						[119.49422, -5.49074],
						[119.49454, -5.49132],
						[119.49516, -5.49109],
						[119.496, -5.49148],
						[119.49612, -5.49069],
						[119.49569, -5.4902],
						[119.496, -5.48986],
						[119.49561, -5.48925],
						[119.49608, -5.48915],
						[119.49635, -5.4885],
						[119.49666, -5.48858],
						[119.49648, -5.489],
						[119.49671, -5.4892],
						[119.49743, -5.48893],
						[119.49802, -5.48944],
						[119.49892, -5.48943],
						[119.49923, -5.49011],
						[119.49908, -5.49092],
						[119.49972, -5.49145],
						[119.50077, -5.49149],
						[119.50133, -5.49222],
						[119.50358, -5.49167],
						[119.50542, -5.49221],
						[119.50599, -5.49106],
						[119.50647, -5.49096],
						[119.5073, -5.49144],
						[119.5104, -5.49145],
						[119.51161, -5.49185],
						[119.51206, -5.4916],
						[119.51309, -5.48969],
						[119.51507, -5.48795],
						[119.51579, -5.488],
						[119.51633, -5.48748],
						[119.51697, -5.48766],
						[119.51718, -5.48726],
						[119.51853, -5.48657],
						[119.51951, -5.48646],
						[119.52008, -5.48557],
						[119.52249, -5.48493],
						[119.52268, -5.48436],
						[119.52324, -5.48471],
						[119.52741, -5.48171],
						[119.52817, -5.48162],
						[119.52883, -5.48086],
						[119.52586, -5.47753],
						[119.52102, -5.47102],
						[119.52076, -5.47029],
						[119.52119, -5.4681],
						[119.51816, -5.46216],
						[119.51564, -5.4604],
						[119.51123, -5.45596],
						[119.50805, -5.45472],
						[119.50949, -5.4509],
						[119.51079, -5.44937],
						[119.51315, -5.44856],
						[119.51593, -5.44821],
						[119.51631, -5.44788],
						[119.51896, -5.4473],
						[119.51915, -5.44701],
						[119.51988, -5.4473],
						[119.52049, -5.44661],
						[119.52146, -5.44643],
						[119.52148, -5.44614],
						[119.52224, -5.44586],
						[119.52284, -5.44516],
						[119.52374, -5.44494],
						[119.52399, -5.44336],
						[119.52276, -5.44236],
						[119.52189, -5.44023],
						[119.52341, -5.44031],
						[119.52416, -5.43968],
						[119.52522, -5.43971],
						[119.52723, -5.43557],
						[119.52829, -5.43581],
						[119.5287, -5.43469],
						[119.52917, -5.43443],
						[119.52894, -5.43363],
						[119.52986, -5.43269],
						[119.52957, -5.432],
						[119.53104, -5.43158],
						[119.53204, -5.4317],
						[119.53295, -5.43268],
						[119.53487, -5.4332],
						[119.53511, -5.43366],
						[119.53576, -5.43363],
						[119.53652, -5.43498],
						[119.5374, -5.43447],
						[119.53896, -5.4342],
						[119.54022, -5.43311],
						[119.54132, -5.43354],
						[119.54211, -5.43298],
						[119.54257, -5.43307],
						[119.5426, -5.43355],
						[119.5437, -5.43471],
						[119.5443, -5.43419],
						[119.54495, -5.43487],
						[119.54566, -5.43459],
						[119.54586, -5.43502],
						[119.54805, -5.43555],
						[119.54865, -5.43653],
						[119.54999, -5.43604],
						[119.55025, -5.43642],
						[119.54999, -5.43734],
						[119.55077, -5.43871],
						[119.55111, -5.4388],
						[119.55158, -5.43841],
						[119.552, -5.4389],
						[119.55241, -5.43885],
						[119.55288, -5.43989],
						[119.55314, -5.43994],
						[119.55415, -5.43879],
						[119.55486, -5.44061],
						[119.55533, -5.44035],
						[119.55763, -5.44032],
						[119.55811, -5.44058],
						[119.55847, -5.44032],
						[119.56052, -5.44158],
						[119.56185, -5.44134],
						[119.56245, -5.44162],
						[119.56252, -5.44262],
						[119.56394, -5.44299],
						[119.56482, -5.44288],
						[119.56581, -5.44355],
						[119.56749, -5.44335],
						[119.56758, -5.44403],
						[119.56835, -5.44485],
						[119.56956, -5.44426],
						[119.56962, -5.4447],
						[119.57083, -5.44482],
						[119.57119, -5.44526],
						[119.57317, -5.44608],
						[119.57324, -5.44656],
						[119.57518, -5.44504],
						[119.57575, -5.4442],
						[119.57685, -5.44411],
						[119.58137, -5.44158],
						[119.58359, -5.44072],
						[119.5869, -5.44113],
						[119.59067, -5.44071],
						[119.59499, -5.43948],
						[119.59923, -5.43725],
						[119.60345, -5.43686],
						[119.61087, -5.43677],
						[119.61743, -5.43722],
						[119.61939, -5.43686],
						[119.62175, -5.43603],
						[119.62338, -5.43452],
						[119.62754, -5.43486],
						[119.62846, -5.43419],
						[119.62908, -5.43413],
						[119.62916, -5.43312],
						[119.62957, -5.43312],
						[119.63003, -5.43398],
						[119.63079, -5.43323],
						[119.63111, -5.4337],
						[119.63084, -5.43394],
						[119.63165, -5.43437],
						[119.63238, -5.43245],
						[119.63295, -5.43211],
						[119.63422, -5.43154],
						[119.63612, -5.4317],
						[119.63678, -5.43108],
						[119.6394, -5.43052],
						[119.64174, -5.4325],
						[119.64279, -5.43301],
						[119.64355, -5.43424],
						[119.64152, -5.43441],
						[119.64136, -5.43501],
						[119.64171, -5.4364],
						[119.64084, -5.4374],
						[119.64183, -5.43768],
						[119.6425, -5.4396],
						[119.64356, -5.44031],
						[119.64314, -5.44051],
						[119.6432, -5.44079],
						[119.64384, -5.44192],
						[119.64404, -5.4431],
						[119.6445, -5.44362],
						[119.64487, -5.44538],
						[119.64514, -5.44587],
						[119.64554, -5.44588],
						[119.64547, -5.44779],
						[119.64595, -5.44973],
						[119.64732, -5.44962],
						[119.64752, -5.45081],
						[119.64899, -5.45164],
						[119.64919, -5.45224],
						[119.64279, -5.45595],
						[119.64242, -5.457],
						[119.63922, -5.45844],
						[119.63648, -5.4617],
						[119.63523, -5.46395],
						[119.63044, -5.46833],
						[119.62738, -5.46942],
						[119.62485, -5.47158],
						[119.62402, -5.4727],
						[119.62471, -5.47343],
						[119.62598, -5.47378]
					]
				]
			}
		},
		{
			"type": "Feature",
			"properties": {
				"slug": "jeneponto--batang",
				"nama": "Batang",
				"kabkota": "jeneponto",
				"osm": "relation/19938179",
				"pusat": [-5.619408864864864, 119.82633637837834]
			},
			"geometry": {
				"type": "Polygon",
				"coordinates": [
					[
						[119.79634, -5.61483],
						[119.79511, -5.62224],
						[119.79347, -5.62292],
						[119.79287, -5.62368],
						[119.79308, -5.62603],
						[119.79283, -5.627],
						[119.79197, -5.6278],
						[119.78881, -5.62707],
						[119.77917, -5.62624],
						[119.77803, -5.62936],
						[119.77729, -5.63194],
						[119.77678, -5.63699],
						[119.77554, -5.64068],
						[119.77507, -5.64361],
						[119.77632, -5.64581],
						[119.77822, -5.64754],
						[119.78134, -5.65295],
						[119.78243, -5.65574],
						[119.78763, -5.65487],
						[119.79736, -5.65401],
						[119.79949, -5.65227],
						[119.80027, -5.65332],
						[119.80276, -5.65148],
						[119.80343, -5.65047],
						[119.8045, -5.64999],
						[119.80575, -5.64992],
						[119.80694, -5.65039],
						[119.80923, -5.64989],
						[119.80977, -5.65358],
						[119.81041, -5.65377],
						[119.81107, -5.65312],
						[119.81174, -5.64926],
						[119.81028, -5.64748],
						[119.81059, -5.64696],
						[119.80996, -5.64543],
						[119.81077, -5.6452],
						[119.81139, -5.64272],
						[119.81314, -5.64084],
						[119.81595, -5.6392],
						[119.81705, -5.63781],
						[119.81983, -5.63615],
						[119.82066, -5.63383],
						[119.8223, -5.63159],
						[119.82232, -5.63023],
						[119.8229, -5.62965],
						[119.8312, -5.63082],
						[119.83235, -5.63016],
						[119.83321, -5.63007],
						[119.83618, -5.63013],
						[119.8398, -5.63074],
						[119.84111, -5.63166],
						[119.84252, -5.63347],
						[119.84286, -5.63492],
						[119.84376, -5.63533],
						[119.84406, -5.63513],
						[119.84489, -5.63596],
						[119.84586, -5.63632],
						[119.84635, -5.63555],
						[119.84599, -5.63438],
						[119.84679, -5.63358],
						[119.84817, -5.63365],
						[119.84937, -5.63296],
						[119.85123, -5.63407],
						[119.85164, -5.63339],
						[119.85001, -5.63237],
						[119.8498, -5.63156],
						[119.8495, -5.63161],
						[119.8485, -5.63029],
						[119.84869, -5.62865],
						[119.84809, -5.6276],
						[119.84874, -5.62734],
						[119.84857, -5.62685],
						[119.84939, -5.62685],
						[119.85018, -5.62753],
						[119.85042, -5.6292],
						[119.8515, -5.62975],
						[119.85265, -5.6299],
						[119.85326, -5.63065],
						[119.85377, -5.63135],
						[119.85318, -5.63247],
						[119.85357, -5.63371],
						[119.85387, -5.63209],
						[119.85489, -5.63215],
						[119.85516, -5.63153],
						[119.85669, -5.63097],
						[119.85763, -5.63015],
						[119.85772, -5.62921],
						[119.85708, -5.62918],
						[119.8568, -5.62748],
						[119.85691, -5.62704],
						[119.85758, -5.62662],
						[119.8574, -5.6256],
						[119.85604, -5.62434],
						[119.85612, -5.62366],
						[119.85562, -5.62411],
						[119.85481, -5.62304],
						[119.85508, -5.62269],
						[119.85504, -5.62146],
						[119.85653, -5.62079],
						[119.85654, -5.62207],
						[119.85717, -5.62187],
						[119.85729, -5.62132],
						[119.85779, -5.62145],
						[119.8572, -5.62044],
						[119.85483, -5.6207],
						[119.85254, -5.62024],
						[119.85164, -5.61938],
						[119.85036, -5.61905],
						[119.84996, -5.6193],
						[119.84948, -5.6187],
						[119.8481, -5.61806],
						[119.84724, -5.61811],
						[119.84624, -5.61706],
						[119.84505, -5.6171],
						[119.84431, -5.61652],
						[119.84372, -5.61659],
						[119.84284, -5.61537],
						[119.84299, -5.61457],
						[119.84166, -5.61362],
						[119.84055, -5.61577],
						[119.83716, -5.61648],
						[119.8368, -5.61599],
						[119.83417, -5.6151],
						[119.83292, -5.61365],
						[119.83113, -5.61276],
						[119.82918, -5.61232],
						[119.82789, -5.61016],
						[119.82593, -5.60965],
						[119.82643, -5.60058],
						[119.82568, -5.59955],
						[119.82545, -5.59812],
						[119.82643, -5.59468],
						[119.82777, -5.59375],
						[119.83334, -5.58673],
						[119.83348, -5.58536],
						[119.83271, -5.58068],
						[119.83319, -5.57711],
						[119.83249, -5.57438],
						[119.8293, -5.57486],
						[119.82781, -5.57743],
						[119.82842, -5.58055],
						[119.82839, -5.58147],
						[119.82776, -5.58237],
						[119.82839, -5.58287],
						[119.82807, -5.58458],
						[119.82844, -5.58527],
						[119.82726, -5.58697],
						[119.82771, -5.5881],
						[119.82689, -5.58927],
						[119.82703, -5.59076],
						[119.82677, -5.591],
						[119.82609, -5.59027],
						[119.82538, -5.59095],
						[119.82406, -5.59102],
						[119.82258, -5.59001],
						[119.82266, -5.58887],
						[119.81977, -5.58722],
						[119.81975, -5.58658],
						[119.81898, -5.58614],
						[119.81893, -5.58566],
						[119.81736, -5.58616],
						[119.81535, -5.58715],
						[119.81496, -5.58913],
						[119.81381, -5.59206],
						[119.81084, -5.59473],
						[119.80969, -5.5981],
						[119.80637, -5.60022],
						[119.80258, -5.6014],
						[119.79984, -5.60174],
						[119.79931, -5.60227],
						[119.79724, -5.60133],
						[119.79696, -5.60145],
						[119.79725, -5.60235],
						[119.79664, -5.60394],
						[119.7959, -5.6045],
						[119.79593, -5.60482],
						[119.7967, -5.60517],
						[119.79756, -5.60485],
						[119.79808, -5.60548],
						[119.79656, -5.60762],
						[119.79667, -5.61009],
						[119.79763, -5.61155],
						[119.79663, -5.61186],
						[119.79565, -5.61334],
						[119.79634, -5.61483]
					]
				]
			}
		},
		{
			"type": "Feature",
			"properties": {
				"slug": "jeneponto--binamu",
				"nama": "Binamu",
				"kabkota": "jeneponto",
				"osm": "relation/19938176",
				"pusat": [-5.670082763157896, 119.73847059210527]
			},
			"geometry": {
				"type": "Polygon",
				"coordinates": [
					[
						[119.77682, -5.63652],
						[119.77554, -5.64068],
						[119.77511, -5.64382],
						[119.77632, -5.64581],
						[119.77822, -5.64754],
						[119.77961, -5.65019],
						[119.76494, -5.65097],
						[119.76368, -5.65178],
						[119.76347, -5.65297],
						[119.76387, -5.65417],
						[119.7655, -5.65547],
						[119.76584, -5.65617],
						[119.76719, -5.65685],
						[119.76835, -5.65873],
						[119.76985, -5.65881],
						[119.7706, -5.65923],
						[119.77148, -5.6613],
						[119.77301, -5.66256],
						[119.77305, -5.66354],
						[119.77376, -5.66378],
						[119.7741, -5.66481],
						[119.77495, -5.66517],
						[119.77479, -5.66577],
						[119.77562, -5.6662],
						[119.77613, -5.66797],
						[119.77731, -5.66802],
						[119.77742, -5.66906],
						[119.77878, -5.67015],
						[119.77939, -5.67137],
						[119.77927, -5.67198],
						[119.77971, -5.6734],
						[119.77924, -5.67407],
						[119.77898, -5.67657],
						[119.77825, -5.67732],
						[119.77857, -5.67936],
						[119.77803, -5.68079],
						[119.77819, -5.6829],
						[119.77759, -5.68384],
						[119.7778, -5.68491],
						[119.77658, -5.6853],
						[119.77591, -5.68607],
						[119.77612, -5.6882],
						[119.77551, -5.68921],
						[119.7756, -5.69017],
						[119.77656, -5.69123],
						[119.77654, -5.69267],
						[119.77715, -5.69507],
						[119.77649, -5.6979],
						[119.77721, -5.69839],
						[119.77741, -5.69987],
						[119.77835, -5.70109],
						[119.77844, -5.70194],
						[119.77147, -5.70144],
						[119.76572, -5.70229],
						[119.75894, -5.70188],
						[119.75398, -5.70122],
						[119.74742, -5.70104],
						[119.74667, -5.70077],
						[119.74681, -5.70037],
						[119.74633, -5.69946],
						[119.7423, -5.69609],
						[119.74218, -5.69737],
						[119.74173, -5.69808],
						[119.74213, -5.69876],
						[119.74311, -5.69965],
						[119.74371, -5.69896],
						[119.74477, -5.69923],
						[119.74313, -5.70106],
						[119.74217, -5.70152],
						[119.73783, -5.70185],
						[119.72508, -5.70085],
						[119.72275, -5.70116],
						[119.71714, -5.7011],
						[119.7134, -5.7013],
						[119.71081, -5.70184],
						[119.70922, -5.70153],
						[119.70866, -5.7016],
						[119.70875, -5.70254],
						[119.70784, -5.70266],
						[119.70784, -5.70288],
						[119.70433, -5.70276],
						[119.70213, -5.70202],
						[119.70032, -5.70186],
						[119.69859, -5.70089],
						[119.6964, -5.70034],
						[119.69343, -5.69996],
						[119.69197, -5.70017],
						[119.68992, -5.69859],
						[119.68389, -5.69609],
						[119.67959, -5.69584],
						[119.67507, -5.69372],
						[119.67247, -5.69394],
						[119.6711, -5.69358],
						[119.6705, -5.69327],
						[119.66927, -5.69135],
						[119.66774, -5.6904],
						[119.66677, -5.68929],
						[119.66756, -5.68831],
						[119.66935, -5.68859],
						[119.67561, -5.6884],
						[119.68844, -5.67614],
						[119.69163, -5.67469],
						[119.69441, -5.67452],
						[119.69982, -5.67654],
						[119.70298, -5.67614],
						[119.70486, -5.67322],
						[119.70771, -5.66634],
						[119.70526, -5.66043],
						[119.70548, -5.65406],
						[119.70799, -5.64642],
						[119.71053, -5.64234],
						[119.70936, -5.6421],
						[119.70854, -5.64042],
						[119.70929, -5.64013],
						[119.70967, -5.63954],
						[119.70979, -5.63799],
						[119.70919, -5.63672],
						[119.70884, -5.63672],
						[119.7086, -5.63553],
						[119.7115, -5.63076],
						[119.71114, -5.62732],
						[119.71545, -5.62914],
						[119.71723, -5.63116],
						[119.71928, -5.63095],
						[119.72005, -5.63367],
						[119.71972, -5.63469],
						[119.7211, -5.63535],
						[119.72178, -5.63538],
						[119.72154, -5.63484],
						[119.72307, -5.63416],
						[119.72367, -5.63484],
						[119.72591, -5.63456],
						[119.72688, -5.63526],
						[119.72843, -5.63534],
						[119.73164, -5.63629],
						[119.73304, -5.63922],
						[119.73263, -5.64133],
						[119.73359, -5.64265],
						[119.73585, -5.6437],
						[119.73948, -5.64356],
						[119.7446, -5.64018],
						[119.74698, -5.63744],
						[119.74911, -5.637],
						[119.75345, -5.63729],
						[119.75408, -5.63869],
						[119.75981, -5.64114],
						[119.76114, -5.64233],
						[119.76207, -5.64264],
						[119.76369, -5.6425],
						[119.77146, -5.63681],
						[119.77285, -5.63635],
						[119.77682, -5.63652]
					]
				]
			}
		},
		{
			"type": "Feature",
			"properties": {
				"slug": "jeneponto--bontoramba",
				"nama": "Bontoramba",
				"kabkota": "jeneponto",
				"osm": "relation/19938173",
				"pusat": [-5.574694136363635, 119.68691536363633]
			},
			"geometry": {
				"type": "Polygon",
				"coordinates": [
					[
						[119.6993, -5.54339],
						[119.70016, -5.5417],
						[119.69881, -5.539],
						[119.69951, -5.53815],
						[119.6995, -5.53713],
						[119.69984, -5.53643],
						[119.70026, -5.53614],
						[119.70014, -5.53492],
						[119.70093, -5.53142],
						[119.69926, -5.53118],
						[119.69998, -5.53019],
						[119.69966, -5.52932],
						[119.69974, -5.52725],
						[119.70035, -5.52701],
						[119.70148, -5.52568],
						[119.70258, -5.52332],
						[119.70368, -5.52288],
						[119.70421, -5.52099],
						[119.70411, -5.51897],
						[119.70459, -5.51838],
						[119.70387, -5.51743],
						[119.70378, -5.5159],
						[119.703, -5.51392],
						[119.70196, -5.51214],
						[119.70101, -5.51143],
						[119.70071, -5.51081],
						[119.70148, -5.50993],
						[119.70149, -5.50871],
						[119.70254, -5.5072],
						[119.70172, -5.50507],
						[119.70185, -5.50246],
						[119.70132, -5.50123],
						[119.70191, -5.49996],
						[119.70156, -5.49899],
						[119.7007, -5.49829],
						[119.7009, -5.49766],
						[119.7007, -5.49713],
						[119.70006, -5.49702],
						[119.69926, -5.49763],
						[119.69743, -5.49745],
						[119.69678, -5.49811],
						[119.69457, -5.49863],
						[119.69257, -5.49854],
						[119.68716, -5.49932],
						[119.68499, -5.50033],
						[119.68338, -5.50201],
						[119.67676, -5.50673],
						[119.67487, -5.50741],
						[119.67337, -5.50836],
						[119.67296, -5.50934],
						[119.67131, -5.51053],
						[119.6685, -5.50891],
						[119.6652, -5.504],
						[119.66418, -5.50791],
						[119.66405, -5.5101],
						[119.66451, -5.51314],
						[119.65652, -5.52485],
						[119.65206, -5.52989],
						[119.65108, -5.5326],
						[119.6512, -5.53611],
						[119.65012, -5.54265],
						[119.64794, -5.54718],
						[119.63805, -5.5557],
						[119.63568, -5.5584],
						[119.63162, -5.56525],
						[119.63126, -5.56729],
						[119.6327, -5.57238],
						[119.62988, -5.58242],
						[119.62882, -5.58456],
						[119.63044, -5.58741],
						[119.63272, -5.5901],
						[119.63387, -5.59061],
						[119.6346, -5.59153],
						[119.63825, -5.59216],
						[119.63973, -5.59195],
						[119.64369, -5.58973],
						[119.64866, -5.59123],
						[119.64963, -5.59229],
						[119.65121, -5.59237],
						[119.65181, -5.59107],
						[119.65547, -5.59099],
						[119.65617, -5.59126],
						[119.65753, -5.58964],
						[119.65927, -5.59014],
						[119.66027, -5.5912],
						[119.66037, -5.59181],
						[119.6629, -5.59133],
						[119.66166, -5.5938],
						[119.66093, -5.59435],
						[119.66043, -5.59608],
						[119.66146, -5.59691],
						[119.66277, -5.59597],
						[119.66309, -5.5964],
						[119.66313, -5.59781],
						[119.6638, -5.59847],
						[119.6633, -5.59925],
						[119.66345, -5.60086],
						[119.66444, -5.60133],
						[119.66453, -5.60228],
						[119.66376, -5.604],
						[119.66403, -5.60471],
						[119.66583, -5.60538],
						[119.66537, -5.60803],
						[119.6676, -5.60898],
						[119.66737, -5.60958],
						[119.66797, -5.61024],
						[119.66793, -5.61117],
						[119.66924, -5.61163],
						[119.66957, -5.6125],
						[119.66848, -5.61433],
						[119.66802, -5.61422],
						[119.66851, -5.61526],
						[119.6681, -5.61535],
						[119.66739, -5.61472],
						[119.66703, -5.61495],
						[119.66737, -5.61577],
						[119.66778, -5.61568],
						[119.66796, -5.61614],
						[119.66686, -5.61678],
						[119.66703, -5.61749],
						[119.66663, -5.6179],
						[119.66724, -5.61853],
						[119.66596, -5.61831],
						[119.66537, -5.61885],
						[119.66648, -5.61989],
						[119.66698, -5.62256],
						[119.66739, -5.62305],
						[119.66812, -5.622],
						[119.66807, -5.6207],
						[119.67084, -5.61927],
						[119.67129, -5.61953],
						[119.67135, -5.62002],
						[119.67336, -5.61808],
						[119.67398, -5.6182],
						[119.67347, -5.62002],
						[119.67384, -5.62064],
						[119.67417, -5.62062],
						[119.6759, -5.61853],
						[119.67635, -5.6174],
						[119.67713, -5.61694],
						[119.67751, -5.61736],
						[119.6773, -5.61846],
						[119.67762, -5.61899],
						[119.67886, -5.6197],
						[119.67962, -5.62072],
						[119.68003, -5.62074],
						[119.68163, -5.6199],
						[119.68354, -5.62012],
						[119.68443, -5.61877],
						[119.6862, -5.61881],
						[119.68747, -5.61786],
						[119.68828, -5.6165],
						[119.68913, -5.61677],
						[119.68969, -5.61763],
						[119.69012, -5.61778],
						[119.69088, -5.61671],
						[119.69111, -5.61526],
						[119.69185, -5.61489],
						[119.69298, -5.61591],
						[119.69294, -5.61786],
						[119.69246, -5.61867],
						[119.69267, -5.61949],
						[119.69308, -5.61958],
						[119.69347, -5.61869],
						[119.69554, -5.61773],
						[119.69679, -5.6193],
						[119.69842, -5.62034],
						[119.69986, -5.61778],
						[119.70197, -5.61689],
						[119.70315, -5.61476],
						[119.7061, -5.61242],
						[119.7081, -5.61438],
						[119.70888, -5.61463],
						[119.70928, -5.61443],
						[119.70949, -5.6132],
						[119.71003, -5.61291],
						[119.71102, -5.61479],
						[119.71197, -5.61516],
						[119.71398, -5.61706],
						[119.71849, -5.61942],
						[119.72702, -5.6099],
						[119.73231, -5.60104],
						[119.73354, -5.59818],
						[119.73871, -5.59266],
						[119.73694, -5.58902],
						[119.73187, -5.58355],
						[119.73244, -5.58161],
						[119.73225, -5.58035],
						[119.73321, -5.57948],
						[119.73299, -5.57843],
						[119.73201, -5.57792],
						[119.73126, -5.57689],
						[119.73152, -5.57623],
						[119.73332, -5.57422],
						[119.7331, -5.57326],
						[119.73151, -5.57029],
						[119.73201, -5.56869],
						[119.73106, -5.56703],
						[119.73166, -5.56633],
						[119.73302, -5.56574],
						[119.73337, -5.56488],
						[119.73063, -5.56255],
						[119.72987, -5.56107],
						[119.7294, -5.55832],
						[119.72687, -5.55654],
						[119.72501, -5.55679],
						[119.72446, -5.55731],
						[119.72323, -5.55693],
						[119.72307, -5.55528],
						[119.72046, -5.55413],
						[119.72073, -5.55308],
						[119.7215, -5.55189],
						[119.72098, -5.55139],
						[119.72084, -5.55037],
						[119.72015, -5.55065],
						[119.71895, -5.54993],
						[119.71479, -5.54883],
						[119.70824, -5.546],
						[119.70771, -5.54545],
						[119.6993, -5.54339]
					]
				]
			}
		},
		{
			"type": "Feature",
			"properties": {
				"slug": "jeneponto--kelara",
				"nama": "Kelara",
				"kabkota": "jeneponto",
				"osm": "relation/19938178",
				"pusat": [-5.5539579861111115, 119.82523208333333]
			},
			"geometry": {
				"type": "Polygon",
				"coordinates": [
					[
						[119.83277, -5.50135],
						[119.8541, -5.51463],
						[119.85338, -5.51754],
						[119.8553, -5.52137],
						[119.85617, -5.52225],
						[119.85731, -5.52431],
						[119.85863, -5.52411],
						[119.85986, -5.5252],
						[119.86029, -5.52638],
						[119.86113, -5.52682],
						[119.8619, -5.52997],
						[119.86284, -5.53084],
						[119.86182, -5.53441],
						[119.86241, -5.53484],
						[119.86242, -5.53542],
						[119.86208, -5.53711],
						[119.8613, -5.53855],
						[119.8611, -5.54105],
						[119.8605, -5.54167],
						[119.86087, -5.54269],
						[119.85979, -5.54318],
						[119.85892, -5.5444],
						[119.85915, -5.54587],
						[119.85809, -5.54713],
						[119.85768, -5.54873],
						[119.85696, -5.54987],
						[119.85752, -5.55083],
						[119.85723, -5.55132],
						[119.85758, -5.55193],
						[119.85641, -5.55269],
						[119.85655, -5.55375],
						[119.85607, -5.55632],
						[119.85617, -5.55671],
						[119.85837, -5.55792],
						[119.85889, -5.55939],
						[119.85255, -5.56324],
						[119.8456, -5.56616],
						[119.84007, -5.56971],
						[119.83935, -5.57128],
						[119.83739, -5.57112],
						[119.83647, -5.57153],
						[119.83577, -5.57251],
						[119.83459, -5.57295],
						[119.83385, -5.57376],
						[119.83249, -5.57438],
						[119.8293, -5.57486],
						[119.82781, -5.57743],
						[119.82842, -5.58055],
						[119.82839, -5.58147],
						[119.82776, -5.58237],
						[119.82839, -5.58287],
						[119.82807, -5.58458],
						[119.82844, -5.58527],
						[119.82726, -5.58697],
						[119.82771, -5.5881],
						[119.82689, -5.58927],
						[119.82703, -5.59076],
						[119.82677, -5.591],
						[119.82609, -5.59027],
						[119.82538, -5.59095],
						[119.82406, -5.59102],
						[119.82258, -5.59001],
						[119.82266, -5.58887],
						[119.81977, -5.58722],
						[119.81975, -5.58658],
						[119.81898, -5.58614],
						[119.81893, -5.58566],
						[119.81736, -5.58616],
						[119.81535, -5.58715],
						[119.81496, -5.58913],
						[119.81381, -5.59206],
						[119.81084, -5.59473],
						[119.80969, -5.5981],
						[119.80637, -5.60022],
						[119.80258, -5.6014],
						[119.79984, -5.60174],
						[119.79975, -5.60021],
						[119.79854, -5.59883],
						[119.79607, -5.59463],
						[119.79361, -5.59376],
						[119.79293, -5.59291],
						[119.79234, -5.59128],
						[119.79373, -5.58501],
						[119.78992, -5.57956],
						[119.79294, -5.57415],
						[119.78628, -5.56956],
						[119.7865, -5.56583],
						[119.78685, -5.56528],
						[119.79002, -5.56322],
						[119.79202, -5.56114],
						[119.79247, -5.55988],
						[119.79484, -5.55626],
						[119.79535, -5.55609],
						[119.79712, -5.55667],
						[119.79923, -5.5552],
						[119.8002, -5.55492],
						[119.80282, -5.55568],
						[119.80375, -5.55568],
						[119.80424, -5.55533],
						[119.80444, -5.55475],
						[119.80403, -5.55102],
						[119.80478, -5.54507],
						[119.80545, -5.54451],
						[119.80678, -5.54477],
						[119.80739, -5.54436],
						[119.80749, -5.54391],
						[119.80706, -5.54352],
						[119.80667, -5.5417],
						[119.80678, -5.54103],
						[119.8073, -5.54029],
						[119.80803, -5.53993],
						[119.80887, -5.54014],
						[119.81048, -5.54148],
						[119.81171, -5.54144],
						[119.81358, -5.53997],
						[119.81304, -5.53874],
						[119.81003, -5.5382],
						[119.80917, -5.53755],
						[119.80872, -5.53577],
						[119.80908, -5.5351],
						[119.80949, -5.53443],
						[119.81003, -5.53423],
						[119.81406, -5.53612],
						[119.81475, -5.53592],
						[119.81617, -5.53469],
						[119.81621, -5.53382],
						[119.81457, -5.52928],
						[119.8144, -5.5258],
						[119.81541, -5.52415],
						[119.81864, -5.52149],
						[119.81916, -5.51972],
						[119.81835, -5.5172],
						[119.82211, -5.51541],
						[119.8226, -5.5147],
						[119.82253, -5.51397],
						[119.82205, -5.51332],
						[119.82218, -5.51277],
						[119.82631, -5.51054],
						[119.82902, -5.50753],
						[119.83107, -5.50588],
						[119.83184, -5.50471],
						[119.83305, -5.50449],
						[119.83332, -5.504],
						[119.83277, -5.50135]
					]
				]
			}
		},
		{
			"type": "Feature",
			"properties": {
				"slug": "jeneponto--rumbia",
				"nama": "Rumbia",
				"kabkota": "jeneponto",
				"osm": "relation/19938181",
				"pusat": [-5.464833806451612, 119.88223787096774]
			},
			"geometry": {
				"type": "Polygon",
				"coordinates": [
					[
						[119.83277, -5.50135],
						[119.85493, -5.5151],
						[119.85575, -5.51601],
						[119.85936, -5.51826],
						[119.86024, -5.51947],
						[119.86136, -5.52029],
						[119.86888, -5.52336],
						[119.86936, -5.52401],
						[119.86958, -5.52544],
						[119.87074, -5.52581],
						[119.87286, -5.52726],
						[119.87431, -5.52908],
						[119.87531, -5.52934],
						[119.87575, -5.52912],
						[119.8761, -5.52771],
						[119.87584, -5.52467],
						[119.8752, -5.52411],
						[119.87471, -5.5224],
						[119.87503, -5.52168],
						[119.87377, -5.52007],
						[119.87343, -5.51892],
						[119.87379, -5.51853],
						[119.87383, -5.51696],
						[119.87536, -5.51441],
						[119.87531, -5.51282],
						[119.87453, -5.51187],
						[119.87565, -5.50988],
						[119.8755, -5.50934],
						[119.87598, -5.50687],
						[119.87507, -5.50651],
						[119.87461, -5.50595],
						[119.87433, -5.50448],
						[119.87576, -5.5015],
						[119.87901, -5.49918],
						[119.88019, -5.49512],
						[119.87956, -5.49406],
						[119.87985, -5.49134],
						[119.88067, -5.49007],
						[119.88086, -5.48913],
						[119.88154, -5.48842],
						[119.8833, -5.48797],
						[119.88435, -5.48651],
						[119.88805, -5.48405],
						[119.88894, -5.48265],
						[119.89135, -5.48059],
						[119.89432, -5.47887],
						[119.89477, -5.4781],
						[119.89542, -5.4778],
						[119.89688, -5.47557],
						[119.89711, -5.47451],
						[119.89687, -5.4737],
						[119.89769, -5.47109],
						[119.89702, -5.46979],
						[119.89705, -5.46833],
						[119.89784, -5.46756],
						[119.89764, -5.46709],
						[119.89834, -5.46511],
						[119.89814, -5.46368],
						[119.89943, -5.46148],
						[119.90019, -5.46135],
						[119.90123, -5.46015],
						[119.90218, -5.45988],
						[119.90364, -5.45866],
						[119.90418, -5.45721],
						[119.90694, -5.45607],
						[119.90699, -5.45434],
						[119.90839, -5.45318],
						[119.91075, -5.44459],
						[119.91227, -5.44272],
						[119.9163, -5.43938],
						[119.91898, -5.43834],
						[119.92346, -5.43507],
						[119.92387, -5.4338],
						[119.92325, -5.43239],
						[119.92507, -5.42622],
						[119.92591, -5.42597],
						[119.92654, -5.42512],
						[119.9262, -5.42201],
						[119.92663, -5.41973],
						[119.929, -5.41736],
						[119.93095, -5.41652],
						[119.93168, -5.41428],
						[119.93655, -5.40876],
						[119.93743, -5.40537],
						[119.93765, -5.39578],
						[119.9381, -5.39399],
						[119.93797, -5.39265],
						[119.93722, -5.39183],
						[119.93801, -5.38756],
						[119.93777, -5.38611],
						[119.93284, -5.39237],
						[119.92521, -5.40064],
						[119.92039, -5.40164],
						[119.91802, -5.40438],
						[119.91524, -5.40978],
						[119.90876, -5.41991],
						[119.90614, -5.42042],
						[119.90264, -5.42008],
						[119.89994, -5.42102],
						[119.89876, -5.42106],
						[119.89749, -5.42053],
						[119.89436, -5.42215],
						[119.89275, -5.42204],
						[119.89137, -5.42255],
						[119.88798, -5.4264],
						[119.88498, -5.42826],
						[119.88344, -5.42851],
						[119.88251, -5.43033],
						[119.87597, -5.43219],
						[119.87509, -5.43146],
						[119.87344, -5.4308],
						[119.8732, -5.43153],
						[119.87346, -5.433],
						[119.87288, -5.43424],
						[119.87007, -5.43813],
						[119.86985, -5.43934],
						[119.86923, -5.44003],
						[119.86751, -5.44052],
						[119.86723, -5.44133],
						[119.8661, -5.44189],
						[119.86522, -5.4428],
						[119.86393, -5.44641],
						[119.85923, -5.44866],
						[119.85925, -5.44992],
						[119.85739, -5.45099],
						[119.85498, -5.45524],
						[119.85464, -5.45637],
						[119.85367, -5.45742],
						[119.85404, -5.45893],
						[119.85372, -5.46028],
						[119.85243, -5.46141],
						[119.84816, -5.46261],
						[119.8479, -5.46308],
						[119.84829, -5.46455],
						[119.84668, -5.46664],
						[119.84523, -5.46739],
						[119.84474, -5.46803],
						[119.84414, -5.471],
						[119.84249, -5.4723],
						[119.84236, -5.47316],
						[119.84096, -5.47457],
						[119.84101, -5.47632],
						[119.83998, -5.47705],
						[119.83815, -5.4792],
						[119.838, -5.48055],
						[119.83717, -5.48119],
						[119.83706, -5.48324],
						[119.83661, -5.48386],
						[119.83553, -5.4896],
						[119.83476, -5.492],
						[119.83392, -5.4927],
						[119.83294, -5.49629],
						[119.83337, -5.49764],
						[119.83281, -5.49922],
						[119.83277, -5.50135]
					]
				]
			}
		},
		{
			"type": "Feature",
			"properties": {
				"slug": "jeneponto--tamalatea",
				"nama": "Tamalatea",
				"kabkota": "jeneponto",
				"osm": "relation/19938174",
				"pusat": [-5.62889935622318, 119.66427682403423]
			},
			"geometry": {
				"type": "Polygon",
				"coordinates": [
					[
						[119.71197, -5.61516],
						[119.71398, -5.61706],
						[119.71849, -5.61942],
						[119.71114, -5.62732],
						[119.7115, -5.63076],
						[119.7086, -5.63553],
						[119.70884, -5.63672],
						[119.70919, -5.63672],
						[119.70979, -5.63799],
						[119.70967, -5.63954],
						[119.70929, -5.64013],
						[119.70854, -5.64042],
						[119.70936, -5.6421],
						[119.71053, -5.64234],
						[119.70799, -5.64642],
						[119.70548, -5.65406],
						[119.70526, -5.66043],
						[119.70771, -5.66634],
						[119.70486, -5.67322],
						[119.70298, -5.67614],
						[119.69982, -5.67654],
						[119.69441, -5.67452],
						[119.69163, -5.67469],
						[119.68844, -5.67614],
						[119.67561, -5.6884],
						[119.66935, -5.68859],
						[119.66756, -5.68831],
						[119.66677, -5.68929],
						[119.66637, -5.68863],
						[119.66416, -5.68703],
						[119.66246, -5.68627],
						[119.66068, -5.68465],
						[119.65756, -5.68297],
						[119.6527, -5.68225],
						[119.65119, -5.68251],
						[119.65105, -5.68223],
						[119.65037, -5.68231],
						[119.64815, -5.68135],
						[119.64747, -5.68207],
						[119.6472, -5.68193],
						[119.64746, -5.68055],
						[119.64723, -5.67983],
						[119.64403, -5.67665],
						[119.64371, -5.67578],
						[119.64079, -5.67204],
						[119.64023, -5.67091],
						[119.63908, -5.66314],
						[119.63995, -5.65988],
						[119.6413, -5.65875],
						[119.6427, -5.65865],
						[119.64307, -5.65901],
						[119.64466, -5.6582],
						[119.64558, -5.65725],
						[119.64654, -5.65755],
						[119.64757, -5.65603],
						[119.65057, -5.65345],
						[119.65369, -5.65356],
						[119.65429, -5.65251],
						[119.65556, -5.65342],
						[119.65615, -5.65314],
						[119.65728, -5.65181],
						[119.65733, -5.65105],
						[119.65809, -5.65039],
						[119.65808, -5.64988],
						[119.65873, -5.64975],
						[119.65772, -5.64933],
						[119.65813, -5.64822],
						[119.65869, -5.64829],
						[119.6587, -5.64783],
						[119.6578, -5.64754],
						[119.65774, -5.64725],
						[119.65856, -5.64653],
						[119.65802, -5.64581],
						[119.65874, -5.64483],
						[119.65878, -5.64424],
						[119.65818, -5.64397],
						[119.65778, -5.64331],
						[119.65734, -5.64326],
						[119.65549, -5.63892],
						[119.6543, -5.63902],
						[119.65316, -5.63595],
						[119.65432, -5.63428],
						[119.65348, -5.63447],
						[119.65251, -5.63339],
						[119.65292, -5.63323],
						[119.65287, -5.63296],
						[119.65074, -5.62866],
						[119.64839, -5.62871],
						[119.64659, -5.62833],
						[119.64542, -5.62856],
						[119.64344, -5.62821],
						[119.63806, -5.62959],
						[119.63712, -5.62937],
						[119.6352, -5.62815],
						[119.63458, -5.62868],
						[119.6345, -5.62788],
						[119.63353, -5.62706],
						[119.63075, -5.62643],
						[119.63024, -5.62577],
						[119.6272, -5.6247],
						[119.62517, -5.62441],
						[119.62483, -5.62517],
						[119.61959, -5.62422],
						[119.61915, -5.62509],
						[119.61731, -5.62519],
						[119.61669, -5.62469],
						[119.61682, -5.6238],
						[119.61618, -5.62335],
						[119.61606, -5.62209],
						[119.61626, -5.62157],
						[119.61738, -5.62078],
						[119.61783, -5.6189],
						[119.61716, -5.61871],
						[119.61702, -5.618],
						[119.61625, -5.61774],
						[119.61654, -5.61656],
						[119.61281, -5.6144],
						[119.61443, -5.60624],
						[119.6195, -5.5993],
						[119.62212, -5.59346],
						[119.62372, -5.59303],
						[119.62576, -5.59045],
						[119.62882, -5.58456],
						[119.63044, -5.58741],
						[119.63272, -5.5901],
						[119.63387, -5.59061],
						[119.6346, -5.59153],
						[119.63825, -5.59216],
						[119.63973, -5.59195],
						[119.64369, -5.58973],
						[119.64866, -5.59123],
						[119.64963, -5.59229],
						[119.65121, -5.59237],
						[119.65181, -5.59107],
						[119.65547, -5.59099],
						[119.65617, -5.59126],
						[119.65753, -5.58964],
						[119.65927, -5.59014],
						[119.66027, -5.5912],
						[119.66037, -5.59181],
						[119.6629, -5.59133],
						[119.66166, -5.5938],
						[119.66093, -5.59435],
						[119.66043, -5.59608],
						[119.66146, -5.59691],
						[119.66277, -5.59597],
						[119.66309, -5.5964],
						[119.66313, -5.59781],
						[119.6638, -5.59847],
						[119.6633, -5.59925],
						[119.66345, -5.60086],
						[119.66444, -5.60133],
						[119.66453, -5.60228],
						[119.66376, -5.604],
						[119.66403, -5.60471],
						[119.66583, -5.60538],
						[119.66537, -5.60803],
						[119.6676, -5.60898],
						[119.66737, -5.60958],
						[119.66797, -5.61024],
						[119.66793, -5.61117],
						[119.66924, -5.61163],
						[119.66957, -5.6125],
						[119.66848, -5.61433],
						[119.66802, -5.61422],
						[119.66851, -5.61526],
						[119.6681, -5.61535],
						[119.66739, -5.61472],
						[119.66703, -5.61495],
						[119.66737, -5.61577],
						[119.66778, -5.61568],
						[119.66796, -5.61614],
						[119.66686, -5.61678],
						[119.66703, -5.61749],
						[119.66663, -5.6179],
						[119.66724, -5.61853],
						[119.66596, -5.61831],
						[119.66537, -5.61885],
						[119.66648, -5.61989],
						[119.66698, -5.62256],
						[119.66739, -5.62305],
						[119.66812, -5.622],
						[119.66807, -5.6207],
						[119.67084, -5.61927],
						[119.67129, -5.61953],
						[119.67135, -5.62002],
						[119.67371, -5.61805],
						[119.67401, -5.61848],
						[119.67347, -5.62002],
						[119.67384, -5.62064],
						[119.67417, -5.62062],
						[119.6759, -5.61853],
						[119.67635, -5.6174],
						[119.67699, -5.61696],
						[119.67751, -5.61736],
						[119.6773, -5.61846],
						[119.67762, -5.61899],
						[119.67886, -5.6197],
						[119.67962, -5.62072],
						[119.68003, -5.62074],
						[119.68163, -5.6199],
						[119.68354, -5.62012],
						[119.68443, -5.61877],
						[119.6862, -5.61881],
						[119.68747, -5.61786],
						[119.68828, -5.6165],
						[119.68913, -5.61677],
						[119.68969, -5.61763],
						[119.69012, -5.61778],
						[119.69088, -5.61671],
						[119.69111, -5.61526],
						[119.69185, -5.61489],
						[119.69298, -5.61591],
						[119.69294, -5.61786],
						[119.69246, -5.61867],
						[119.69267, -5.61949],
						[119.69308, -5.61958],
						[119.69347, -5.61869],
						[119.69554, -5.61773],
						[119.69679, -5.6193],
						[119.69842, -5.62034],
						[119.69986, -5.61778],
						[119.70197, -5.61689],
						[119.70282, -5.61513],
						[119.70586, -5.61244],
						[119.70673, -5.61286],
						[119.7081, -5.61438],
						[119.70888, -5.61463],
						[119.70928, -5.61443],
						[119.70949, -5.6132],
						[119.71003, -5.61291],
						[119.71077, -5.61453],
						[119.71197, -5.61516]
					]
				]
			}
		},
		{
			"type": "Feature",
			"properties": {
				"slug": "jeneponto--tarowang",
				"nama": "Tarowang",
				"kabkota": "jeneponto",
				"osm": "relation/19938177",
				"pusat": [-5.586199290322583, 119.86931619354837]
			},
			"geometry": {
				"type": "Polygon",
				"coordinates": [
					[
						[119.8402, -5.56962],
						[119.83935, -5.57128],
						[119.83739, -5.57112],
						[119.83647, -5.57153],
						[119.83577, -5.57251],
						[119.83459, -5.57295],
						[119.83385, -5.57376],
						[119.83249, -5.57438],
						[119.83319, -5.57711],
						[119.83271, -5.58068],
						[119.83348, -5.58536],
						[119.83334, -5.58673],
						[119.82777, -5.59375],
						[119.82643, -5.59468],
						[119.82545, -5.59812],
						[119.82568, -5.59955],
						[119.82643, -5.60058],
						[119.82593, -5.60965],
						[119.82789, -5.61016],
						[119.82918, -5.61232],
						[119.83113, -5.61276],
						[119.83292, -5.61365],
						[119.83417, -5.6151],
						[119.8368, -5.61599],
						[119.83716, -5.61648],
						[119.84055, -5.61577],
						[119.84166, -5.61362],
						[119.84299, -5.61457],
						[119.84284, -5.61537],
						[119.84372, -5.61659],
						[119.84431, -5.61652],
						[119.84505, -5.6171],
						[119.84624, -5.61706],
						[119.84724, -5.61811],
						[119.8481, -5.61806],
						[119.84948, -5.6187],
						[119.84996, -5.6193],
						[119.85036, -5.61905],
						[119.85164, -5.61938],
						[119.85254, -5.62024],
						[119.85483, -5.6207],
						[119.8572, -5.62044],
						[119.85846, -5.62199],
						[119.85748, -5.62306],
						[119.85859, -5.62231],
						[119.8588, -5.62257],
						[119.85965, -5.62248],
						[119.86139, -5.62362],
						[119.86233, -5.62241],
						[119.86457, -5.61796],
						[119.86531, -5.61753],
						[119.86556, -5.61675],
						[119.86534, -5.61514],
						[119.86588, -5.6137],
						[119.86408, -5.61291],
						[119.86354, -5.61156],
						[119.86374, -5.61089],
						[119.86461, -5.61088],
						[119.86463, -5.61032],
						[119.86634, -5.60998],
						[119.86664, -5.60944],
						[119.86638, -5.60895],
						[119.86662, -5.60888],
						[119.86678, -5.60926],
						[119.86743, -5.60922],
						[119.86737, -5.60956],
						[119.86779, -5.60988],
						[119.86995, -5.61069],
						[119.87064, -5.6128],
						[119.87173, -5.61397],
						[119.87239, -5.61428],
						[119.87397, -5.61356],
						[119.87513, -5.61097],
						[119.87567, -5.60827],
						[119.87612, -5.60749],
						[119.8791, -5.60336],
						[119.8832, -5.59898],
						[119.88669, -5.59592],
						[119.88879, -5.59468],
						[119.8912, -5.59383],
						[119.89478, -5.59369],
						[119.89748, -5.59125],
						[119.89807, -5.5888],
						[119.89914, -5.58734],
						[119.90149, -5.58575],
						[119.90135, -5.58535],
						[119.90168, -5.58557],
						[119.90253, -5.58504],
						[119.9048, -5.58297],
						[119.90594, -5.58086],
						[119.90738, -5.57666],
						[119.90629, -5.57485],
						[119.90587, -5.5733],
						[119.90483, -5.5726],
						[119.90483, -5.57206],
						[119.90554, -5.57137],
						[119.90709, -5.57114],
						[119.9089, -5.56996],
						[119.90806, -5.56749],
						[119.9069, -5.56541],
						[119.90693, -5.56515],
						[119.90788, -5.565],
						[119.90819, -5.5644],
						[119.90729, -5.56355],
						[119.90621, -5.56415],
						[119.90599, -5.56338],
						[119.90534, -5.5634],
						[119.90437, -5.5641],
						[119.90308, -5.56401],
						[119.90231, -5.562],
						[119.90144, -5.56132],
						[119.90217, -5.5602],
						[119.90202, -5.55917],
						[119.90092, -5.55893],
						[119.90049, -5.55729],
						[119.89934, -5.55704],
						[119.89761, -5.55735],
						[119.8953, -5.55936],
						[119.89405, -5.5615],
						[119.89241, -5.56152],
						[119.89143, -5.56244],
						[119.89092, -5.56253],
						[119.89018, -5.56234],
						[119.88342, -5.55816],
						[119.88308, -5.55779],
						[119.88319, -5.55691],
						[119.8804, -5.55656],
						[119.87678, -5.55681],
						[119.87581, -5.55636],
						[119.87485, -5.55662],
						[119.87352, -5.5565],
						[119.87315, -5.55609],
						[119.87258, -5.5561],
						[119.87255, -5.55562],
						[119.87204, -5.55539],
						[119.86972, -5.55477],
						[119.86868, -5.55403],
						[119.86715, -5.55381],
						[119.86678, -5.5529],
						[119.86601, -5.55294],
						[119.8662, -5.55381],
						[119.86506, -5.55453],
						[119.86325, -5.55406],
						[119.8617, -5.55449],
						[119.86067, -5.55432],
						[119.8603, -5.55394],
						[119.85917, -5.55411],
						[119.85867, -5.55478],
						[119.85642, -5.55456],
						[119.85606, -5.55656],
						[119.85837, -5.55792],
						[119.85889, -5.55939],
						[119.85255, -5.56324],
						[119.8456, -5.56616],
						[119.8402, -5.56962]
					]
				]
			}
		},
		{
			"type": "Feature",
			"properties": {
				"slug": "jeneponto--turatea",
				"nama": "Turatea",
				"kabkota": "jeneponto",
				"osm": "relation/19938175",
				"pusat": [-5.600228934426229, 119.76173827868848]
			},
			"geometry": {
				"type": "Polygon",
				"coordinates": [
					[
						[119.71849, -5.61942],
						[119.71114, -5.62732],
						[119.71545, -5.62914],
						[119.71723, -5.63116],
						[119.71928, -5.63095],
						[119.72005, -5.63367],
						[119.71972, -5.63469],
						[119.7211, -5.63535],
						[119.72178, -5.63538],
						[119.72154, -5.63484],
						[119.72307, -5.63416],
						[119.72367, -5.63484],
						[119.72591, -5.63456],
						[119.72688, -5.63526],
						[119.72843, -5.63534],
						[119.73164, -5.63629],
						[119.73304, -5.63922],
						[119.73263, -5.64133],
						[119.73359, -5.64265],
						[119.73585, -5.6437],
						[119.73948, -5.64356],
						[119.7446, -5.64018],
						[119.74698, -5.63744],
						[119.74911, -5.637],
						[119.75345, -5.63729],
						[119.75408, -5.63869],
						[119.75981, -5.64114],
						[119.76114, -5.64233],
						[119.76207, -5.64264],
						[119.76369, -5.6425],
						[119.77146, -5.63681],
						[119.77285, -5.63635],
						[119.77682, -5.63652],
						[119.77744, -5.63123],
						[119.77917, -5.62624],
						[119.78881, -5.62707],
						[119.79197, -5.6278],
						[119.79283, -5.627],
						[119.79308, -5.62603],
						[119.79287, -5.62368],
						[119.79347, -5.62292],
						[119.79511, -5.62224],
						[119.79634, -5.61483],
						[119.79565, -5.61334],
						[119.79663, -5.61186],
						[119.79763, -5.61155],
						[119.79667, -5.61009],
						[119.79655, -5.60775],
						[119.79793, -5.60599],
						[119.79807, -5.6053],
						[119.79737, -5.6048],
						[119.7967, -5.60517],
						[119.7963, -5.60506],
						[119.7959, -5.6045],
						[119.79664, -5.60394],
						[119.79725, -5.60235],
						[119.79696, -5.60145],
						[119.79724, -5.60133],
						[119.79931, -5.60227],
						[119.79984, -5.60174],
						[119.79993, -5.60095],
						[119.79936, -5.59953],
						[119.79854, -5.59883],
						[119.79607, -5.59463],
						[119.79361, -5.59376],
						[119.79293, -5.59291],
						[119.79234, -5.59128],
						[119.79373, -5.58501],
						[119.78992, -5.57956],
						[119.79294, -5.57415],
						[119.78628, -5.56956],
						[119.78455, -5.56897],
						[119.78225, -5.56719],
						[119.78184, -5.56706],
						[119.78147, -5.56738],
						[119.78061, -5.5689],
						[119.77993, -5.56912],
						[119.77913, -5.56879],
						[119.7779, -5.56695],
						[119.77932, -5.5629],
						[119.77943, -5.5621],
						[119.779, -5.56156],
						[119.77792, -5.56135],
						[119.77623, -5.56177],
						[119.7768, -5.56304],
						[119.77687, -5.56449],
						[119.77497, -5.56561],
						[119.77412, -5.56829],
						[119.77368, -5.56903],
						[119.77274, -5.56968],
						[119.76954, -5.56929],
						[119.76819, -5.56716],
						[119.76671, -5.56714],
						[119.76533, -5.56667],
						[119.75487, -5.56559],
						[119.74741, -5.56549],
						[119.74394, -5.56395],
						[119.7378, -5.56055],
						[119.72987, -5.56082],
						[119.73063, -5.56255],
						[119.73337, -5.56488],
						[119.73302, -5.56574],
						[119.73166, -5.56633],
						[119.73106, -5.56703],
						[119.73201, -5.56869],
						[119.73151, -5.57029],
						[119.7331, -5.57326],
						[119.73332, -5.57422],
						[119.73152, -5.57623],
						[119.73126, -5.57689],
						[119.73201, -5.57792],
						[119.73299, -5.57843],
						[119.73321, -5.57948],
						[119.73225, -5.58035],
						[119.73244, -5.58161],
						[119.73187, -5.58355],
						[119.73694, -5.58902],
						[119.73871, -5.59266],
						[119.73354, -5.59818],
						[119.73231, -5.60104],
						[119.72702, -5.6099],
						[119.71849, -5.61942]
					]
				]
			}
		},
		{
			"type": "Feature",
			"properties": {
				"slug": "makassar--biringkanaya",
				"nama": "Biringkanaya",
				"kabkota": "makassar",
				"osm": "relation/12261282",
				"pusat": [-5.095722706766916, 119.50790086466156]
			},
			"geometry": {
				"type": "MultiPolygon",
				"coordinates": [
					[
						[
							[119.52896, -5.13273],
							[119.5309, -5.13234],
							[119.53228, -5.1312],
							[119.53766, -5.12431],
							[119.53826, -5.12256],
							[119.53868, -5.12258],
							[119.53887, -5.12215],
							[119.53933, -5.1224],
							[119.53958, -5.12217],
							[119.54099, -5.11656],
							[119.54263, -5.1138],
							[119.54338, -5.11157],
							[119.54118, -5.10977],
							[119.54079, -5.10993],
							[119.53983, -5.10959],
							[119.53927, -5.10816],
							[119.53944, -5.10755],
							[119.53893, -5.10651],
							[119.53935, -5.10474],
							[119.53899, -5.10348],
							[119.53931, -5.10177],
							[119.53893, -5.10046],
							[119.53904, -5.09831],
							[119.53807, -5.09635],
							[119.53776, -5.09481],
							[119.5388, -5.08937],
							[119.54126, -5.08582],
							[119.54167, -5.08406],
							[119.5408, -5.08322],
							[119.54005, -5.08319],
							[119.5396, -5.08266],
							[119.5394, -5.08192],
							[119.53964, -5.08154],
							[119.53708, -5.0815],
							[119.53661, -5.08121],
							[119.53601, -5.07921],
							[119.53641, -5.07832],
							[119.53631, -5.07743],
							[119.53696, -5.07684],
							[119.53499, -5.07437],
							[119.53283, -5.07298],
							[119.53317, -5.07203],
							[119.53186, -5.07046],
							[119.53149, -5.0684],
							[119.52941, -5.06744],
							[119.52816, -5.06624],
							[119.52835, -5.06474],
							[119.52814, -5.06441],
							[119.52263, -5.06378],
							[119.52075, -5.06403],
							[119.51955, -5.0637],
							[119.51942, -5.06313],
							[119.51893, -5.06293],
							[119.51832, -5.06315],
							[119.51764, -5.06278],
							[119.51728, -5.06315],
							[119.51555, -5.06268],
							[119.51477, -5.06395],
							[119.5146, -5.06489],
							[119.51419, -5.06517],
							[119.51442, -5.06635],
							[119.51398, -5.06822],
							[119.51246, -5.06801],
							[119.51055, -5.0689],
							[119.50902, -5.06922],
							[119.50791, -5.06863],
							[119.50764, -5.0676],
							[119.5072, -5.06746],
							[119.50639, -5.06791],
							[119.50528, -5.06793],
							[119.50484, -5.06747],
							[119.50455, -5.06793],
							[119.50365, -5.06803],
							[119.50311, -5.06879],
							[119.50257, -5.06877],
							[119.50188, -5.06951],
							[119.49976, -5.0687],
							[119.49787, -5.06737],
							[119.4975, -5.06676],
							[119.4961, -5.06764],
							[119.49527, -5.06722],
							[119.49503, -5.06694],
							[119.49502, -5.06535],
							[119.49578, -5.06467],
							[119.49583, -5.06417],
							[119.49495, -5.06342],
							[119.49424, -5.06363],
							[119.49398, -5.06412],
							[119.49421, -5.06503],
							[119.49399, -5.06554],
							[119.49259, -5.06534],
							[119.49246, -5.06567],
							[119.49318, -5.06646],
							[119.49317, -5.06687],
							[119.49254, -5.06687],
							[119.49054, -5.06565],
							[119.49067, -5.06437],
							[119.4904, -5.06406],
							[119.48963, -5.06406],
							[119.48829, -5.06324],
							[119.48799, -5.06365],
							[119.48886, -5.06441],
							[119.489, -5.06521],
							[119.48859, -5.06577],
							[119.48731, -5.06561],
							[119.4864, -5.06472],
							[119.48631, -5.06324],
							[119.48459, -5.06182],
							[119.48499, -5.06032],
							[119.48489, -5.0598],
							[119.48443, -5.05962],
							[119.4836, -5.05949],
							[119.4818, -5.06014],
							[119.47945, -5.05986],
							[119.47553, -5.06138],
							[119.47302, -5.06347],
							[119.47287, -5.06394],
							[119.47209, -5.06359],
							[119.4709, -5.06429],
							[119.47016, -5.064],
							[119.46994, -5.06432],
							[119.47003, -5.06709],
							[119.46957, -5.06778],
							[119.46999, -5.06773],
							[119.47002, -5.06802],
							[119.46937, -5.06888],
							[119.46995, -5.06906],
							[119.47041, -5.06957],
							[119.47039, -5.07037],
							[119.47251, -5.07225],
							[119.47618, -5.07378],
							[119.47857, -5.07427],
							[119.47915, -5.07296],
							[119.4803, -5.07344],
							[119.48035, -5.0741],
							[119.4813, -5.07489],
							[119.48178, -5.07481],
							[119.48232, -5.07525],
							[119.48331, -5.07526],
							[119.48555, -5.07628],
							[119.48722, -5.07664],
							[119.48995, -5.0794],
							[119.4897, -5.07976],
							[119.49005, -5.08014],
							[119.49186, -5.08129],
							[119.49386, -5.08354],
							[119.49612, -5.0852],
							[119.49652, -5.08437],
							[119.49761, -5.08497],
							[119.49787, -5.08441],
							[119.49821, -5.08453],
							[119.49911, -5.08346],
							[119.49954, -5.08368],
							[119.49987, -5.0831],
							[119.50057, -5.08332],
							[119.50093, -5.08263],
							[119.50143, -5.08292],
							[119.50101, -5.08361],
							[119.5014, -5.08383],
							[119.50135, -5.08436],
							[119.50049, -5.08547],
							[119.50079, -5.08614],
							[119.50051, -5.08677],
							[119.50182, -5.08709],
							[119.50382, -5.08827],
							[119.50281, -5.09022],
							[119.50351, -5.09197],
							[119.50335, -5.09265],
							[119.50248, -5.09231],
							[119.50061, -5.0958],
							[119.49978, -5.09546],
							[119.49945, -5.09612],
							[119.49865, -5.09595],
							[119.49842, -5.09667],
							[119.50071, -5.09715],
							[119.50085, -5.09749],
							[119.49998, -5.09903],
							[119.49855, -5.10293],
							[119.49654, -5.10479],
							[119.49405, -5.10526],
							[119.49379, -5.10592],
							[119.49454, -5.10722],
							[119.49438, -5.10777],
							[119.49388, -5.10812],
							[119.49309, -5.10803],
							[119.49271, -5.10878],
							[119.49345, -5.10925],
							[119.49321, -5.10961],
							[119.49385, -5.11],
							[119.49458, -5.10956],
							[119.4944, -5.10918],
							[119.49503, -5.10881],
							[119.49851, -5.11201],
							[119.50066, -5.11243],
							[119.50209, -5.11324],
							[119.50253, -5.11279],
							[119.5032, -5.11311],
							[119.50279, -5.11423],
							[119.50219, -5.11396],
							[119.50188, -5.11486],
							[119.5005, -5.11472],
							[119.5004, -5.11618],
							[119.50199, -5.11667],
							[119.50237, -5.11538],
							[119.50369, -5.11571],
							[119.50417, -5.11594],
							[119.50364, -5.11723],
							[119.50453, -5.11755],
							[119.50516, -5.11838],
							[119.50767, -5.11954],
							[119.50783, -5.1191],
							[119.50938, -5.12013],
							[119.5068, -5.12374],
							[119.50764, -5.12391],
							[119.51, -5.12733],
							[119.50897, -5.12797],
							[119.50804, -5.13039],
							[119.50733, -5.13434],
							[119.51062, -5.13424],
							[119.51143, -5.13242],
							[119.51257, -5.13343],
							[119.51774, -5.1347],
							[119.51751, -5.13533],
							[119.51864, -5.13576],
							[119.51942, -5.13745],
							[119.51772, -5.14084],
							[119.51719, -5.14269],
							[119.51842, -5.14352],
							[119.51748, -5.14551],
							[119.51558, -5.14462],
							[119.51436, -5.14799],
							[119.51527, -5.1486],
							[119.51635, -5.15055],
							[119.51702, -5.15108],
							[119.51844, -5.15096],
							[119.51875, -5.1495],
							[119.51945, -5.14937],
							[119.5202, -5.14968],
							[119.52044, -5.14845],
							[119.52121, -5.14828],
							[119.52135, -5.14762],
							[119.5221, -5.14729],
							[119.52189, -5.14694],
							[119.52151, -5.14698],
							[119.52163, -5.14606],
							[119.52123, -5.14556],
							[119.52161, -5.14509],
							[119.52136, -5.14458],
							[119.52158, -5.14403],
							[119.52217, -5.14419],
							[119.52296, -5.14357],
							[119.52308, -5.1427],
							[119.52373, -5.14211],
							[119.52384, -5.1412],
							[119.52543, -5.13998],
							[119.52546, -5.1394],
							[119.52609, -5.13954],
							[119.52686, -5.13893],
							[119.52704, -5.13785],
							[119.52733, -5.13806],
							[119.52781, -5.13778],
							[119.52795, -5.13722],
							[119.52747, -5.13643],
							[119.5279, -5.13638],
							[119.528, -5.13444],
							[119.52896, -5.13273]
						]
					],
					[
						[
							[119.46652, -5.05829],
							[119.46553, -5.05921],
							[119.46324, -5.05702],
							[119.46539, -5.05934],
							[119.46442, -5.06023],
							[119.4658, -5.06151],
							[119.46667, -5.06071],
							[119.46729, -5.06138],
							[119.46747, -5.06121],
							[119.46718, -5.06091],
							[119.46814, -5.06003],
							[119.46652, -5.05829]
						]
					]
				]
			}
		},
		{
			"type": "Feature",
			"properties": {
				"slug": "makassar--bontoala",
				"nama": "Bontoala",
				"kabkota": "makassar",
				"osm": "relation/12261091",
				"pusat": [-5.126085, 119.42093020283019]
			},
			"geometry": {
				"type": "Polygon",
				"coordinates": [
					[
						[119.42203, -5.13486],
						[119.41742, -5.13549],
						[119.41557, -5.12694],
						[119.41851, -5.1266],
						[119.41749, -5.12024],
						[119.42032, -5.1207],
						[119.42098, -5.11816],
						[119.4219, -5.11682],
						[119.42249, -5.11775],
						[119.42221, -5.11913],
						[119.42172, -5.11925],
						[119.42198, -5.12025],
						[119.42224, -5.1203],
						[119.42212, -5.12117],
						[119.42239, -5.12125],
						[119.42212, -5.12459],
						[119.42285, -5.12471],
						[119.42281, -5.12554],
						[119.42351, -5.1257],
						[119.42342, -5.12615],
						[119.42495, -5.12654],
						[119.42556, -5.12913],
						[119.42586, -5.1292],
						[119.42603, -5.12858],
						[119.42663, -5.12866],
						[119.42685, -5.12758],
						[119.42904, -5.12828],
						[119.42873, -5.12907],
						[119.42961, -5.1293],
						[119.42961, -5.13004],
						[119.43187, -5.13016],
						[119.43042, -5.13477],
						[119.42816, -5.13512],
						[119.42203, -5.13486]
					]
				]
			}
		},
		{
			"type": "Feature",
			"properties": {
				"slug": "makassar--kepulauan-sangkarrang",
				"nama": "Kepulauan Sangkarrang",
				"kabkota": "makassar",
				"osm": "relation/12257558",
				"pusat": [-5.0323936363636355, 119.09454090909092]
			},
			"geometry": {
				"type": "MultiPolygon",
				"coordinates": [
					[
						[
							[119.32138, -5.08111],
							[119.32133, -5.07995],
							[119.32004, -5.07926],
							[119.32029, -5.07976],
							[119.31951, -5.08102],
							[119.31978, -5.08342],
							[119.32138, -5.08111]
						]
					],
					[
						[
							[119.32734, -5.04761],
							[119.32752, -5.05087],
							[119.32852, -5.05154],
							[119.3303, -5.05138],
							[119.33029, -5.04943],
							[119.33129, -5.04682],
							[119.33109, -5.04612],
							[119.33022, -5.04549],
							[119.32939, -5.04562],
							[119.32787, -5.04649],
							[119.32734, -5.04761]
						]
					],
					[
						[
							[119.278, -5.0372],
							[119.27846, -5.03631],
							[119.27815, -5.03585],
							[119.27731, -5.0359],
							[119.27645, -5.03638],
							[119.27642, -5.03675],
							[119.27689, -5.03719],
							[119.27751, -5.03746],
							[119.278, -5.0372]
						]
					],
					[
						[
							[119.2881, -5.10635],
							[119.28838, -5.10643],
							[119.28919, -5.10532],
							[119.28962, -5.10437],
							[119.28945, -5.10408],
							[119.28908, -5.10418],
							[119.28913, -5.1049],
							[119.28786, -5.10588],
							[119.2881, -5.10635]
						]
					],
					[
						[
							[119.26387, -5.15171],
							[119.26274, -5.15307],
							[119.26515, -5.15077],
							[119.267, -5.14691],
							[119.26652, -5.14582],
							[119.26543, -5.14503],
							[119.26422, -5.14516],
							[119.26246, -5.14603],
							[119.2627, -5.14724],
							[119.26368, -5.14882],
							[119.26387, -5.15171]
						]
					],
					[
						[
							[119.09615, -5.03382],
							[119.09703, -5.03217],
							[119.09814, -5.03138],
							[119.096, -5.03022],
							[119.09322, -5.03008],
							[119.09136, -5.03117],
							[119.09114, -5.03158],
							[119.09235, -5.03379],
							[119.09331, -5.03413],
							[119.0951, -5.03417],
							[119.09615, -5.03382]
						]
					],
					[
						[
							[119.07461, -4.98138],
							[119.07515, -4.98165],
							[119.07576, -4.98146],
							[119.07738, -4.98031],
							[119.07905, -4.97862],
							[119.07969, -4.9772],
							[119.07924, -4.97715],
							[119.0792, -4.97772],
							[119.07844, -4.97826],
							[119.07434, -4.9793],
							[119.07382, -4.98015],
							[119.07461, -4.98138]
						]
					],
					[
						[
							[119.21518, -4.97688],
							[119.21555, -4.97555],
							[119.21499, -4.97503],
							[119.21418, -4.97567],
							[119.21367, -4.9768],
							[119.21425, -4.97711],
							[119.21518, -4.97688]
						]
					]
				]
			}
		},
		{
			"type": "Feature",
			"properties": {
				"slug": "makassar--makassar",
				"nama": "Makassar",
				"kabkota": "makassar",
				"osm": "relation/12243352",
				"pusat": [-5.144020606060607, 119.42755090909091]
			},
			"geometry": {
				"type": "Polygon",
				"coordinates": [
					[
						[119.43369, -5.13808],
						[119.4333, -5.13693],
						[119.43238, -5.13603],
						[119.43299, -5.135],
						[119.43016, -5.13475],
						[119.42748, -5.13513],
						[119.4223, -5.13483],
						[119.41798, -5.13547],
						[119.41895, -5.13952],
						[119.42063, -5.1393],
						[119.42144, -5.14624],
						[119.41771, -5.14564],
						[119.41775, -5.14795],
						[119.41864, -5.14796],
						[119.41881, -5.15203],
						[119.42339, -5.15192],
						[119.42565, -5.1524],
						[119.4262, -5.15004],
						[119.42637, -5.14962],
						[119.42669, -5.1497],
						[119.42682, -5.14908],
						[119.42713, -5.14887],
						[119.42973, -5.14924],
						[119.43013, -5.1477],
						[119.43141, -5.14638],
						[119.43219, -5.14658],
						[119.43269, -5.14532],
						[119.43431, -5.14519],
						[119.43424, -5.14488],
						[119.43462, -5.1448],
						[119.43446, -5.14419],
						[119.43525, -5.14383],
						[119.43369, -5.13808]
					]
				]
			}
		},
		{
			"type": "Feature",
			"properties": {
				"slug": "makassar--mamajang",
				"nama": "Mamajang",
				"kabkota": "makassar",
				"osm": "relation/12212435",
				"pusat": [-5.16838413043478, 119.41103307730162]
			},
			"geometry": {
				"type": "Polygon",
				"coordinates": [
					[
						[119.42302, -5.1666],
						[119.42228, -5.16638],
						[119.42195, -5.16769],
						[119.41986, -5.1673],
						[119.41393, -5.16513],
						[119.41276, -5.17294],
						[119.41148, -5.17694],
						[119.41208, -5.17743],
						[119.41104, -5.17893],
						[119.41136, -5.17917],
						[119.41075, -5.17979],
						[119.41015, -5.17929],
						[119.40978, -5.17997],
						[119.40881, -5.17993],
						[119.40813, -5.17948],
						[119.40863, -5.17867],
						[119.40884, -5.17747],
						[119.40812, -5.17562],
						[119.40713, -5.17465],
						[119.4042, -5.17332],
						[119.40312, -5.17208],
						[119.40339, -5.17084],
						[119.40583, -5.1689],
						[119.40729, -5.16962],
						[119.40691, -5.171],
						[119.40735, -5.1711],
						[119.40871, -5.1682],
						[119.40865, -5.16673],
						[119.4096, -5.16704],
						[119.41, -5.1659],
						[119.41186, -5.16663],
						[119.4133, -5.16126],
						[119.41758, -5.1619],
						[119.4166, -5.15785],
						[119.41599, -5.15201],
						[119.42339, -5.15192],
						[119.4251, -5.15209],
						[119.42581, -5.15263],
						[119.42552, -5.15591],
						[119.42465, -5.15882],
						[119.4232, -5.16141],
						[119.42264, -5.16325],
						[119.42294, -5.16342],
						[119.42278, -5.16571],
						[119.42325, -5.16615],
						[119.42302, -5.1666]
					]
				]
			}
		},
		{
			"type": "Feature",
			"properties": {
				"slug": "makassar--manggala",
				"nama": "Manggala",
				"kabkota": "makassar",
				"osm": "relation/12168546",
				"pusat": [-5.168644901960784, 119.49249852941173]
			},
			"geometry": {
				"type": "Polygon",
				"coordinates": [
					[
						[119.5158, -5.19186],
						[119.51613, -5.18872],
						[119.51544, -5.1877],
						[119.51566, -5.18679],
						[119.51693, -5.18527],
						[119.51643, -5.18428],
						[119.51679, -5.18313],
						[119.51551, -5.18228],
						[119.51508, -5.18128],
						[119.51368, -5.1811],
						[119.51349, -5.18021],
						[119.51405, -5.17986],
						[119.51401, -5.17929],
						[119.51227, -5.17826],
						[119.5128, -5.17791],
						[119.51201, -5.17713],
						[119.51222, -5.17681],
						[119.51301, -5.1768],
						[119.51369, -5.17534],
						[119.51442, -5.17486],
						[119.51522, -5.17368],
						[119.51551, -5.17264],
						[119.51525, -5.17175],
						[119.51545, -5.17091],
						[119.51594, -5.17054],
						[119.51669, -5.17078],
						[119.51794, -5.17056],
						[119.51918, -5.16971],
						[119.51837, -5.16828],
						[119.519, -5.16848],
						[119.51961, -5.16781],
						[119.51954, -5.16583],
						[119.51567, -5.16373],
						[119.51503, -5.16404],
						[119.51416, -5.16587],
						[119.51381, -5.16584],
						[119.51373, -5.16272],
						[119.51058, -5.16279],
						[119.50776, -5.16427],
						[119.50458, -5.16251],
						[119.50169, -5.16197],
						[119.50135, -5.16164],
						[119.49992, -5.15745],
						[119.49796, -5.1563],
						[119.49605, -5.15375],
						[119.49576, -5.15292],
						[119.49399, -5.15238],
						[119.49371, -5.15199],
						[119.49377, -5.15118],
						[119.48965, -5.1518],
						[119.48603, -5.1495],
						[119.48442, -5.14945],
						[119.48434, -5.14996],
						[119.48348, -5.14984],
						[119.48334, -5.15168],
						[119.48114, -5.15251],
						[119.48126, -5.15336],
						[119.48236, -5.15396],
						[119.48228, -5.15429],
						[119.48014, -5.15433],
						[119.47923, -5.15493],
						[119.47776, -5.15399],
						[119.47811, -5.15241],
						[119.47685, -5.15062],
						[119.47384, -5.14926],
						[119.47022, -5.15013],
						[119.46778, -5.14982],
						[119.4662, -5.14909],
						[119.46336, -5.15023],
						[119.4605, -5.14959],
						[119.46024, -5.15127],
						[119.45885, -5.15348],
						[119.45859, -5.15464],
						[119.45854, -5.15842],
						[119.46, -5.16095],
						[119.45173, -5.16409],
						[119.45073, -5.16502],
						[119.45198, -5.16615],
						[119.45195, -5.16653],
						[119.45284, -5.16692],
						[119.45256, -5.16783],
						[119.455, -5.16816],
						[119.45916, -5.17033],
						[119.46493, -5.17273],
						[119.46422, -5.17567],
						[119.46884, -5.17777],
						[119.47078, -5.17902],
						[119.47564, -5.18321],
						[119.47959, -5.18507],
						[119.48271, -5.18578],
						[119.48348, -5.18636],
						[119.48409, -5.18656],
						[119.48431, -5.18601],
						[119.48655, -5.18676],
						[119.48696, -5.18759],
						[119.48665, -5.18872],
						[119.4911, -5.19121],
						[119.49248, -5.19102],
						[119.49528, -5.18938],
						[119.49766, -5.19017],
						[119.50268, -5.19115],
						[119.5158, -5.19186]
					]
				]
			}
		},
		{
			"type": "Feature",
			"properties": {
				"slug": "makassar--mariso",
				"nama": "Mariso",
				"kabkota": "makassar",
				"osm": "relation/12212436",
				"pusat": [-5.151078750000001, 119.40345946428567]
			},
			"geometry": {
				"type": "Polygon",
				"coordinates": [
					[
						[119.4045, -5.14129],
						[119.40389, -5.14056],
						[119.40227, -5.14165],
						[119.40187, -5.14137],
						[119.40202, -5.14081],
						[119.40172, -5.14049],
						[119.40203, -5.14013],
						[119.40174, -5.13979],
						[119.40223, -5.13946],
						[119.40148, -5.1391],
						[119.40009, -5.13922],
						[119.39913, -5.13986],
						[119.39893, -5.14022],
						[119.39957, -5.14032],
						[119.39982, -5.14072],
						[119.39928, -5.14144],
						[119.39765, -5.14027],
						[119.3966, -5.14164],
						[119.39613, -5.14295],
						[119.39612, -5.14445],
						[119.39664, -5.14587],
						[119.39587, -5.14591],
						[119.39545, -5.14674],
						[119.39282, -5.14901],
						[119.39415, -5.15056],
						[119.39529, -5.15044],
						[119.39434, -5.15235],
						[119.39523, -5.15358],
						[119.39962, -5.15716],
						[119.40339, -5.16369],
						[119.40524, -5.16466],
						[119.40604, -5.16552],
						[119.40692, -5.16716],
						[119.40678, -5.16789],
						[119.40583, -5.1689],
						[119.40729, -5.16962],
						[119.40691, -5.171],
						[119.40735, -5.1711],
						[119.40871, -5.1682],
						[119.40865, -5.16673],
						[119.4096, -5.16704],
						[119.41, -5.1659],
						[119.41186, -5.16663],
						[119.4133, -5.16126],
						[119.41758, -5.1619],
						[119.4166, -5.15785],
						[119.41555, -5.14827],
						[119.4097, -5.14862],
						[119.40878, -5.14661],
						[119.40805, -5.14712],
						[119.40767, -5.14821],
						[119.4059, -5.14779],
						[119.40535, -5.14807],
						[119.40437, -5.14718],
						[119.40533, -5.14484],
						[119.4045, -5.14129]
					]
				]
			}
		},
		{
			"type": "Feature",
			"properties": {
				"slug": "makassar--panakkukang",
				"nama": "Panakkukang",
				"kabkota": "makassar",
				"osm": "relation/12261092",
				"pusat": [-5.1401860784313715, 119.45711921568623]
			},
			"geometry": {
				"type": "Polygon",
				"coordinates": [
					[
						[119.46907, -5.12816],
						[119.47427, -5.13122],
						[119.4768, -5.13202],
						[119.47669, -5.13306],
						[119.47384, -5.13423],
						[119.472, -5.13579],
						[119.46926, -5.13743],
						[119.46879, -5.138],
						[119.46876, -5.13875],
						[119.47007, -5.14002],
						[119.47124, -5.14181],
						[119.47414, -5.14717],
						[119.47524, -5.14699],
						[119.47802, -5.14326],
						[119.47847, -5.14313],
						[119.48292, -5.14868],
						[119.48442, -5.14945],
						[119.48434, -5.14996],
						[119.48348, -5.14984],
						[119.48334, -5.15168],
						[119.48114, -5.15251],
						[119.48126, -5.15336],
						[119.48236, -5.15396],
						[119.48228, -5.15429],
						[119.48014, -5.15433],
						[119.47923, -5.15493],
						[119.4786, -5.1547],
						[119.47776, -5.15399],
						[119.47811, -5.15241],
						[119.47685, -5.15062],
						[119.47384, -5.14926],
						[119.47022, -5.15013],
						[119.46778, -5.14982],
						[119.4662, -5.14909],
						[119.46336, -5.15023],
						[119.4605, -5.14959],
						[119.46024, -5.15127],
						[119.45885, -5.15348],
						[119.45859, -5.15464],
						[119.45854, -5.15842],
						[119.46, -5.16095],
						[119.45173, -5.16409],
						[119.44832, -5.1672],
						[119.44425, -5.16281],
						[119.43952, -5.16212],
						[119.43964, -5.16103],
						[119.43861, -5.15885],
						[119.43872, -5.15805],
						[119.43758, -5.15788],
						[119.43793, -5.15535],
						[119.43698, -5.15522],
						[119.43725, -5.15289],
						[119.43672, -5.15279],
						[119.43565, -5.14733],
						[119.43426, -5.14682],
						[119.43446, -5.14573],
						[119.4338, -5.14566],
						[119.43386, -5.14522],
						[119.43462, -5.1448],
						[119.43446, -5.14419],
						[119.43525, -5.14383],
						[119.43479, -5.14287],
						[119.43364, -5.13762],
						[119.43238, -5.13603],
						[119.43299, -5.135],
						[119.43042, -5.13477],
						[119.43187, -5.13016],
						[119.4325, -5.1302],
						[119.43296, -5.12904],
						[119.43421, -5.12923],
						[119.43451, -5.12874],
						[119.43558, -5.12966],
						[119.43631, -5.12982],
						[119.44291, -5.13026],
						[119.44397, -5.12786],
						[119.44582, -5.12527],
						[119.44575, -5.12447],
						[119.44695, -5.12414],
						[119.44868, -5.12516],
						[119.45017, -5.12416],
						[119.4514, -5.12283],
						[119.45337, -5.12283],
						[119.45423, -5.12246],
						[119.45472, -5.12265],
						[119.456, -5.12227],
						[119.45602, -5.12178],
						[119.45671, -5.12192],
						[119.45747, -5.1216],
						[119.45837, -5.12195],
						[119.46014, -5.12036],
						[119.46051, -5.12165],
						[119.46014, -5.12197],
						[119.46018, -5.12298],
						[119.46096, -5.1241],
						[119.46107, -5.12528],
						[119.46182, -5.12546],
						[119.46198, -5.1251],
						[119.4648, -5.12561],
						[119.4692, -5.12567],
						[119.46854, -5.12629],
						[119.46843, -5.12711],
						[119.46907, -5.12816]
					]
				]
			}
		},
		{
			"type": "Feature",
			"properties": {
				"slug": "makassar--rappocini",
				"nama": "Rappocini",
				"kabkota": "makassar",
				"osm": "relation/12183411",
				"pusat": [-5.1663590277777764, 119.43928722222219]
			},
			"geometry": {
				"type": "Polygon",
				"coordinates": [
					[
						[119.43565, -5.14733],
						[119.43426, -5.14682],
						[119.43446, -5.14573],
						[119.4338, -5.14566],
						[119.43386, -5.14522],
						[119.43303, -5.14523],
						[119.43241, -5.14559],
						[119.43219, -5.14658],
						[119.43141, -5.14638],
						[119.43013, -5.1477],
						[119.42973, -5.14924],
						[119.42713, -5.14887],
						[119.42669, -5.1497],
						[119.42637, -5.14962],
						[119.42565, -5.1524],
						[119.42552, -5.15591],
						[119.42465, -5.15882],
						[119.4232, -5.16141],
						[119.42264, -5.16325],
						[119.42294, -5.16342],
						[119.42278, -5.16571],
						[119.42325, -5.16615],
						[119.42302, -5.1666],
						[119.42404, -5.16725],
						[119.42425, -5.16697],
						[119.42638, -5.16821],
						[119.42674, -5.16874],
						[119.42811, -5.16927],
						[119.42823, -5.16875],
						[119.42883, -5.16885],
						[119.42979, -5.16687],
						[119.43394, -5.16883],
						[119.43134, -5.17407],
						[119.43788, -5.17737],
						[119.43965, -5.17919],
						[119.44026, -5.1804],
						[119.44137, -5.18854],
						[119.44475, -5.18867],
						[119.44539, -5.18802],
						[119.44681, -5.18849],
						[119.4466, -5.18902],
						[119.45113, -5.1905],
						[119.45317, -5.19153],
						[119.45552, -5.19196],
						[119.45566, -5.19173],
						[119.45724, -5.19179],
						[119.45813, -5.19147],
						[119.45876, -5.191],
						[119.46068, -5.18527],
						[119.46102, -5.18539],
						[119.4637, -5.1755],
						[119.46422, -5.17567],
						[119.46493, -5.17273],
						[119.45916, -5.17033],
						[119.455, -5.16816],
						[119.45256, -5.16783],
						[119.45284, -5.16692],
						[119.45195, -5.16653],
						[119.45198, -5.16615],
						[119.45073, -5.16502],
						[119.44832, -5.1672],
						[119.44425, -5.16281],
						[119.43952, -5.16212],
						[119.43964, -5.16103],
						[119.43861, -5.15885],
						[119.43872, -5.15805],
						[119.43758, -5.15788],
						[119.43793, -5.15535],
						[119.43698, -5.15522],
						[119.43725, -5.15289],
						[119.43672, -5.15279],
						[119.43565, -5.14733]
					]
				]
			}
		},
		{
			"type": "Feature",
			"properties": {
				"slug": "makassar--tallo",
				"nama": "Tallo",
				"kabkota": "makassar",
				"osm": "relation/12261090",
				"pusat": [-5.11470479768786, 119.44326583815037]
			},
			"geometry": {
				"type": "Polygon",
				"coordinates": [
					[
						[119.43477, -5.12888],
						[119.43451, -5.12874],
						[119.43421, -5.12923],
						[119.43296, -5.12904],
						[119.4325, -5.1302],
						[119.42961, -5.13004],
						[119.42961, -5.1293],
						[119.42873, -5.12907],
						[119.42904, -5.12828],
						[119.42685, -5.12758],
						[119.42663, -5.12866],
						[119.42603, -5.12858],
						[119.42586, -5.1292],
						[119.42556, -5.12913],
						[119.42495, -5.12654],
						[119.42342, -5.12615],
						[119.42351, -5.1257],
						[119.42281, -5.12554],
						[119.42285, -5.12471],
						[119.42212, -5.12459],
						[119.42239, -5.12125],
						[119.42212, -5.12117],
						[119.42224, -5.1203],
						[119.42198, -5.12025],
						[119.42172, -5.11925],
						[119.42221, -5.11913],
						[119.42248, -5.11762],
						[119.421, -5.11492],
						[119.42237, -5.1147],
						[119.42448, -5.11514],
						[119.42508, -5.11206],
						[119.42617, -5.11169],
						[119.42632, -5.11263],
						[119.42666, -5.1128],
						[119.43042, -5.11306],
						[119.43061, -5.11226],
						[119.43097, -5.11218],
						[119.43152, -5.10904],
						[119.42839, -5.11097],
						[119.42744, -5.10937],
						[119.42837, -5.11025],
						[119.42783, -5.10937],
						[119.43126, -5.10786],
						[119.43167, -5.10724],
						[119.43122, -5.10648],
						[119.4283, -5.10832],
						[119.42807, -5.10812],
						[119.4287, -5.10764],
						[119.42851, -5.10735],
						[119.42774, -5.1076],
						[119.42873, -5.10698],
						[119.42841, -5.10645],
						[119.42741, -5.10708],
						[119.42665, -5.10638],
						[119.42528, -5.10719],
						[119.42966, -5.1047],
						[119.43046, -5.1038],
						[119.43211, -5.10321],
						[119.43256, -5.10246],
						[119.4331, -5.10244],
						[119.43311, -5.10382],
						[119.43367, -5.10408],
						[119.43338, -5.10201],
						[119.43279, -5.10136],
						[119.43041, -5.10042],
						[119.43004, -5.10091],
						[119.4291, -5.1004],
						[119.42406, -5.10474],
						[119.41461, -5.10339],
						[119.41603, -5.09392],
						[119.41635, -5.09365],
						[119.43299, -5.10082],
						[119.43429, -5.10189],
						[119.43558, -5.10109],
						[119.43585, -5.10283],
						[119.43737, -5.10559],
						[119.43857, -5.10457],
						[119.43797, -5.10418],
						[119.43808, -5.10362],
						[119.4388, -5.10356],
						[119.43863, -5.10313],
						[119.43902, -5.10288],
						[119.44002, -5.10293],
						[119.43985, -5.10255],
						[119.44056, -5.10243],
						[119.44037, -5.10192],
						[119.44112, -5.10148],
						[119.44141, -5.10235],
						[119.44145, -5.10209],
						[119.44197, -5.10209],
						[119.442, -5.10242],
						[119.44293, -5.10224],
						[119.44295, -5.1015],
						[119.44571, -5.10047],
						[119.44589, -5.10117],
						[119.44721, -5.10097],
						[119.44785, -5.10135],
						[119.44755, -5.10239],
						[119.44822, -5.10198],
						[119.44933, -5.10317],
						[119.44764, -5.1055],
						[119.44318, -5.10726],
						[119.44193, -5.1087],
						[119.44188, -5.10914],
						[119.44197, -5.11016],
						[119.44288, -5.11205],
						[119.44562, -5.11523],
						[119.44745, -5.11623],
						[119.44936, -5.11612],
						[119.45242, -5.11439],
						[119.45383, -5.1141],
						[119.45474, -5.11464],
						[119.45498, -5.11648],
						[119.45655, -5.11805],
						[119.45921, -5.11863],
						[119.46012, -5.11833],
						[119.46216, -5.11387],
						[119.4642, -5.11232],
						[119.46539, -5.11216],
						[119.46696, -5.11281],
						[119.46745, -5.11378],
						[119.46773, -5.11528],
						[119.4669, -5.11714],
						[119.46684, -5.1183],
						[119.46772, -5.12044],
						[119.46846, -5.12119],
						[119.46968, -5.1215],
						[119.4704, -5.12102],
						[119.4707, -5.1206],
						[119.47055, -5.11784],
						[119.47078, -5.11744],
						[119.4717, -5.11716],
						[119.47257, -5.11741],
						[119.4739, -5.11939],
						[119.47464, -5.1199],
						[119.47819, -5.11952],
						[119.47959, -5.12033],
						[119.4797, -5.12144],
						[119.47926, -5.12359],
						[119.47762, -5.12643],
						[119.47606, -5.12791],
						[119.47544, -5.12811],
						[119.47404, -5.12821],
						[119.47313, -5.12767],
						[119.47105, -5.12538],
						[119.46619, -5.12568],
						[119.46198, -5.1251],
						[119.46182, -5.12546],
						[119.46107, -5.12528],
						[119.46096, -5.1241],
						[119.46018, -5.12298],
						[119.46014, -5.12197],
						[119.46051, -5.12165],
						[119.46014, -5.12036],
						[119.45837, -5.12195],
						[119.45747, -5.1216],
						[119.45671, -5.12192],
						[119.45602, -5.12178],
						[119.456, -5.12227],
						[119.45472, -5.12265],
						[119.45423, -5.12246],
						[119.45337, -5.12283],
						[119.4514, -5.12283],
						[119.45017, -5.12416],
						[119.44868, -5.12516],
						[119.44695, -5.12414],
						[119.44575, -5.12447],
						[119.44582, -5.12527],
						[119.44397, -5.12786],
						[119.44291, -5.13026],
						[119.43631, -5.12982],
						[119.43558, -5.12966],
						[119.43477, -5.12888]
					]
				]
			}
		},
		{
			"type": "Feature",
			"properties": {
				"slug": "makassar--tamalate",
				"nama": "Tamalate",
				"kabkota": "makassar",
				"osm": "relation/12184748",
				"pusat": [-5.189680909090909, 119.4265758139164]
			},
			"geometry": {
				"type": "Polygon",
				"coordinates": [
					[
						[119.38256, -5.20447],
						[119.3828, -5.20494],
						[119.38308, -5.20489],
						[119.3845, -5.20741],
						[119.38488, -5.21274],
						[119.38545, -5.21412],
						[119.3853, -5.215],
						[119.38845, -5.21653],
						[119.39165, -5.2173],
						[119.39334, -5.2164],
						[119.39423, -5.21656],
						[119.39901, -5.21987],
						[119.39886, -5.22011],
						[119.39922, -5.22036],
						[119.39795, -5.22344],
						[119.39739, -5.2225],
						[119.39645, -5.22232],
						[119.39612, -5.22258],
						[119.39625, -5.22363],
						[119.39687, -5.22377],
						[119.3963, -5.22636],
						[119.39723, -5.22712],
						[119.39723, -5.22843],
						[119.39796, -5.22922],
						[119.40639, -5.23242],
						[119.40675, -5.22614],
						[119.40364, -5.22015],
						[119.40514, -5.21828],
						[119.40724, -5.21393],
						[119.40725, -5.21243],
						[119.40791, -5.21026],
						[119.41034, -5.21044],
						[119.41069, -5.21012],
						[119.4113, -5.20789],
						[119.41083, -5.20502],
						[119.40985, -5.20328],
						[119.4075, -5.20315],
						[119.40497, -5.20045],
						[119.40228, -5.19929],
						[119.40146, -5.19953],
						[119.40028, -5.19916],
						[119.39757, -5.20006],
						[119.39677, -5.19932],
						[119.39706, -5.19844],
						[119.39682, -5.19798],
						[119.39617, -5.198],
						[119.39581, -5.19856],
						[119.39508, -5.19887],
						[119.39312, -5.19863],
						[119.39089, -5.19691],
						[119.3906, -5.19324],
						[119.39574, -5.19268],
						[119.39626, -5.19226],
						[119.39737, -5.18868],
						[119.39653, -5.18719],
						[119.39679, -5.18658],
						[119.39731, -5.18627],
						[119.40088, -5.18714],
						[119.40394, -5.18605],
						[119.40727, -5.18604],
						[119.40883, -5.18678],
						[119.41034, -5.1859],
						[119.41303, -5.19099],
						[119.41525, -5.19264],
						[119.41631, -5.19282],
						[119.41847, -5.19534],
						[119.42157, -5.19516],
						[119.42671, -5.19275],
						[119.42965, -5.19101],
						[119.43242, -5.19004],
						[119.43442, -5.18982],
						[119.43693, -5.19054],
						[119.43959, -5.19234],
						[119.44072, -5.19087],
						[119.4409, -5.18858],
						[119.44137, -5.18854],
						[119.44026, -5.1804],
						[119.43853, -5.17783],
						[119.43134, -5.17407],
						[119.43394, -5.16883],
						[119.42979, -5.16687],
						[119.42883, -5.16885],
						[119.42823, -5.16875],
						[119.42811, -5.16927],
						[119.42674, -5.16874],
						[119.42638, -5.16821],
						[119.42425, -5.16697],
						[119.42404, -5.16725],
						[119.42228, -5.16638],
						[119.42195, -5.16769],
						[119.41986, -5.1673],
						[119.41393, -5.16513],
						[119.41276, -5.17294],
						[119.41148, -5.17694],
						[119.41208, -5.17743],
						[119.41104, -5.17893],
						[119.41136, -5.17917],
						[119.41075, -5.17979],
						[119.41015, -5.17929],
						[119.40978, -5.17997],
						[119.40881, -5.17993],
						[119.40813, -5.17948],
						[119.40863, -5.17867],
						[119.40884, -5.17747],
						[119.40812, -5.17562],
						[119.40713, -5.17465],
						[119.4042, -5.17332],
						[119.40312, -5.17208],
						[119.40339, -5.17084],
						[119.40532, -5.16943],
						[119.40678, -5.16789],
						[119.40692, -5.16716],
						[119.40571, -5.16505],
						[119.40339, -5.16369],
						[119.39962, -5.15716],
						[119.39523, -5.15358],
						[119.39257, -5.15539],
						[119.39215, -5.15499],
						[119.39096, -5.15537],
						[119.38961, -5.15379],
						[119.38767, -5.15618],
						[119.38918, -5.15929],
						[119.38743, -5.16038],
						[119.3878, -5.16091],
						[119.3878, -5.16315],
						[119.38758, -5.16366],
						[119.38707, -5.16367],
						[119.3876, -5.16376],
						[119.3875, -5.1662],
						[119.38689, -5.16792],
						[119.38577, -5.16779],
						[119.38567, -5.17086],
						[119.38702, -5.17087],
						[119.38722, -5.17113],
						[119.38742, -5.17789],
						[119.38692, -5.18309],
						[119.38627, -5.18491],
						[119.38446, -5.18758],
						[119.38379, -5.18984],
						[119.38321, -5.19077],
						[119.38256, -5.19132],
						[119.38113, -5.19122],
						[119.37889, -5.19488],
						[119.37797, -5.19501],
						[119.37973, -5.19526],
						[119.38026, -5.19657],
						[119.38006, -5.19741],
						[119.38047, -5.19758],
						[119.38009, -5.19876],
						[119.38047, -5.20006],
						[119.38004, -5.2],
						[119.38135, -5.20346],
						[119.3821, -5.20342],
						[119.38256, -5.20447]
					]
				]
			}
		},
		{
			"type": "Feature",
			"properties": {
				"slug": "makassar--ujung-pandang",
				"nama": "Ujung Pandang",
				"kabkota": "makassar",
				"osm": "relation/12222140",
				"pusat": [-5.139069777777777, 119.40898200000001]
			},
			"geometry": {
				"type": "MultiPolygon",
				"coordinates": [
					[
						[
							[119.41798, -5.13547],
							[119.41742, -5.13549],
							[119.4166, -5.13218],
							[119.41357, -5.13306],
							[119.40765, -5.13287],
							[119.4032, -5.1309],
							[119.40122, -5.13399],
							[119.40147, -5.13415],
							[119.40221, -5.13302],
							[119.40347, -5.13326],
							[119.40407, -5.1324],
							[119.40443, -5.13247],
							[119.40406, -5.13385],
							[119.40323, -5.13386],
							[119.40325, -5.13445],
							[119.4038, -5.13443],
							[119.40407, -5.13484],
							[119.40354, -5.13527],
							[119.40391, -5.13588],
							[119.40349, -5.13599],
							[119.40362, -5.13651],
							[119.40414, -5.13636],
							[119.40443, -5.13738],
							[119.40481, -5.1375],
							[119.40491, -5.13858],
							[119.4056, -5.13874],
							[119.40646, -5.14053],
							[119.40637, -5.14147],
							[119.40748, -5.1429],
							[119.40718, -5.14374],
							[119.40802, -5.14421],
							[119.40803, -5.14605],
							[119.40857, -5.14672],
							[119.40878, -5.14661],
							[119.4097, -5.14862],
							[119.41555, -5.14827],
							[119.41599, -5.15201],
							[119.41881, -5.15203],
							[119.41864, -5.14796],
							[119.41775, -5.14795],
							[119.41771, -5.14564],
							[119.42144, -5.14624],
							[119.42063, -5.1393],
							[119.41895, -5.13952],
							[119.41798, -5.13547]
						]
					],
					[
						[
							[119.39341, -5.13901],
							[119.39422, -5.13764],
							[119.39063, -5.13551],
							[119.38943, -5.1313],
							[119.38961, -5.13105],
							[119.38928, -5.13092],
							[119.39046, -5.13621],
							[119.39006, -5.13691],
							[119.39173, -5.13823],
							[119.39341, -5.13901]
						]
					],
					[
						[
							[119.39272, -5.12819],
							[119.39676, -5.11995],
							[119.39567, -5.12128],
							[119.39528, -5.12266],
							[119.39249, -5.12839],
							[119.39272, -5.12819]
						]
					],
					[
						[
							[119.40143, -5.11382],
							[119.40098, -5.11344],
							[119.40057, -5.11354],
							[119.40009, -5.11468],
							[119.40141, -5.11407],
							[119.40143, -5.11382]
						]
					],
					[
						[
							[119.34419, -5.12548],
							[119.34387, -5.12479],
							[119.34276, -5.12489],
							[119.34274, -5.12534],
							[119.3434, -5.12636],
							[119.34405, -5.12599],
							[119.34419, -5.12548]
						]
					]
				]
			}
		},
		{
			"type": "Feature",
			"properties": {
				"slug": "makassar--ujung-tanah",
				"nama": "Ujung Tanah",
				"kabkota": "makassar",
				"osm": "relation/12257534",
				"pusat": [-5.112642641509435, 119.4202533962264]
			},
			"geometry": {
				"type": "Polygon",
				"coordinates": [
					[
						[119.42098, -5.11816],
						[119.4219, -5.11682],
						[119.421, -5.11492],
						[119.42237, -5.1147],
						[119.42448, -5.11514],
						[119.42508, -5.11206],
						[119.42617, -5.11169],
						[119.42632, -5.11263],
						[119.42666, -5.1128],
						[119.43042, -5.11306],
						[119.43061, -5.11226],
						[119.43097, -5.11218],
						[119.43152, -5.10904],
						[119.42839, -5.11097],
						[119.42744, -5.10937],
						[119.42681, -5.10953],
						[119.42649, -5.10911],
						[119.42629, -5.10946],
						[119.4265, -5.11023],
						[119.42573, -5.10943],
						[119.4247, -5.11047],
						[119.42462, -5.11011],
						[119.42434, -5.11019],
						[119.42446, -5.11075],
						[119.42157, -5.11173],
						[119.42057, -5.1102],
						[119.42332, -5.10851],
						[119.42408, -5.10758],
						[119.42189, -5.10924],
						[119.4197, -5.11023],
						[119.41918, -5.1101],
						[119.41889, -5.1116],
						[119.41527, -5.11236],
						[119.41486, -5.11195],
						[119.41406, -5.11212],
						[119.41394, -5.11168],
						[119.41322, -5.11192],
						[119.41317, -5.11223],
						[119.41279, -5.11133],
						[119.41288, -5.1123],
						[119.41053, -5.11263],
						[119.41058, -5.11224],
						[119.4103, -5.11229],
						[119.41045, -5.11264],
						[119.40935, -5.11374],
						[119.40817, -5.11894],
						[119.41131, -5.11949],
						[119.41142, -5.11673],
						[119.4119, -5.11603],
						[119.41699, -5.11607],
						[119.41749, -5.12024],
						[119.42032, -5.1207],
						[119.42098, -5.11816]
					]
				]
			}
		},
		{
			"type": "Feature",
			"properties": {
				"slug": "makassar--wajo",
				"nama": "Wajo",
				"kabkota": "makassar",
				"osm": "relation/12243359",
				"pusat": [-5.125560500000001, 119.4102255]
			},
			"geometry": {
				"type": "Polygon",
				"coordinates": [
					[
						[119.41357, -5.13306],
						[119.40706, -5.13275],
						[119.4032, -5.1309],
						[119.40581, -5.12684],
						[119.40625, -5.12651],
						[119.40754, -5.12681],
						[119.40782, -5.12623],
						[119.40801, -5.1254],
						[119.40731, -5.12521],
						[119.40718, -5.12578],
						[119.40672, -5.12568],
						[119.40817, -5.11894],
						[119.41131, -5.11949],
						[119.41142, -5.11673],
						[119.4119, -5.11603],
						[119.41699, -5.11607],
						[119.41851, -5.1266],
						[119.41557, -5.12694],
						[119.4166, -5.13218],
						[119.41357, -5.13306]
					]
				]
			}
		},
		{
			"type": "Feature",
			"properties": {
				"slug": "maros--bantimurung",
				"nama": "Bantimurung",
				"kabkota": "maros",
				"osm": "relation/19686996",
				"pusat": [-4.979822862318839, 119.64432710144924]
			},
			"geometry": {
				"type": "Polygon",
				"coordinates": [
					[
						[119.66511, -4.92776],
						[119.66419, -4.92749],
						[119.66328, -4.92653],
						[119.66243, -4.92468],
						[119.66149, -4.92385],
						[119.66133, -4.92328],
						[119.65992, -4.92241],
						[119.65822, -4.92259],
						[119.65646, -4.92214],
						[119.65502, -4.92308],
						[119.65408, -4.92281],
						[119.65305, -4.92351],
						[119.65107, -4.92412],
						[119.6494, -4.92309],
						[119.64794, -4.92124],
						[119.64616, -4.92093],
						[119.64147, -4.9173],
						[119.64071, -4.91601],
						[119.64097, -4.91026],
						[119.63853, -4.90857],
						[119.63517, -4.90811],
						[119.63403, -4.90875],
						[119.63342, -4.90874],
						[119.63118, -4.90733],
						[119.63093, -4.90892],
						[119.63194, -4.91111],
						[119.63377, -4.9147],
						[119.63725, -4.91932],
						[119.63809, -4.9209],
						[119.63214, -4.92066],
						[119.63068, -4.92009],
						[119.62965, -4.92111],
						[119.6253, -4.92131],
						[119.62142, -4.92084],
						[119.61957, -4.92507],
						[119.61648, -4.93076],
						[119.60485, -4.93527],
						[119.60238, -4.93568],
						[119.60067, -4.93891],
						[119.59988, -4.93946],
						[119.60046, -4.94073],
						[119.60041, -4.94128],
						[119.59961, -4.94263],
						[119.59901, -4.94304],
						[119.59821, -4.94337],
						[119.59714, -4.94335],
						[119.59598, -4.94224],
						[119.59481, -4.94178],
						[119.59366, -4.94187],
						[119.59333, -4.9422],
						[119.59286, -4.94355],
						[119.59439, -4.94704],
						[119.59419, -4.94774],
						[119.59269, -4.94958],
						[119.59254, -4.95153],
						[119.59355, -4.95312],
						[119.59485, -4.95422],
						[119.59904, -4.95499],
						[119.60043, -4.95684],
						[119.60167, -4.95777],
						[119.60213, -4.96148],
						[119.60331, -4.96283],
						[119.60625, -4.96318],
						[119.60538, -4.96837],
						[119.60515, -4.97178],
						[119.60728, -4.97305],
						[119.60658, -4.97352],
						[119.60649, -4.98459],
						[119.60593, -4.98375],
						[119.60592, -4.98264],
						[119.60429, -4.98153],
						[119.60324, -4.98186],
						[119.60253, -4.98146],
						[119.60122, -4.98166],
						[119.60038, -4.98267],
						[119.60092, -4.98423],
						[119.60131, -4.98449],
						[119.60123, -4.98579],
						[119.60089, -4.98612],
						[119.60019, -4.98562],
						[119.59944, -4.98573],
						[119.59873, -4.98816],
						[119.59889, -4.98878],
						[119.59968, -4.98931],
						[119.59902, -4.99073],
						[119.59916, -4.99171],
						[119.60188, -4.9921],
						[119.60195, -4.99397],
						[119.60117, -4.99577],
						[119.60135, -4.99646],
						[119.60061, -4.9989],
						[119.6011, -4.9997],
						[119.60084, -5.00147],
						[119.60002, -5.00144],
						[119.59986, -5.00241],
						[119.60069, -5.0024],
						[119.60185, -5.00328],
						[119.60351, -5.00356],
						[119.60351, -5.00413],
						[119.60529, -5.00448],
						[119.60592, -5.00429],
						[119.60622, -5.00451],
						[119.60636, -5.00553],
						[119.60491, -5.00522],
						[119.60461, -5.00553],
						[119.60486, -5.00665],
						[119.60461, -5.00711],
						[119.60329, -5.00725],
						[119.60234, -5.00782],
						[119.60164, -5.00669],
						[119.60095, -5.00631],
						[119.60031, -5.00496],
						[119.59998, -5.005],
						[119.59821, -5.0083],
						[119.59583, -5.01096],
						[119.59581, -5.0121],
						[119.59692, -5.01333],
						[119.59855, -5.01436],
						[119.60172, -5.01339],
						[119.60361, -5.01363],
						[119.60355, -5.01575],
						[119.6057, -5.01561],
						[119.60727, -5.01594],
						[119.60781, -5.0167],
						[119.60733, -5.01692],
						[119.60688, -5.01618],
						[119.6066, -5.0162],
						[119.60675, -5.01754],
						[119.6078, -5.01823],
						[119.61045, -5.01905],
						[119.61065, -5.01941],
						[119.60995, -5.01978],
						[119.61037, -5.02024],
						[119.61096, -5.01987],
						[119.6125, -5.02054],
						[119.61258, -5.02019],
						[119.61307, -5.02022],
						[119.61322, -5.01922],
						[119.61405, -5.0192],
						[119.6144, -5.01959],
						[119.61502, -5.01966],
						[119.6152, -5.01875],
						[119.61763, -5.01867],
						[119.61819, -5.01918],
						[119.6184, -5.02054],
						[119.61979, -5.02019],
						[119.62065, -5.02152],
						[119.62166, -5.02065],
						[119.62239, -5.02198],
						[119.62322, -5.02213],
						[119.62287, -5.02256],
						[119.62314, -5.02268],
						[119.62311, -5.02326],
						[119.62347, -5.0231],
						[119.62351, -5.02194],
						[119.62568, -5.01878],
						[119.62586, -5.019],
						[119.62766, -5.01887],
						[119.62824, -5.01844],
						[119.62827, -5.01798],
						[119.62951, -5.01777],
						[119.63118, -5.01631],
						[119.63185, -5.01427],
						[119.63338, -5.01253],
						[119.63264, -5.01125],
						[119.63377, -5.01064],
						[119.63541, -5.01028],
						[119.63586, -5.00907],
						[119.63753, -5.00973],
						[119.63935, -5.00907],
						[119.64091, -5.0091],
						[119.64181, -5.00858],
						[119.64457, -5.01028],
						[119.64622, -5.00968],
						[119.6472, -5.01003],
						[119.64751, -5.01313],
						[119.64799, -5.01376],
						[119.6494, -5.01411],
						[119.65019, -5.01494],
						[119.65029, -5.01606],
						[119.65153, -5.01804],
						[119.65167, -5.01926],
						[119.65279, -5.0194],
						[119.65312, -5.01863],
						[119.65399, -5.01825],
						[119.65485, -5.0197],
						[119.65702, -5.02105],
						[119.65896, -5.02117],
						[119.65951, -5.0201],
						[119.65897, -5.01915],
						[119.65933, -5.01888],
						[119.66125, -5.01967],
						[119.6625, -5.01978],
						[119.66461, -5.01895],
						[119.66511, -5.01797],
						[119.66681, -5.01891],
						[119.66856, -5.02121],
						[119.66954, -5.02039],
						[119.67119, -5.02055],
						[119.67227, -5.01949],
						[119.67745, -5.02136],
						[119.67804, -5.02098],
						[119.67894, -5.01865],
						[119.68042, -5.01706],
						[119.68445, -5.01649],
						[119.68609, -5.01516],
						[119.6875, -5.01309],
						[119.68829, -5.01269],
						[119.69001, -5.01047],
						[119.69386, -5.00895],
						[119.69928, -5.01351],
						[119.70187, -5.01943],
						[119.70338, -5.0288],
						[119.7122, -5.03536],
						[119.73143, -5.03646],
						[119.73244, -5.03531],
						[119.73302, -5.03391],
						[119.73395, -5.02994],
						[119.73234, -5.02603],
						[119.73301, -5.02112],
						[119.73193, -5.0163],
						[119.73143, -5.00852],
						[119.72978, -5.00386],
						[119.73007, -4.99865],
						[119.73515, -4.98907],
						[119.74722, -4.98372],
						[119.75597, -4.9785],
						[119.75589, -4.97277],
						[119.76135, -4.96218],
						[119.75947, -4.95201],
						[119.75914, -4.93741],
						[119.75577, -4.93463],
						[119.7504, -4.93132],
						[119.74925, -4.92962],
						[119.74681, -4.92898],
						[119.74633, -4.92938],
						[119.74515, -4.92921],
						[119.74357, -4.93084],
						[119.74099, -4.93229],
						[119.73751, -4.93595],
						[119.7349, -4.93663],
						[119.73146, -4.93685],
						[119.72237, -4.94107],
						[119.7153, -4.94233],
						[119.70984, -4.94425],
						[119.7045, -4.94462],
						[119.70247, -4.94447],
						[119.70147, -4.94486],
						[119.7002, -4.94459],
						[119.69782, -4.94569],
						[119.68859, -4.94848],
						[119.68565, -4.94845],
						[119.68298, -4.95022],
						[119.6825, -4.95021],
						[119.68019, -4.95217],
						[119.67874, -4.95258],
						[119.67386, -4.95264],
						[119.66972, -4.95079],
						[119.66876, -4.95065],
						[119.66744, -4.94985],
						[119.6667, -4.94888],
						[119.66747, -4.94799],
						[119.66843, -4.9479],
						[119.66952, -4.94596],
						[119.66929, -4.9447],
						[119.66883, -4.94402],
						[119.66911, -4.94286],
						[119.66906, -4.94067],
						[119.66849, -4.93906],
						[119.66926, -4.93679],
						[119.66929, -4.93565],
						[119.66983, -4.93475],
						[119.6701, -4.93245],
						[119.6676, -4.92924],
						[119.666, -4.92804],
						[119.66511, -4.92776]
					]
				]
			}
		},
		{
			"type": "Feature",
			"properties": {
				"slug": "maros--bontoa",
				"nama": "Bontoa",
				"kabkota": "maros",
				"osm": "relation/19686992",
				"pusat": [-4.91318743859649, 119.56772442105259]
			},
			"geometry": {
				"type": "Polygon",
				"coordinates": [
					[
						[119.53092, -4.9448],
						[119.5297, -4.94428],
						[119.52865, -4.9432],
						[119.52785, -4.9437],
						[119.52722, -4.94354],
						[119.52627, -4.94233],
						[119.52333, -4.94055],
						[119.52134, -4.94019],
						[119.51955, -4.93942],
						[119.52035, -4.93613],
						[119.52135, -4.93388],
						[119.52113, -4.93381],
						[119.52144, -4.93205],
						[119.52172, -4.93213],
						[119.52209, -4.93121],
						[119.52183, -4.93055],
						[119.52236, -4.92914],
						[119.52297, -4.92935],
						[119.52347, -4.92735],
						[119.52296, -4.92697],
						[119.52316, -4.92643],
						[119.52361, -4.92656],
						[119.52421, -4.92497],
						[119.52514, -4.92373],
						[119.52461, -4.92335],
						[119.52441, -4.9224],
						[119.52399, -4.92239],
						[119.5239, -4.92194],
						[119.52465, -4.92184],
						[119.52447, -4.92125],
						[119.5241, -4.92131],
						[119.52388, -4.91961],
						[119.52416, -4.91955],
						[119.5241, -4.91844],
						[119.52365, -4.91571],
						[119.52406, -4.91566],
						[119.52404, -4.91518],
						[119.5235, -4.91288],
						[119.52296, -4.91223],
						[119.5234, -4.91213],
						[119.52322, -4.9114],
						[119.5228, -4.91148],
						[119.52255, -4.91052],
						[119.52297, -4.91045],
						[119.52289, -4.91015],
						[119.52247, -4.91024],
						[119.52232, -4.90965],
						[119.52261, -4.90959],
						[119.52241, -4.90835],
						[119.52201, -4.90839],
						[119.5218, -4.90796],
						[119.52222, -4.90782],
						[119.52174, -4.90678],
						[119.52197, -4.9067],
						[119.52184, -4.90629],
						[119.52125, -4.90632],
						[119.52088, -4.90525],
						[119.52125, -4.90515],
						[119.52093, -4.90417],
						[119.51902, -4.90049],
						[119.51787, -4.89931],
						[119.51748, -4.89825],
						[119.51409, -4.89425],
						[119.51331, -4.89299],
						[119.51281, -4.89117],
						[119.5132, -4.88912],
						[119.51486, -4.8859],
						[119.51701, -4.88375],
						[119.51894, -4.88378],
						[119.5199, -4.88277],
						[119.52106, -4.88374],
						[119.52555, -4.88521],
						[119.52653, -4.88583],
						[119.5277, -4.88941],
						[119.52777, -4.89257],
						[119.5285, -4.89369],
						[119.52991, -4.89425],
						[119.53181, -4.89393],
						[119.53444, -4.89184],
						[119.53662, -4.89109],
						[119.53867, -4.89117],
						[119.54025, -4.89223],
						[119.54179, -4.89283],
						[119.54393, -4.89297],
						[119.54506, -4.89209],
						[119.54627, -4.89168],
						[119.54779, -4.8918],
						[119.54952, -4.8927],
						[119.55085, -4.89254],
						[119.55255, -4.89058],
						[119.55356, -4.89011],
						[119.5543, -4.8903],
						[119.55609, -4.89334],
						[119.55665, -4.89369],
						[119.55804, -4.8937],
						[119.56202, -4.89206],
						[119.56314, -4.8922],
						[119.56406, -4.8929],
						[119.56463, -4.89384],
						[119.56531, -4.89613],
						[119.56644, -4.89818],
						[119.56838, -4.89811],
						[119.5712, -4.89729],
						[119.57293, -4.89749],
						[119.5735, -4.89793],
						[119.57393, -4.89926],
						[119.5737, -4.89955],
						[119.57229, -4.8994],
						[119.57127, -4.89876],
						[119.57012, -4.89971],
						[119.5699, -4.902],
						[119.57063, -4.90283],
						[119.57412, -4.90473],
						[119.57553, -4.90481],
						[119.57698, -4.90368],
						[119.57603, -4.90066],
						[119.576, -4.89985],
						[119.57644, -4.89926],
						[119.57856, -4.89831],
						[119.57945, -4.89824],
						[119.58013, -4.89879],
						[119.58025, -4.89967],
						[119.58008, -4.90065],
						[119.57891, -4.90256],
						[119.57877, -4.90367],
						[119.57933, -4.90474],
						[119.58044, -4.90511],
						[119.58556, -4.90325],
						[119.58596, -4.9024],
						[119.58577, -4.89931],
						[119.58634, -4.89666],
						[119.58743, -4.89562],
						[119.58822, -4.8956],
						[119.59128, -4.89631],
						[119.59119, -4.89722],
						[119.59022, -4.89865],
						[119.59031, -4.89936],
						[119.59162, -4.9012],
						[119.59377, -4.90269],
						[119.59443, -4.90462],
						[119.59641, -4.905],
						[119.59713, -4.90548],
						[119.59774, -4.90528],
						[119.5985, -4.90468],
						[119.59879, -4.90378],
						[119.59625, -4.90277],
						[119.59568, -4.90199],
						[119.59559, -4.9011],
						[119.59618, -4.90046],
						[119.59855, -4.90162],
						[119.59941, -4.90163],
						[119.6002, -4.9012],
						[119.60033, -4.90057],
						[119.60001, -4.89973],
						[119.59775, -4.89895],
						[119.59739, -4.89843],
						[119.59932, -4.89752],
						[119.60198, -4.89546],
						[119.60365, -4.89499],
						[119.60378, -4.89449],
						[119.60339, -4.89421],
						[119.60102, -4.89427],
						[119.59969, -4.89261],
						[119.60007, -4.89199],
						[119.60052, -4.89195],
						[119.60128, -4.89326],
						[119.60197, -4.89361],
						[119.60334, -4.89227],
						[119.60337, -4.89142],
						[119.60213, -4.89024],
						[119.6027, -4.88892],
						[119.60271, -4.88806],
						[119.60338, -4.88708],
						[119.60404, -4.88713],
						[119.60344, -4.88931],
						[119.60382, -4.89004],
						[119.60501, -4.88934],
						[119.60666, -4.88979],
						[119.60728, -4.88867],
						[119.6081, -4.88928],
						[119.60882, -4.8893],
						[119.60948, -4.89009],
						[119.61044, -4.88907],
						[119.6113, -4.88943],
						[119.61154, -4.88891],
						[119.61095, -4.88869],
						[119.6109, -4.88821],
						[119.61194, -4.88797],
						[119.61235, -4.88902],
						[119.61306, -4.88916],
						[119.61549, -4.89125],
						[119.61968, -4.89368],
						[119.62559, -4.90001],
						[119.62825, -4.90237],
						[119.62743, -4.90429],
						[119.6285, -4.9058],
						[119.63118, -4.90733],
						[119.63093, -4.90892],
						[119.63377, -4.9147],
						[119.63802, -4.92043],
						[119.63809, -4.9209],
						[119.63454, -4.92085],
						[119.63214, -4.92066],
						[119.63068, -4.92009],
						[119.62965, -4.92111],
						[119.6253, -4.92131],
						[119.62142, -4.92084],
						[119.61957, -4.92507],
						[119.61648, -4.93076],
						[119.60485, -4.93527],
						[119.60238, -4.93568],
						[119.60067, -4.93891],
						[119.59988, -4.93946],
						[119.60046, -4.94073],
						[119.60008, -4.94183],
						[119.59981, -4.94035],
						[119.59837, -4.93824],
						[119.5987, -4.93564],
						[119.59782, -4.93564],
						[119.59605, -4.93652],
						[119.59518, -4.93731],
						[119.59387, -4.93766],
						[119.59266, -4.93752],
						[119.59159, -4.93666],
						[119.59104, -4.93666],
						[119.59006, -4.93726],
						[119.58913, -4.93947],
						[119.58837, -4.93968],
						[119.58723, -4.93935],
						[119.58673, -4.9385],
						[119.5869, -4.93389],
						[119.58638, -4.93116],
						[119.5856, -4.93063],
						[119.58486, -4.93081],
						[119.5835, -4.93369],
						[119.58283, -4.93397],
						[119.58181, -4.93367],
						[119.58178, -4.93174],
						[119.58332, -4.92919],
						[119.58337, -4.92825],
						[119.58316, -4.9276],
						[119.58033, -4.92721],
						[119.57974, -4.92733],
						[119.5782, -4.92888],
						[119.57737, -4.92896],
						[119.57679, -4.92849],
						[119.57665, -4.92791],
						[119.57584, -4.92758],
						[119.57495, -4.92808],
						[119.57463, -4.93125],
						[119.57368, -4.93215],
						[119.57276, -4.93226],
						[119.57236, -4.93311],
						[119.57332, -4.93484],
						[119.57181, -4.93555],
						[119.57274, -4.93619],
						[119.57264, -4.93704],
						[119.57123, -4.93688],
						[119.57121, -4.93795],
						[119.57018, -4.93847],
						[119.57076, -4.93966],
						[119.57041, -4.94087],
						[119.56996, -4.94098],
						[119.56893, -4.93956],
						[119.56818, -4.93931],
						[119.56632, -4.93929],
						[119.56571, -4.93973],
						[119.5637, -4.93863],
						[119.55806, -4.94592],
						[119.55599, -4.94608],
						[119.55516, -4.94649],
						[119.55103, -4.94647],
						[119.55093, -4.94677],
						[119.5501, -4.9469],
						[119.54776, -4.94583],
						[119.54453, -4.94571],
						[119.54317, -4.94503],
						[119.54121, -4.94584],
						[119.5405, -4.94529],
						[119.53831, -4.94585],
						[119.53786, -4.9463],
						[119.53583, -4.94563],
						[119.53534, -4.9449],
						[119.53297, -4.94558],
						[119.53092, -4.9448]
					]
				]
			}
		},
		{
			"type": "Feature",
			"properties": {
				"slug": "maros--camba",
				"nama": "Camba",
				"kabkota": "maros",
				"osm": "relation/19690077",
				"pusat": [-4.9255284848484875, 119.85142848484851]
			},
			"geometry": {
				"type": "Polygon",
				"coordinates": [
					[
						[119.79848, -4.94035],
						[119.80064, -4.94042],
						[119.80195, -4.94087],
						[119.80251, -4.94197],
						[119.80474, -4.94399],
						[119.8058, -4.94411],
						[119.80672, -4.94461],
						[119.80881, -4.94474],
						[119.80993, -4.94599],
						[119.81012, -4.94744],
						[119.81273, -4.94899],
						[119.81499, -4.94855],
						[119.815, -4.94777],
						[119.8165, -4.94772],
						[119.81725, -4.94848],
						[119.81807, -4.95056],
						[119.81771, -4.9527],
						[119.82164, -4.9571],
						[119.82566, -4.96477],
						[119.83168, -4.96797],
						[119.83592, -4.9679],
						[119.84139, -4.96857],
						[119.84304, -4.9698],
						[119.84296, -4.97257],
						[119.84725, -4.97716],
						[119.85195, -4.98048],
						[119.86195, -4.98046],
						[119.8667, -4.98314],
						[119.87505, -4.99032],
						[119.87949, -4.99197],
						[119.88416, -4.9927],
						[119.88693, -4.98406],
						[119.88866, -4.98058],
						[119.88922, -4.97825],
						[119.88907, -4.97616],
						[119.88787, -4.97284],
						[119.88624, -4.9661],
						[119.88421, -4.96423],
						[119.88503, -4.96346],
						[119.88432, -4.9622],
						[119.88473, -4.96205],
						[119.88578, -4.96243],
						[119.88676, -4.96141],
						[119.88677, -4.96007],
						[119.88559, -4.95901],
						[119.88653, -4.95832],
						[119.88669, -4.9574],
						[119.88951, -4.9536],
						[119.8903, -4.95306],
						[119.88953, -4.95229],
						[119.88948, -4.9509],
						[119.89001, -4.95007],
						[119.89135, -4.9492],
						[119.8917, -4.94828],
						[119.89256, -4.94751],
						[119.89254, -4.94651],
						[119.89178, -4.94621],
						[119.8919, -4.94544],
						[119.89362, -4.94421],
						[119.89474, -4.94509],
						[119.89509, -4.94381],
						[119.89598, -4.94481],
						[119.89635, -4.94486],
						[119.89715, -4.94393],
						[119.89765, -4.94247],
						[119.89874, -4.94239],
						[119.89954, -4.94294],
						[119.90045, -4.943],
						[119.90113, -4.94054],
						[119.90098, -4.94002],
						[119.9006, -4.93973],
						[119.89626, -4.93953],
						[119.89512, -4.93877],
						[119.89506, -4.93729],
						[119.89626, -4.9356],
						[119.89841, -4.93372],
						[119.897, -4.93018],
						[119.89634, -4.93001],
						[119.89539, -4.93089],
						[119.89477, -4.93092],
						[119.89471, -4.93018],
						[119.89519, -4.92894],
						[119.89487, -4.92763],
						[119.89638, -4.92335],
						[119.89618, -4.92128],
						[119.89696, -4.92045],
						[119.89836, -4.92017],
						[119.89952, -4.91936],
						[119.89942, -4.91868],
						[119.89763, -4.91769],
						[119.89742, -4.91663],
						[119.89802, -4.91603],
						[119.90073, -4.91687],
						[119.90162, -4.9165],
						[119.90339, -4.91483],
						[119.90333, -4.91373],
						[119.90268, -4.9125],
						[119.90291, -4.91179],
						[119.89498, -4.90676],
						[119.89206, -4.90252],
						[119.8905, -4.90246],
						[119.88668, -4.90033],
						[119.88571, -4.89891],
						[119.88605, -4.89809],
						[119.88281, -4.8976],
						[119.87749, -4.89363],
						[119.87268, -4.88594],
						[119.86649, -4.87887],
						[119.86338, -4.8676],
						[119.86355, -4.85585],
						[119.86405, -4.85341],
						[119.86371, -4.84966],
						[119.85895, -4.84873],
						[119.85084, -4.84955],
						[119.84385, -4.85523],
						[119.83784, -4.85582],
						[119.83089, -4.85156],
						[119.82275, -4.85163],
						[119.82083, -4.84926],
						[119.80708, -4.85259],
						[119.80112, -4.85517],
						[119.79989, -4.85643],
						[119.7997, -4.85812],
						[119.79433, -4.86509],
						[119.79421, -4.8681],
						[119.79837, -4.87148],
						[119.79856, -4.87204],
						[119.79766, -4.87379],
						[119.79811, -4.87541],
						[119.80232, -4.88223],
						[119.80481, -4.88444],
						[119.80506, -4.88527],
						[119.80481, -4.88726],
						[119.80496, -4.89062],
						[119.80431, -4.89194],
						[119.80397, -4.89491],
						[119.80275, -4.89602],
						[119.80266, -4.89737],
						[119.80165, -4.89917],
						[119.80202, -4.90034],
						[119.80165, -4.90225],
						[119.80021, -4.90289],
						[119.79938, -4.90438],
						[119.80051, -4.90768],
						[119.80202, -4.90872],
						[119.8024, -4.90958],
						[119.8015, -4.91114],
						[119.80135, -4.91473],
						[119.80212, -4.91965],
						[119.80401, -4.92262],
						[119.80401, -4.92352],
						[119.80279, -4.92555],
						[119.80182, -4.92598],
						[119.80024, -4.92568],
						[119.79865, -4.92484],
						[119.79682, -4.92518],
						[119.79511, -4.92623],
						[119.79021, -4.92719],
						[119.788, -4.92585],
						[119.78718, -4.92588],
						[119.78362, -4.92899],
						[119.78559, -4.9317],
						[119.78688, -4.93507],
						[119.79491, -4.93822],
						[119.79848, -4.94035]
					]
				]
			}
		},
		{
			"type": "Feature",
			"properties": {
				"slug": "maros--cenrana",
				"nama": "Cenrana",
				"kabkota": "maros",
				"osm": "relation/19686997",
				"pusat": [-5.017826721311474, 119.80927434426225]
			},
			"geometry": {
				"type": "Polygon",
				"coordinates": [
					[
						[119.78362, -4.92899],
						[119.78559, -4.9317],
						[119.78688, -4.93507],
						[119.79491, -4.93822],
						[119.79848, -4.94035],
						[119.80064, -4.94042],
						[119.80195, -4.94087],
						[119.80251, -4.94197],
						[119.80474, -4.94399],
						[119.8058, -4.94411],
						[119.80672, -4.94461],
						[119.80881, -4.94474],
						[119.80993, -4.94599],
						[119.81012, -4.94744],
						[119.81273, -4.94899],
						[119.81499, -4.94855],
						[119.815, -4.94777],
						[119.8165, -4.94772],
						[119.81725, -4.94848],
						[119.81807, -4.95056],
						[119.81771, -4.9527],
						[119.82164, -4.9571],
						[119.82566, -4.96477],
						[119.83168, -4.96797],
						[119.83592, -4.9679],
						[119.84139, -4.96857],
						[119.84304, -4.9698],
						[119.84296, -4.97257],
						[119.84725, -4.97716],
						[119.85195, -4.98048],
						[119.86195, -4.98046],
						[119.8667, -4.98314],
						[119.87505, -4.99032],
						[119.87949, -4.99197],
						[119.88416, -4.9927],
						[119.8848, -4.99839],
						[119.88276, -5.00716],
						[119.87628, -5.01447],
						[119.8751, -5.0169],
						[119.87259, -5.01977],
						[119.87156, -5.0218],
						[119.86553, -5.02607],
						[119.86255, -5.02894],
						[119.85673, -5.03263],
						[119.85261, -5.03802],
						[119.84564, -5.04591],
						[119.8448, -5.05023],
						[119.84525, -5.05602],
						[119.847, -5.06036],
						[119.84873, -5.06217],
						[119.85159, -5.06352],
						[119.8535, -5.06812],
						[119.85618, -5.07852],
						[119.8591, -5.08439],
						[119.86084, -5.08924],
						[119.86288, -5.09177],
						[119.86461, -5.09175],
						[119.8623, -5.10183],
						[119.86009, -5.10538],
						[119.85805, -5.11128],
						[119.85693, -5.11352],
						[119.85914, -5.11639],
						[119.8489, -5.11823],
						[119.84562, -5.11919],
						[119.84437, -5.11748],
						[119.84327, -5.11488],
						[119.84002, -5.11248],
						[119.83541, -5.11163],
						[119.82777, -5.1076],
						[119.82545, -5.10577],
						[119.82296, -5.10165],
						[119.81725, -5.09934],
						[119.81184, -5.09548],
						[119.80684, -5.09302],
						[119.80616, -5.09076],
						[119.80297, -5.08807],
						[119.79919, -5.08737],
						[119.79493, -5.09059],
						[119.78855, -5.09165],
						[119.78954, -5.08962],
						[119.79064, -5.08492],
						[119.79041, -5.08211],
						[119.7876, -5.0795],
						[119.78401, -5.07693],
						[119.78073, -5.07732],
						[119.77714, -5.07883],
						[119.76798, -5.07551],
						[119.76485, -5.07192],
						[119.7614, -5.06937],
						[119.75943, -5.06606],
						[119.75299, -5.05303],
						[119.75205, -5.05183],
						[119.75194, -5.04903],
						[119.74072, -5.04189],
						[119.73881, -5.04001],
						[119.73761, -5.03972],
						[119.73244, -5.03531],
						[119.73395, -5.02994],
						[119.73234, -5.02603],
						[119.73301, -5.02112],
						[119.73193, -5.0163],
						[119.73143, -5.00852],
						[119.72978, -5.00386],
						[119.73007, -4.99865],
						[119.73515, -4.98907],
						[119.74722, -4.98372],
						[119.75597, -4.9785],
						[119.75589, -4.97277],
						[119.76135, -4.96218],
						[119.75947, -4.95201],
						[119.75914, -4.93741],
						[119.76931, -4.94201],
						[119.77399, -4.94323],
						[119.77504, -4.94269],
						[119.77568, -4.94179],
						[119.77665, -4.94141],
						[119.77773, -4.93942],
						[119.7797, -4.93738],
						[119.78074, -4.93392],
						[119.78045, -4.93238],
						[119.78114, -4.93076],
						[119.78362, -4.92899]
					]
				]
			}
		},
		{
			"type": "Feature",
			"properties": {
				"slug": "maros--lau",
				"nama": "Lau",
				"kabkota": "maros",
				"osm": "relation/19686991",
				"pusat": [-4.959821524663678, 119.56198757847537]
			},
			"geometry": {
				"type": "Polygon",
				"coordinates": [
					[
						[119.60649, -4.98459],
						[119.60658, -4.97352],
						[119.60728, -4.97305],
						[119.60515, -4.97178],
						[119.60538, -4.96837],
						[119.60625, -4.96318],
						[119.60331, -4.96283],
						[119.60213, -4.96148],
						[119.60167, -4.95777],
						[119.60043, -4.95684],
						[119.59904, -4.95499],
						[119.59485, -4.95422],
						[119.59355, -4.95312],
						[119.59254, -4.95153],
						[119.59269, -4.94958],
						[119.59419, -4.94774],
						[119.59439, -4.94704],
						[119.59286, -4.94355],
						[119.59333, -4.9422],
						[119.59366, -4.94187],
						[119.59528, -4.94185],
						[119.59714, -4.94335],
						[119.59821, -4.94337],
						[119.59961, -4.94263],
						[119.60008, -4.94183],
						[119.59981, -4.94035],
						[119.59837, -4.93824],
						[119.5987, -4.93564],
						[119.59782, -4.93564],
						[119.59605, -4.93652],
						[119.59518, -4.93731],
						[119.59387, -4.93766],
						[119.59266, -4.93752],
						[119.59159, -4.93666],
						[119.59104, -4.93666],
						[119.59006, -4.93726],
						[119.58913, -4.93947],
						[119.58837, -4.93968],
						[119.58723, -4.93935],
						[119.58673, -4.9385],
						[119.5869, -4.93389],
						[119.58638, -4.93116],
						[119.5856, -4.93063],
						[119.58486, -4.93081],
						[119.5835, -4.93369],
						[119.58283, -4.93397],
						[119.58181, -4.93367],
						[119.58178, -4.93174],
						[119.58332, -4.92919],
						[119.58316, -4.9276],
						[119.58178, -4.92725],
						[119.57974, -4.92733],
						[119.57862, -4.92868],
						[119.57737, -4.92896],
						[119.57679, -4.92849],
						[119.57665, -4.92791],
						[119.57584, -4.92758],
						[119.57528, -4.92775],
						[119.57473, -4.92894],
						[119.57463, -4.93125],
						[119.57368, -4.93215],
						[119.57276, -4.93226],
						[119.57236, -4.93311],
						[119.57332, -4.93484],
						[119.57181, -4.93555],
						[119.57274, -4.93619],
						[119.57264, -4.93704],
						[119.57123, -4.93688],
						[119.57121, -4.93795],
						[119.57018, -4.93847],
						[119.57076, -4.93966],
						[119.57041, -4.94087],
						[119.56996, -4.94098],
						[119.56893, -4.93956],
						[119.56818, -4.93931],
						[119.56632, -4.93929],
						[119.56571, -4.93973],
						[119.5637, -4.93863],
						[119.55806, -4.94592],
						[119.55599, -4.94608],
						[119.55516, -4.94649],
						[119.55103, -4.94647],
						[119.55093, -4.94677],
						[119.5501, -4.9469],
						[119.54776, -4.94583],
						[119.54453, -4.94571],
						[119.54317, -4.94503],
						[119.54121, -4.94584],
						[119.5405, -4.94529],
						[119.53831, -4.94585],
						[119.53786, -4.9463],
						[119.53583, -4.94563],
						[119.53534, -4.9449],
						[119.53297, -4.94558],
						[119.5297, -4.94428],
						[119.52865, -4.9432],
						[119.52785, -4.9437],
						[119.52722, -4.94354],
						[119.52627, -4.94233],
						[119.52333, -4.94055],
						[119.52134, -4.94019],
						[119.51955, -4.93942],
						[119.51869, -4.94004],
						[119.51611, -4.94331],
						[119.51522, -4.94541],
						[119.51401, -4.94616],
						[119.51226, -4.94589],
						[119.5111, -4.94611],
						[119.50859, -4.94806],
						[119.50614, -4.95095],
						[119.50636, -4.95115],
						[119.50328, -4.95513],
						[119.50216, -4.95733],
						[119.50216, -4.95981],
						[119.50349, -4.96063],
						[119.50475, -4.96071],
						[119.50504, -4.96115],
						[119.50384, -4.96294],
						[119.50426, -4.96444],
						[119.50512, -4.96503],
						[119.50671, -4.96498],
						[119.50698, -4.96447],
						[119.50617, -4.96373],
						[119.5061, -4.96257],
						[119.50769, -4.96069],
						[119.50823, -4.96069],
						[119.50875, -4.96128],
						[119.50842, -4.96301],
						[119.5096, -4.96642],
						[119.50977, -4.96786],
						[119.51035, -4.96798],
						[119.51143, -4.96686],
						[119.51372, -4.96685],
						[119.51425, -4.96716],
						[119.51501, -4.96859],
						[119.51615, -4.96973],
						[119.51649, -4.97074],
						[119.51763, -4.97141],
						[119.51808, -4.97223],
						[119.51921, -4.97223],
						[119.52084, -4.97422],
						[119.52098, -4.9748],
						[119.52048, -4.97569],
						[119.52048, -4.97667],
						[119.52075, -4.97747],
						[119.52149, -4.97801],
						[119.52277, -4.97766],
						[119.52372, -4.97808],
						[119.5238, -4.97756],
						[119.53152, -4.97561],
						[119.54634, -4.97038],
						[119.54707, -4.97082],
						[119.54704, -4.97215],
						[119.54803, -4.97308],
						[119.54814, -4.97391],
						[119.55022, -4.9737],
						[119.5504, -4.97508],
						[119.55092, -4.97524],
						[119.5512, -4.97487],
						[119.55238, -4.97471],
						[119.55263, -4.97509],
						[119.55256, -4.97624],
						[119.55448, -4.97673],
						[119.55384, -4.97819],
						[119.5556, -4.97876],
						[119.55633, -4.98177],
						[119.55526, -4.98354],
						[119.55554, -4.98535],
						[119.55623, -4.98634],
						[119.55909, -4.98683],
						[119.55935, -4.98726],
						[119.55899, -4.99048],
						[119.55829, -4.99043],
						[119.55779, -4.99116],
						[119.55818, -4.99211],
						[119.55735, -4.99354],
						[119.55766, -4.99442],
						[119.55865, -4.99443],
						[119.5596, -4.99343],
						[119.56093, -4.99308],
						[119.56238, -4.99434],
						[119.56492, -4.99324],
						[119.57667, -4.99551],
						[119.57691, -4.99587],
						[119.58021, -4.99692],
						[119.57922, -5.0018],
						[119.58112, -5.00476],
						[119.58161, -5.00417],
						[119.58299, -4.9988],
						[119.58323, -4.99669],
						[119.58256, -4.99278],
						[119.58251, -4.98977],
						[119.58421, -4.98804],
						[119.58368, -4.97947],
						[119.58473, -4.97588],
						[119.58742, -4.97375],
						[119.58879, -4.97015],
						[119.5889, -4.96904],
						[119.59002, -4.96793],
						[119.59115, -4.96806],
						[119.59219, -4.96956],
						[119.59343, -4.96949],
						[119.59415, -4.97008],
						[119.59469, -4.97179],
						[119.59581, -4.97224],
						[119.59739, -4.97351],
						[119.59757, -4.97403],
						[119.59822, -4.97421],
						[119.59866, -4.97522],
						[119.59914, -4.97505],
						[119.59936, -4.97593],
						[119.59872, -4.9768],
						[119.59852, -4.97837],
						[119.59996, -4.98054],
						[119.59992, -4.98114],
						[119.60057, -4.9814],
						[119.60089, -4.98192],
						[119.60187, -4.98146],
						[119.60324, -4.98186],
						[119.60429, -4.98153],
						[119.60592, -4.98264],
						[119.60593, -4.98375],
						[119.60649, -4.98459]
					]
				]
			}
		},
		{
			"type": "Feature",
			"properties": {
				"slug": "maros--mallawa",
				"nama": "Mallawa",
				"kabkota": "maros",
				"osm": "relation/19690078",
				"pusat": [-4.812078160377362, 119.89220919811316]
			},
			"geometry": {
				"type": "Polygon",
				"coordinates": [
					[
						[119.93697, -4.7583],
						[119.93883, -4.75775],
						[119.94018, -4.75897],
						[119.94117, -4.75849],
						[119.94269, -4.75963],
						[119.94475, -4.75956],
						[119.94546, -4.76047],
						[119.94767, -4.7608],
						[119.95369, -4.76601],
						[119.96777, -4.77408],
						[119.96998, -4.77692],
						[119.96995, -4.77752],
						[119.97122, -4.77814],
						[119.97136, -4.77891],
						[119.97448, -4.77955],
						[119.97593, -4.78091],
						[119.97563, -4.78205],
						[119.9736, -4.78449],
						[119.97234, -4.78508],
						[119.97169, -4.78642],
						[119.97071, -4.78685],
						[119.9698, -4.78817],
						[119.9688, -4.78898],
						[119.96681, -4.78954],
						[119.96531, -4.78936],
						[119.96327, -4.79053],
						[119.96132, -4.79023],
						[119.95899, -4.79101],
						[119.95695, -4.79233],
						[119.95436, -4.79252],
						[119.95248, -4.79329],
						[119.95089, -4.7946],
						[119.95033, -4.79661],
						[119.94753, -4.8001],
						[119.94457, -4.80769],
						[119.94423, -4.81216],
						[119.945, -4.81424],
						[119.9467, -4.81711],
						[119.94677, -4.8188],
						[119.94388, -4.82318],
						[119.94391, -4.8241],
						[119.94338, -4.82582],
						[119.94411, -4.82712],
						[119.94241, -4.82935],
						[119.94229, -4.83104],
						[119.94094, -4.8364],
						[119.93946, -4.83918],
						[119.93775, -4.84112],
						[119.93671, -4.84313],
						[119.9359, -4.84359],
						[119.935, -4.84339],
						[119.9336, -4.84503],
						[119.93083, -4.84636],
						[119.92917, -4.84919],
						[119.92742, -4.85115],
						[119.92707, -4.85221],
						[119.92414, -4.85576],
						[119.91759, -4.86694],
						[119.91921, -4.86839],
						[119.9203, -4.86852],
						[119.92375, -4.87082],
						[119.93293, -4.87474],
						[119.93373, -4.87919],
						[119.9347, -4.88245],
						[119.93467, -4.88381],
						[119.9335, -4.88499],
						[119.93354, -4.88562],
						[119.93425, -4.8867],
						[119.93397, -4.8872],
						[119.9321, -4.88806],
						[119.93188, -4.88867],
						[119.93271, -4.89065],
						[119.93046, -4.89106],
						[119.92968, -4.89209],
						[119.92918, -4.89389],
						[119.92505, -4.89465],
						[119.92499, -4.89667],
						[119.92427, -4.89991],
						[119.92383, -4.90048],
						[119.92207, -4.90082],
						[119.92088, -4.90162],
						[119.91977, -4.90411],
						[119.91727, -4.90573],
						[119.91728, -4.90737],
						[119.91262, -4.90702],
						[119.91204, -4.90768],
						[119.91229, -4.90865],
						[119.91203, -4.90938],
						[119.91099, -4.90965],
						[119.90949, -4.90911],
						[119.90892, -4.90924],
						[119.90673, -4.91396],
						[119.90458, -4.91186],
						[119.90342, -4.91148],
						[119.90291, -4.91179],
						[119.89498, -4.90676],
						[119.89206, -4.90252],
						[119.8905, -4.90246],
						[119.88668, -4.90033],
						[119.88571, -4.89891],
						[119.88605, -4.89809],
						[119.88281, -4.8976],
						[119.87749, -4.89363],
						[119.87268, -4.88594],
						[119.86649, -4.87887],
						[119.86338, -4.8676],
						[119.86355, -4.85585],
						[119.86405, -4.85341],
						[119.86371, -4.84966],
						[119.85895, -4.84873],
						[119.85084, -4.84955],
						[119.84385, -4.85523],
						[119.83784, -4.85582],
						[119.83089, -4.85156],
						[119.82275, -4.85163],
						[119.82083, -4.84926],
						[119.80708, -4.85259],
						[119.80112, -4.85517],
						[119.80163, -4.85384],
						[119.80202, -4.85113],
						[119.80176, -4.84995],
						[119.80202, -4.84623],
						[119.80242, -4.84482],
						[119.80354, -4.84283],
						[119.80509, -4.84212],
						[119.80543, -4.84168],
						[119.80517, -4.84063],
						[119.80543, -4.83964],
						[119.80496, -4.83817],
						[119.80526, -4.83571],
						[119.80472, -4.82947],
						[119.80588, -4.82656],
						[119.81018, -4.8236],
						[119.81084, -4.82186],
						[119.81037, -4.81876],
						[119.8081, -4.81451],
						[119.80771, -4.81203],
						[119.80657, -4.81008],
						[119.80672, -4.80816],
						[119.80793, -4.80658],
						[119.80949, -4.80241],
						[119.81097, -4.80005],
						[119.8138, -4.79253],
						[119.81383, -4.79159],
						[119.81222, -4.79028],
						[119.81119, -4.78879],
						[119.81136, -4.78338],
						[119.81235, -4.78246],
						[119.81312, -4.78096],
						[119.81402, -4.78021],
						[119.81475, -4.77893],
						[119.81428, -4.77713],
						[119.81267, -4.77489],
						[119.81245, -4.7717],
						[119.81174, -4.76783],
						[119.8123, -4.76413],
						[119.81344, -4.76216],
						[119.81507, -4.7606],
						[119.81698, -4.75765],
						[119.81992, -4.75479],
						[119.82337, -4.75231],
						[119.82932, -4.74912],
						[119.83322, -4.7494],
						[119.83638, -4.74925],
						[119.83882, -4.74698],
						[119.8394, -4.74525],
						[119.84058, -4.74401],
						[119.8429, -4.74279],
						[119.84464, -4.74285],
						[119.84766, -4.74371],
						[119.85414, -4.74335],
						[119.85808, -4.74837],
						[119.86091, -4.75273],
						[119.86366, -4.75286],
						[119.86625, -4.74844],
						[119.86683, -4.74531],
						[119.86911, -4.73909],
						[119.8705, -4.73838],
						[119.87188, -4.73441],
						[119.87464, -4.73156],
						[119.87816, -4.73022],
						[119.87986, -4.72842],
						[119.87977, -4.7262],
						[119.88063, -4.72365],
						[119.88207, -4.7223],
						[119.88348, -4.71909],
						[119.88826, -4.72289],
						[119.89009, -4.72482],
						[119.89301, -4.72589],
						[119.89651, -4.72643],
						[119.89807, -4.72737],
						[119.89889, -4.72927],
						[119.90094, -4.73138],
						[119.90263, -4.73113],
						[119.90686, -4.73193],
						[119.90933, -4.73136],
						[119.91057, -4.73157],
						[119.91951, -4.73956],
						[119.92312, -4.74476],
						[119.92322, -4.74688],
						[119.9241, -4.74886],
						[119.92628, -4.75019],
						[119.92955, -4.75285],
						[119.93031, -4.75392],
						[119.93139, -4.75387],
						[119.93153, -4.75428],
						[119.93113, -4.7549],
						[119.93188, -4.75479],
						[119.93391, -4.75569],
						[119.93605, -4.7573],
						[119.93626, -4.75807],
						[119.93697, -4.7583]
					]
				]
			}
		},
		{
			"type": "Feature",
			"properties": {
				"slug": "maros--mandai",
				"nama": "Mandai",
				"kabkota": "maros",
				"osm": "relation/19682759",
				"pusat": [-5.079939860139858, 119.55842076923074]
			},
			"geometry": {
				"type": "Polygon",
				"coordinates": [
					[
						[119.53923, -5.04835],
						[119.54064, -5.04978],
						[119.54083, -5.05223],
						[119.54037, -5.05491],
						[119.54087, -5.05569],
						[119.54073, -5.05616],
						[119.54106, -5.05634],
						[119.54084, -5.05699],
						[119.53999, -5.05696],
						[119.53895, -5.05831],
						[119.5335, -5.06033],
						[119.53263, -5.06162],
						[119.52833, -5.0647],
						[119.52812, -5.06517],
						[119.52813, -5.06618],
						[119.52852, -5.06666],
						[119.52963, -5.06758],
						[119.53149, -5.0684],
						[119.53186, -5.07046],
						[119.53317, -5.07203],
						[119.53283, -5.07298],
						[119.53499, -5.07437],
						[119.53696, -5.07684],
						[119.53631, -5.07743],
						[119.53641, -5.07832],
						[119.53601, -5.07921],
						[119.53661, -5.08121],
						[119.53708, -5.0815],
						[119.53964, -5.08154],
						[119.5394, -5.08192],
						[119.5396, -5.08266],
						[119.54005, -5.08319],
						[119.5408, -5.08322],
						[119.54167, -5.08406],
						[119.54126, -5.08582],
						[119.5388, -5.08937],
						[119.53781, -5.09381],
						[119.53807, -5.09635],
						[119.53901, -5.09804],
						[119.53893, -5.10046],
						[119.53931, -5.10177],
						[119.53899, -5.10348],
						[119.53935, -5.10474],
						[119.53893, -5.10651],
						[119.53944, -5.10755],
						[119.53927, -5.10816],
						[119.53983, -5.10959],
						[119.54079, -5.10993],
						[119.54118, -5.10977],
						[119.54171, -5.11046],
						[119.54517, -5.11236],
						[119.54527, -5.11268],
						[119.54804, -5.11373],
						[119.551, -5.1141],
						[119.55112, -5.11362],
						[119.55313, -5.1141],
						[119.5558, -5.11359],
						[119.55788, -5.11451],
						[119.55975, -5.11468],
						[119.56068, -5.11609],
						[119.56251, -5.117],
						[119.5635, -5.11706],
						[119.56401, -5.11672],
						[119.56471, -5.1179],
						[119.57447, -5.12598],
						[119.57493, -5.12961],
						[119.57713, -5.13077],
						[119.57908, -5.13245],
						[119.5812, -5.13298],
						[119.58367, -5.13275],
						[119.59007, -5.13131],
						[119.58663, -5.12217],
						[119.5777, -5.11506],
						[119.57382, -5.11356],
						[119.5716, -5.11186],
						[119.56922, -5.10862],
						[119.56937, -5.10757],
						[119.5689, -5.10734],
						[119.56917, -5.10622],
						[119.56761, -5.10512],
						[119.56953, -5.10224],
						[119.56917, -5.10139],
						[119.56872, -5.10122],
						[119.56933, -5.10099],
						[119.5699, -5.09945],
						[119.56772, -5.09809],
						[119.56773, -5.09723],
						[119.57299, -5.09448],
						[119.57427, -5.09338],
						[119.57471, -5.09225],
						[119.57376, -5.09001],
						[119.57336, -5.08535],
						[119.57282, -5.08324],
						[119.57309, -5.08062],
						[119.57358, -5.07956],
						[119.57407, -5.07907],
						[119.57469, -5.0793],
						[119.57742, -5.07916],
						[119.57866, -5.07966],
						[119.58051, -5.07927],
						[119.58343, -5.07651],
						[119.58394, -5.07495],
						[119.58407, -5.06772],
						[119.58472, -5.06657],
						[119.58385, -5.06564],
						[119.58305, -5.06327],
						[119.58813, -5.06292],
						[119.58994, -5.06218],
						[119.59096, -5.06096],
						[119.59244, -5.05758],
						[119.59296, -5.05229],
						[119.59283, -5.05018],
						[119.59387, -5.04811],
						[119.59341, -5.04729],
						[119.59356, -5.04594],
						[119.59409, -5.0454],
						[119.59434, -5.04453],
						[119.58878, -5.04421],
						[119.57686, -5.03977],
						[119.5765, -5.0404],
						[119.57511, -5.04104],
						[119.57407, -5.03979],
						[119.57367, -5.0398],
						[119.57092, -5.04029],
						[119.56928, -5.04182],
						[119.56832, -5.04135],
						[119.56338, -5.04678],
						[119.56163, -5.04982],
						[119.56052, -5.04927],
						[119.55977, -5.04798],
						[119.55575, -5.04441],
						[119.54711, -5.03796],
						[119.54468, -5.04315],
						[119.5458, -5.04343],
						[119.54601, -5.04401],
						[119.54543, -5.0448],
						[119.54533, -5.04647],
						[119.54704, -5.04803],
						[119.54685, -5.04927],
						[119.54651, -5.04969],
						[119.54303, -5.04929],
						[119.5399, -5.0476],
						[119.53923, -5.04835]
					]
				]
			}
		},
		{
			"type": "Feature",
			"properties": {
				"slug": "maros--maros-baru",
				"nama": "Maros Baru",
				"kabkota": "maros",
				"osm": "relation/19686232",
				"pusat": [-4.990522987804879, 119.51975134146348]
			},
			"geometry": {
				"type": "Polygon",
				"coordinates": [
					[
						[119.53681, -4.9737],
						[119.53152, -4.97561],
						[119.5238, -4.97756],
						[119.52372, -4.97808],
						[119.52277, -4.97766],
						[119.52149, -4.97801],
						[119.52075, -4.97747],
						[119.52048, -4.97667],
						[119.52048, -4.97569],
						[119.52098, -4.9748],
						[119.52084, -4.97422],
						[119.51921, -4.97223],
						[119.51808, -4.97223],
						[119.51763, -4.97141],
						[119.51649, -4.97074],
						[119.51615, -4.96973],
						[119.51501, -4.96859],
						[119.51425, -4.96716],
						[119.51372, -4.96685],
						[119.51143, -4.96686],
						[119.51035, -4.96798],
						[119.50977, -4.96786],
						[119.5096, -4.96642],
						[119.50842, -4.96301],
						[119.50869, -4.96108],
						[119.50769, -4.96069],
						[119.5061, -4.96257],
						[119.50602, -4.96339],
						[119.50685, -4.96415],
						[119.50692, -4.96478],
						[119.50637, -4.96508],
						[119.50512, -4.96503],
						[119.50426, -4.96444],
						[119.50382, -4.96327],
						[119.50497, -4.96141],
						[119.50495, -4.96088],
						[119.50349, -4.96063],
						[119.50216, -4.95981],
						[119.50091, -4.96053],
						[119.50052, -4.96105],
						[119.50005, -4.96314],
						[119.49998, -4.96638],
						[119.49956, -4.96631],
						[119.49921, -4.96725],
						[119.49849, -4.96719],
						[119.4972, -4.97053],
						[119.49495, -4.97392],
						[119.49485, -4.97488],
						[119.49293, -4.97781],
						[119.49183, -4.98018],
						[119.49175, -4.98106],
						[119.49226, -4.98209],
						[119.49195, -4.98261],
						[119.49031, -4.98336],
						[119.48981, -4.98315],
						[119.48941, -4.98243],
						[119.48821, -4.98243],
						[119.48718, -4.98285],
						[119.48371, -4.98612],
						[119.483, -4.98752],
						[119.48443, -4.98992],
						[119.48821, -4.99302],
						[119.48829, -4.99598],
						[119.49128, -4.99832],
						[119.49281, -5.00094],
						[119.49294, -5.00171],
						[119.49255, -5.00349],
						[119.49354, -5.00398],
						[119.49382, -5.00583],
						[119.49211, -5.00654],
						[119.49102, -5.00906],
						[119.4896, -5.01025],
						[119.48953, -5.0111],
						[119.49019, -5.01373],
						[119.49092, -5.01377],
						[119.49192, -5.01463],
						[119.49255, -5.01647],
						[119.49302, -5.0168],
						[119.49407, -5.01678],
						[119.49475, -5.01531],
						[119.49564, -5.01511],
						[119.49629, -5.01565],
						[119.4961, -5.01647],
						[119.49643, -5.0172],
						[119.49715, -5.01722],
						[119.49797, -5.01678],
						[119.49888, -5.01794],
						[119.49958, -5.01821],
						[119.50034, -5.01785],
						[119.50159, -5.01549],
						[119.5022, -5.01537],
						[119.50281, -5.01621],
						[119.50334, -5.01616],
						[119.50424, -5.01518],
						[119.50465, -5.01306],
						[119.50557, -5.01276],
						[119.50618, -5.01303],
						[119.50692, -5.01137],
						[119.50698, -5.00982],
						[119.50646, -5.00785],
						[119.50796, -5.0043],
						[119.50947, -5.00394],
						[119.51051, -5.00456],
						[119.51165, -5.00747],
						[119.51251, -5.00874],
						[119.5144, -5.01003],
						[119.51575, -5.00991],
						[119.51821, -5.00748],
						[119.51976, -5.00709],
						[119.52085, -5.00773],
						[119.52206, -5.01036],
						[119.5227, -5.0107],
						[119.52442, -5.01059],
						[119.5267, -5.00984],
						[119.52875, -5.01114],
						[119.52999, -5.01144],
						[119.52992, -5.01281],
						[119.5329, -5.01682],
						[119.53327, -5.02945],
						[119.55338, -5.02941],
						[119.56291, -5.01981],
						[119.56669, -5.01484],
						[119.56845, -5.01191],
						[119.56962, -5.01189],
						[119.57095, -5.01014],
						[119.57009, -5.00955],
						[119.56999, -5.00912],
						[119.56993, -5.00335],
						[119.57015, -5.00235],
						[119.57168, -5.00294],
						[119.5733, -4.99476],
						[119.56492, -4.99324],
						[119.56238, -4.99434],
						[119.56093, -4.99308],
						[119.5596, -4.99343],
						[119.55865, -4.99443],
						[119.55766, -4.99442],
						[119.55735, -4.99354],
						[119.55818, -4.99211],
						[119.55779, -4.99116],
						[119.55829, -4.99043],
						[119.55899, -4.99048],
						[119.55935, -4.98726],
						[119.55909, -4.98683],
						[119.55623, -4.98634],
						[119.55554, -4.98535],
						[119.55526, -4.98354],
						[119.55633, -4.98177],
						[119.5556, -4.97876],
						[119.55384, -4.97819],
						[119.55448, -4.97673],
						[119.55256, -4.97624],
						[119.55263, -4.97509],
						[119.55238, -4.97471],
						[119.5512, -4.97487],
						[119.55092, -4.97524],
						[119.5504, -4.97508],
						[119.55022, -4.9737],
						[119.54814, -4.97391],
						[119.54803, -4.97308],
						[119.54704, -4.97215],
						[119.54707, -4.97082],
						[119.54634, -4.97038],
						[119.53681, -4.9737]
					]
				]
			}
		},
		{
			"type": "Feature",
			"properties": {
				"slug": "maros--marusu",
				"nama": "Marusu",
				"kabkota": "maros",
				"osm": "relation/19686231",
				"pusat": [-5.034851666666665, 119.49836926470581]
			},
			"geometry": {
				"type": "Polygon",
				"coordinates": [
					[
						[119.47945, -5.05974],
						[119.4818, -5.06014],
						[119.4836, -5.05949],
						[119.48489, -5.0598],
						[119.48459, -5.06182],
						[119.48631, -5.06324],
						[119.4864, -5.06472],
						[119.48731, -5.06561],
						[119.48859, -5.06577],
						[119.489, -5.06521],
						[119.48886, -5.06441],
						[119.48799, -5.06365],
						[119.48829, -5.06324],
						[119.48963, -5.06406],
						[119.4904, -5.06406],
						[119.49067, -5.06437],
						[119.49054, -5.06565],
						[119.49254, -5.06687],
						[119.49317, -5.06687],
						[119.49318, -5.06646],
						[119.49246, -5.06567],
						[119.49259, -5.06534],
						[119.49399, -5.06554],
						[119.49421, -5.06503],
						[119.49398, -5.06412],
						[119.49424, -5.06363],
						[119.49495, -5.06342],
						[119.49583, -5.06417],
						[119.49578, -5.06467],
						[119.49502, -5.06535],
						[119.495, -5.06629],
						[119.49503, -5.06694],
						[119.49583, -5.06762],
						[119.4975, -5.06676],
						[119.49787, -5.06737],
						[119.49976, -5.0687],
						[119.50188, -5.06951],
						[119.50257, -5.06877],
						[119.50311, -5.06879],
						[119.50365, -5.06803],
						[119.50455, -5.06793],
						[119.50484, -5.06747],
						[119.50528, -5.06793],
						[119.50639, -5.06791],
						[119.5072, -5.06746],
						[119.50782, -5.06774],
						[119.50791, -5.06863],
						[119.50937, -5.06922],
						[119.51246, -5.06801],
						[119.51398, -5.06822],
						[119.51442, -5.06635],
						[119.51419, -5.06517],
						[119.5146, -5.06489],
						[119.51477, -5.06395],
						[119.51555, -5.06268],
						[119.51728, -5.06315],
						[119.51764, -5.06278],
						[119.51832, -5.06315],
						[119.51893, -5.06293],
						[119.51942, -5.06313],
						[119.51955, -5.0637],
						[119.52075, -5.06403],
						[119.52439, -5.0639],
						[119.52806, -5.06436],
						[119.52833, -5.0647],
						[119.53263, -5.06162],
						[119.5335, -5.06033],
						[119.53895, -5.05831],
						[119.53999, -5.05696],
						[119.54084, -5.05699],
						[119.54106, -5.05634],
						[119.54073, -5.05616],
						[119.54087, -5.05569],
						[119.54037, -5.05491],
						[119.54083, -5.05223],
						[119.54064, -5.04978],
						[119.53923, -5.04835],
						[119.5399, -5.0476],
						[119.53921, -5.04585],
						[119.53891, -5.041],
						[119.53782, -5.03952],
						[119.53595, -5.03808],
						[119.53637, -5.03488],
						[119.53586, -5.03396],
						[119.53506, -5.03323],
						[119.53156, -5.03322],
						[119.53327, -5.03119],
						[119.5329, -5.01682],
						[119.52992, -5.01281],
						[119.52999, -5.01144],
						[119.52875, -5.01114],
						[119.5267, -5.00984],
						[119.52442, -5.01059],
						[119.5227, -5.0107],
						[119.52206, -5.01036],
						[119.52085, -5.00773],
						[119.51976, -5.00709],
						[119.51821, -5.00748],
						[119.51575, -5.00991],
						[119.5144, -5.01003],
						[119.51251, -5.00874],
						[119.51165, -5.00747],
						[119.51051, -5.00456],
						[119.50947, -5.00394],
						[119.5088, -5.00397],
						[119.50796, -5.0043],
						[119.50646, -5.00785],
						[119.507, -5.01034],
						[119.50692, -5.01137],
						[119.50618, -5.01303],
						[119.50557, -5.01276],
						[119.50465, -5.01306],
						[119.50424, -5.01518],
						[119.50334, -5.01616],
						[119.50281, -5.01621],
						[119.5022, -5.01537],
						[119.50159, -5.01549],
						[119.50034, -5.01785],
						[119.49958, -5.01821],
						[119.49888, -5.01794],
						[119.49797, -5.01678],
						[119.49715, -5.01722],
						[119.49643, -5.0172],
						[119.4961, -5.01647],
						[119.49629, -5.01565],
						[119.49564, -5.01511],
						[119.49475, -5.01531],
						[119.49407, -5.01678],
						[119.49302, -5.0168],
						[119.49231, -5.01609],
						[119.49192, -5.01463],
						[119.49092, -5.01377],
						[119.49019, -5.01373],
						[119.48953, -5.0111],
						[119.4896, -5.01025],
						[119.49102, -5.00906],
						[119.49211, -5.00654],
						[119.49382, -5.00583],
						[119.49354, -5.00398],
						[119.49255, -5.00349],
						[119.49294, -5.00171],
						[119.49261, -5.0004],
						[119.49128, -4.99832],
						[119.48829, -4.99598],
						[119.48821, -4.99302],
						[119.48443, -4.98992],
						[119.48331, -4.98789],
						[119.48247, -4.98739],
						[119.48065, -4.98834],
						[119.47975, -4.98838],
						[119.47895, -4.98954],
						[119.47834, -4.98974],
						[119.47928, -4.99042],
						[119.47972, -4.99145],
						[119.47892, -4.99284],
						[119.47742, -4.99325],
						[119.47672, -4.99403],
						[119.47719, -4.9953],
						[119.47697, -4.99534],
						[119.47662, -4.99768],
						[119.47805, -4.99841],
						[119.47805, -4.99898],
						[119.47705, -4.99943],
						[119.47686, -5.00452],
						[119.47547, -5.00989],
						[119.47581, -5.01287],
						[119.47613, -5.01318],
						[119.47594, -5.01369],
						[119.47458, -5.014],
						[119.47285, -5.01637],
						[119.46971, -5.02494],
						[119.46772, -5.02528],
						[119.46663, -5.02583],
						[119.46725, -5.02832],
						[119.4672, -5.02982],
						[119.46673, -5.03077],
						[119.46705, -5.03135],
						[119.46691, -5.03213],
						[119.46706, -5.03251],
						[119.46802, -5.033],
						[119.46789, -5.03385],
						[119.46866, -5.03459],
						[119.46995, -5.03432],
						[119.47243, -5.0317],
						[119.47308, -5.03241],
						[119.47399, -5.03248],
						[119.47479, -5.03091],
						[119.47504, -5.03105],
						[119.47456, -5.03237],
						[119.47699, -5.0333],
						[119.47773, -5.03298],
						[119.47801, -5.03318],
						[119.47699, -5.03441],
						[119.47652, -5.03444],
						[119.47628, -5.03574],
						[119.47624, -5.03721],
						[119.47701, -5.03964],
						[119.47771, -5.04422],
						[119.47771, -5.04994],
						[119.47705, -5.0575],
						[119.47747, -5.05802],
						[119.47722, -5.05823],
						[119.47741, -5.05926],
						[119.47945, -5.05974]
					]
				]
			}
		},
		{
			"type": "Feature",
			"properties": {
				"slug": "maros--moncongloe",
				"nama": "Moncongloe",
				"kabkota": "maros",
				"osm": "relation/12534263",
				"pusat": [-5.15266725, 119.54300440000009]
			},
			"geometry": {
				"type": "Polygon",
				"coordinates": [
					[
						[119.59007, -5.13131],
						[119.58367, -5.13275],
						[119.5812, -5.13298],
						[119.57908, -5.13245],
						[119.57713, -5.13077],
						[119.57493, -5.12961],
						[119.57447, -5.12598],
						[119.56471, -5.1179],
						[119.56401, -5.11672],
						[119.5635, -5.11706],
						[119.56251, -5.117],
						[119.56068, -5.11609],
						[119.55975, -5.11468],
						[119.55788, -5.11451],
						[119.5558, -5.11359],
						[119.55313, -5.1141],
						[119.55112, -5.11362],
						[119.551, -5.1141],
						[119.54804, -5.11373],
						[119.54592, -5.11301],
						[119.54338, -5.11157],
						[119.54263, -5.1138],
						[119.54099, -5.11656],
						[119.53966, -5.12204],
						[119.53933, -5.1224],
						[119.53894, -5.12214],
						[119.53868, -5.12258],
						[119.53826, -5.12256],
						[119.53766, -5.12431],
						[119.53228, -5.1312],
						[119.5309, -5.13234],
						[119.52868, -5.13288],
						[119.528, -5.13444],
						[119.5279, -5.13638],
						[119.52747, -5.13643],
						[119.52795, -5.13722],
						[119.52781, -5.13778],
						[119.52733, -5.13806],
						[119.52704, -5.13785],
						[119.52686, -5.13893],
						[119.52609, -5.13954],
						[119.52546, -5.1394],
						[119.52543, -5.13998],
						[119.52384, -5.1412],
						[119.52373, -5.14211],
						[119.52308, -5.1427],
						[119.52296, -5.14357],
						[119.52217, -5.14419],
						[119.52158, -5.14403],
						[119.52136, -5.14458],
						[119.52161, -5.14509],
						[119.52123, -5.14556],
						[119.52163, -5.14606],
						[119.52151, -5.14698],
						[119.52189, -5.14694],
						[119.5221, -5.14729],
						[119.52135, -5.14762],
						[119.52121, -5.14828],
						[119.52044, -5.14845],
						[119.5202, -5.14968],
						[119.51945, -5.14937],
						[119.51875, -5.1495],
						[119.51844, -5.15096],
						[119.51702, -5.15108],
						[119.51635, -5.15055],
						[119.51478, -5.14818],
						[119.51081, -5.14671],
						[119.50994, -5.14699],
						[119.509, -5.14801],
						[119.50863, -5.14881],
						[119.50851, -5.1512],
						[119.50806, -5.15155],
						[119.50428, -5.14739],
						[119.50313, -5.14658],
						[119.50214, -5.14647],
						[119.50132, -5.14708],
						[119.49892, -5.15096],
						[119.49825, -5.15136],
						[119.49377, -5.15118],
						[119.49371, -5.15199],
						[119.49442, -5.1526],
						[119.49526, -5.15257],
						[119.49576, -5.15292],
						[119.49605, -5.15375],
						[119.49796, -5.1563],
						[119.49992, -5.15745],
						[119.50135, -5.16164],
						[119.50169, -5.16197],
						[119.50458, -5.16251],
						[119.50776, -5.16427],
						[119.51058, -5.16279],
						[119.51373, -5.16272],
						[119.51362, -5.1652],
						[119.514, -5.16589],
						[119.51539, -5.16376],
						[119.51631, -5.16391],
						[119.51839, -5.16504],
						[119.51962, -5.1638],
						[119.5199, -5.16403],
						[119.52098, -5.16328],
						[119.52292, -5.16309],
						[119.52347, -5.16357],
						[119.52324, -5.16406],
						[119.52369, -5.16426],
						[119.52413, -5.1638],
						[119.52457, -5.16424],
						[119.52548, -5.16395],
						[119.52765, -5.16563],
						[119.5291, -5.16615],
						[119.5292, -5.16702],
						[119.53053, -5.16725],
						[119.53095, -5.16726],
						[119.53188, -5.16562],
						[119.53381, -5.16598],
						[119.53397, -5.16564],
						[119.53608, -5.16618],
						[119.53773, -5.16536],
						[119.53924, -5.16401],
						[119.54072, -5.16565],
						[119.54257, -5.16471],
						[119.54364, -5.16455],
						[119.54516, -5.16335],
						[119.54576, -5.16337],
						[119.54539, -5.16248],
						[119.54621, -5.15986],
						[119.54664, -5.16014],
						[119.54667, -5.15975],
						[119.54747, -5.15946],
						[119.54828, -5.15984],
						[119.54962, -5.15986],
						[119.55107, -5.16142],
						[119.55204, -5.16111],
						[119.55289, -5.16156],
						[119.5533, -5.16278],
						[119.5543, -5.16222],
						[119.55412, -5.16275],
						[119.55488, -5.16304],
						[119.55483, -5.16375],
						[119.55386, -5.16409],
						[119.55388, -5.16477],
						[119.55338, -5.16513],
						[119.5542, -5.16522],
						[119.55457, -5.16596],
						[119.55662, -5.16607],
						[119.55684, -5.16659],
						[119.55742, -5.16681],
						[119.5574, -5.16726],
						[119.55826, -5.16722],
						[119.5584, -5.16752],
						[119.55802, -5.16802],
						[119.55864, -5.16853],
						[119.55921, -5.16783],
						[119.56043, -5.16762],
						[119.56008, -5.16829],
						[119.56071, -5.16834],
						[119.56105, -5.16872],
						[119.56035, -5.1701],
						[119.56108, -5.17059],
						[119.56165, -5.17019],
						[119.56192, -5.17137],
						[119.56194, -5.17088],
						[119.56284, -5.17071],
						[119.56258, -5.17114],
						[119.56309, -5.17105],
						[119.56299, -5.17251],
						[119.56365, -5.17224],
						[119.5638, -5.17301],
						[119.56433, -5.17288],
						[119.564, -5.17213],
						[119.56423, -5.17182],
						[119.56469, -5.17256],
						[119.56532, -5.17277],
						[119.56507, -5.17219],
						[119.56572, -5.17114],
						[119.56652, -5.17162],
						[119.56576, -5.17256],
						[119.56671, -5.17312],
						[119.56722, -5.17199],
						[119.56846, -5.17102],
						[119.5691, -5.16922],
						[119.56971, -5.1693],
						[119.57101, -5.16869],
						[119.57217, -5.16641],
						[119.57497, -5.16311],
						[119.57713, -5.16198],
						[119.57921, -5.16041],
						[119.57969, -5.15945],
						[119.5796, -5.15761],
						[119.58742, -5.15788],
						[119.59513, -5.15991],
						[119.59614, -5.15979],
						[119.5993, -5.15759],
						[119.60077, -5.15368],
						[119.60405, -5.15412],
						[119.60564, -5.15522],
						[119.6057, -5.15205],
						[119.60427, -5.14577],
						[119.60255, -5.14377],
						[119.59541, -5.13888],
						[119.59007, -5.13131]
					]
				]
			}
		},
		{
			"type": "Feature",
			"properties": {
				"slug": "maros--simbang",
				"nama": "Simbang",
				"kabkota": "maros",
				"osm": "relation/19686995",
				"pusat": [-5.0469944660194175, 119.68069058252424]
			},
			"geometry": {
				"type": "Polygon",
				"coordinates": [
					[
						[119.77222, -5.0873],
						[119.77094, -5.08513],
						[119.76947, -5.08473],
						[119.76871, -5.08571],
						[119.76748, -5.08439],
						[119.7667, -5.0848],
						[119.76594, -5.08438],
						[119.7653, -5.0855],
						[119.76402, -5.08543],
						[119.76311, -5.08665],
						[119.76186, -5.08687],
						[119.76053, -5.08816],
						[119.75941, -5.08848],
						[119.75859, -5.0882],
						[119.75791, -5.08851],
						[119.75724, -5.08801],
						[119.75702, -5.08694],
						[119.75511, -5.0848],
						[119.75319, -5.08364],
						[119.75077, -5.08487],
						[119.74756, -5.08346],
						[119.74569, -5.08332],
						[119.74518, -5.08351],
						[119.74543, -5.0846],
						[119.74525, -5.08507],
						[119.74393, -5.08601],
						[119.74343, -5.08581],
						[119.74298, -5.08482],
						[119.74159, -5.08452],
						[119.74011, -5.08325],
						[119.73595, -5.08372],
						[119.73503, -5.08316],
						[119.73446, -5.08159],
						[119.73374, -5.08122],
						[119.73276, -5.08167],
						[119.73158, -5.08167],
						[119.73078, -5.08126],
						[119.7287, -5.07857],
						[119.72757, -5.07834],
						[119.71904, -5.08433],
						[119.71775, -5.08458],
						[119.71096, -5.08484],
						[119.70541, -5.08641],
						[119.70329, -5.0866],
						[119.69953, -5.08614],
						[119.69693, -5.08656],
						[119.69379, -5.08638],
						[119.69043, -5.08585],
						[119.68638, -5.08636],
						[119.68335, -5.08757],
						[119.68045, -5.08729],
						[119.67764, -5.08521],
						[119.67505, -5.08463],
						[119.67057, -5.08293],
						[119.66687, -5.08034],
						[119.6651, -5.07964],
						[119.66148, -5.07885],
						[119.65912, -5.07763],
						[119.65538, -5.07268],
						[119.65189, -5.06868],
						[119.65078, -5.06567],
						[119.64598, -5.06172],
						[119.63336, -5.05455],
						[119.6297, -5.05212],
						[119.62164, -5.05016],
						[119.61188, -5.04519],
						[119.61002, -5.04458],
						[119.60683, -5.04416],
						[119.60171, -5.04461],
						[119.59904, -5.04416],
						[119.5949, -5.04409],
						[119.59434, -5.04453],
						[119.58878, -5.04421],
						[119.57873, -5.04059],
						[119.5815, -5.0361],
						[119.5835, -5.03156],
						[119.58868, -5.02207],
						[119.59086, -5.01893],
						[119.59692, -5.01333],
						[119.59855, -5.01436],
						[119.60172, -5.01339],
						[119.60361, -5.01363],
						[119.60355, -5.01575],
						[119.6057, -5.01561],
						[119.60727, -5.01594],
						[119.60781, -5.0167],
						[119.60733, -5.01692],
						[119.60688, -5.01618],
						[119.6066, -5.0162],
						[119.60675, -5.01754],
						[119.6078, -5.01823],
						[119.61045, -5.01905],
						[119.61065, -5.01941],
						[119.60995, -5.01978],
						[119.61037, -5.02024],
						[119.61096, -5.01987],
						[119.6125, -5.02054],
						[119.61258, -5.02019],
						[119.61307, -5.02022],
						[119.61322, -5.01922],
						[119.61405, -5.0192],
						[119.6144, -5.01959],
						[119.61502, -5.01966],
						[119.6152, -5.01875],
						[119.61763, -5.01867],
						[119.61819, -5.01918],
						[119.6184, -5.02054],
						[119.61979, -5.02019],
						[119.62065, -5.02152],
						[119.62166, -5.02065],
						[119.62239, -5.02198],
						[119.62322, -5.02213],
						[119.62287, -5.02256],
						[119.62314, -5.02268],
						[119.62311, -5.02326],
						[119.62347, -5.0231],
						[119.62351, -5.02194],
						[119.62568, -5.01878],
						[119.62586, -5.019],
						[119.62766, -5.01887],
						[119.62824, -5.01844],
						[119.62827, -5.01798],
						[119.62951, -5.01777],
						[119.63118, -5.01631],
						[119.63185, -5.01427],
						[119.63338, -5.01253],
						[119.63264, -5.01125],
						[119.63298, -5.01095],
						[119.63541, -5.01028],
						[119.63586, -5.00907],
						[119.63753, -5.00973],
						[119.63935, -5.00907],
						[119.64091, -5.0091],
						[119.64181, -5.00858],
						[119.64457, -5.01028],
						[119.64622, -5.00968],
						[119.6472, -5.01003],
						[119.64751, -5.01313],
						[119.64799, -5.01376],
						[119.64986, -5.01448],
						[119.65029, -5.01606],
						[119.65153, -5.01804],
						[119.65167, -5.01926],
						[119.65204, -5.0194],
						[119.65279, -5.0194],
						[119.65312, -5.01863],
						[119.65399, -5.01825],
						[119.65507, -5.0199],
						[119.65702, -5.02105],
						[119.65834, -5.02125],
						[119.65896, -5.02117],
						[119.65951, -5.0201],
						[119.65902, -5.01902],
						[119.65933, -5.01888],
						[119.66125, -5.01967],
						[119.6625, -5.01978],
						[119.66461, -5.01895],
						[119.66511, -5.01797],
						[119.66681, -5.01891],
						[119.66856, -5.02121],
						[119.66954, -5.02039],
						[119.67119, -5.02055],
						[119.67227, -5.01949],
						[119.67745, -5.02136],
						[119.67804, -5.02098],
						[119.67894, -5.01865],
						[119.68042, -5.01706],
						[119.68445, -5.01649],
						[119.68609, -5.01516],
						[119.6875, -5.01309],
						[119.68829, -5.01269],
						[119.69001, -5.01047],
						[119.69386, -5.00895],
						[119.69928, -5.01351],
						[119.70187, -5.01943],
						[119.70338, -5.0288],
						[119.7122, -5.03536],
						[119.73143, -5.03646],
						[119.73244, -5.03531],
						[119.73761, -5.03972],
						[119.73881, -5.04001],
						[119.74072, -5.04189],
						[119.75194, -5.04903],
						[119.75205, -5.05183],
						[119.75299, -5.05303],
						[119.75943, -5.06606],
						[119.7614, -5.06937],
						[119.76485, -5.07192],
						[119.76798, -5.07551],
						[119.77714, -5.07883],
						[119.78073, -5.07732],
						[119.78401, -5.07693],
						[119.7876, -5.0795],
						[119.79041, -5.08211],
						[119.79064, -5.08492],
						[119.78954, -5.08962],
						[119.78855, -5.09165],
						[119.78705, -5.09246],
						[119.78423, -5.09321],
						[119.78244, -5.09335],
						[119.77779, -5.09249],
						[119.77678, -5.09173],
						[119.77599, -5.09034],
						[119.77378, -5.0897],
						[119.77312, -5.08812],
						[119.77222, -5.0873]
					]
				]
			}
		},
		{
			"type": "Feature",
			"properties": {
				"slug": "maros--tanralili",
				"nama": "Tanralili",
				"kabkota": "maros",
				"osm": "relation/19686993",
				"pusat": [-5.094022391304347, 119.60624054347822]
			},
			"geometry": {
				"type": "Polygon",
				"coordinates": [
					[
						[119.62013, -5.16067],
						[119.62054, -5.15103],
						[119.62113, -5.14778],
						[119.62758, -5.14197],
						[119.6321, -5.1259],
						[119.63371, -5.12449],
						[119.6333, -5.11683],
						[119.63394, -5.11562],
						[119.63635, -5.11389],
						[119.63712, -5.11397],
						[119.63775, -5.11304],
						[119.63842, -5.11327],
						[119.63995, -5.11619],
						[119.65033, -5.12265],
						[119.66033, -5.12255],
						[119.66782, -5.12557],
						[119.67664, -5.12096],
						[119.68265, -5.11076],
						[119.68219, -5.1048],
						[119.67613, -5.101],
						[119.67365, -5.09399],
						[119.66695, -5.08794],
						[119.65698, -5.08312],
						[119.65512, -5.08151],
						[119.65064, -5.07949],
						[119.63974, -5.07931],
						[119.63718, -5.07454],
						[119.63619, -5.07006],
						[119.63706, -5.05959],
						[119.63806, -5.05722],
						[119.6297, -5.05212],
						[119.62164, -5.05016],
						[119.61188, -5.04519],
						[119.61002, -5.04458],
						[119.60683, -5.04416],
						[119.60171, -5.04461],
						[119.59904, -5.04416],
						[119.5949, -5.04409],
						[119.59432, -5.0443],
						[119.59409, -5.0454],
						[119.59356, -5.04594],
						[119.59341, -5.04729],
						[119.59387, -5.04811],
						[119.59283, -5.05018],
						[119.59296, -5.05229],
						[119.59244, -5.05758],
						[119.59096, -5.06096],
						[119.58994, -5.06218],
						[119.58813, -5.06292],
						[119.58305, -5.06327],
						[119.58385, -5.06564],
						[119.58472, -5.06657],
						[119.58407, -5.06772],
						[119.58394, -5.07495],
						[119.58343, -5.07651],
						[119.58051, -5.07927],
						[119.57866, -5.07966],
						[119.57742, -5.07916],
						[119.57469, -5.0793],
						[119.57407, -5.07907],
						[119.57309, -5.08062],
						[119.57282, -5.08324],
						[119.57336, -5.08535],
						[119.57376, -5.09001],
						[119.57471, -5.09225],
						[119.57427, -5.09338],
						[119.57299, -5.09448],
						[119.56773, -5.09723],
						[119.56772, -5.09809],
						[119.5699, -5.09945],
						[119.56933, -5.10099],
						[119.56872, -5.10122],
						[119.56917, -5.10139],
						[119.56953, -5.10224],
						[119.56761, -5.10512],
						[119.56917, -5.10622],
						[119.5689, -5.10734],
						[119.56937, -5.10757],
						[119.56922, -5.10862],
						[119.5716, -5.11186],
						[119.57382, -5.11356],
						[119.5777, -5.11506],
						[119.58663, -5.12217],
						[119.59007, -5.13131],
						[119.59541, -5.13888],
						[119.60255, -5.14377],
						[119.60427, -5.14577],
						[119.6057, -5.15205],
						[119.60564, -5.15522],
						[119.60606, -5.15885],
						[119.61286, -5.15903],
						[119.62013, -5.16067]
					]
				]
			}
		},
		{
			"type": "Feature",
			"properties": {
				"slug": "maros--tompobulu",
				"nama": "Tompobulu",
				"kabkota": "maros",
				"osm": "relation/19686994",
				"pusat": [-5.129908160377359, 119.75102943396229]
			},
			"geometry": {
				"type": "Polygon",
				"coordinates": [
					[
						[119.77312, -5.08812],
						[119.77257, -5.08781],
						[119.77094, -5.08513],
						[119.76947, -5.08473],
						[119.76871, -5.08571],
						[119.76728, -5.08436],
						[119.7667, -5.0848],
						[119.76575, -5.08446],
						[119.7653, -5.0855],
						[119.76402, -5.08543],
						[119.76311, -5.08665],
						[119.76209, -5.08676],
						[119.76053, -5.08816],
						[119.75941, -5.08848],
						[119.75859, -5.0882],
						[119.75791, -5.08851],
						[119.75753, -5.08834],
						[119.75702, -5.08694],
						[119.75511, -5.0848],
						[119.7535, -5.08367],
						[119.75254, -5.08377],
						[119.75077, -5.08487],
						[119.74756, -5.08346],
						[119.74569, -5.08332],
						[119.74518, -5.08351],
						[119.74543, -5.0846],
						[119.74525, -5.08507],
						[119.74393, -5.08601],
						[119.74343, -5.08581],
						[119.74298, -5.08482],
						[119.74159, -5.08452],
						[119.74011, -5.08325],
						[119.73595, -5.08372],
						[119.73503, -5.08316],
						[119.73446, -5.08159],
						[119.73374, -5.08122],
						[119.73276, -5.08167],
						[119.73158, -5.08167],
						[119.73078, -5.08126],
						[119.7287, -5.07857],
						[119.72757, -5.07834],
						[119.71904, -5.08433],
						[119.71775, -5.08458],
						[119.71096, -5.08484],
						[119.70541, -5.08641],
						[119.70329, -5.0866],
						[119.69953, -5.08614],
						[119.69693, -5.08656],
						[119.69379, -5.08638],
						[119.69043, -5.08585],
						[119.68638, -5.08636],
						[119.68335, -5.08757],
						[119.68045, -5.08729],
						[119.67764, -5.08521],
						[119.67505, -5.08463],
						[119.67057, -5.08293],
						[119.66687, -5.08034],
						[119.6651, -5.07964],
						[119.66148, -5.07885],
						[119.65912, -5.07763],
						[119.65538, -5.07268],
						[119.65189, -5.06868],
						[119.65078, -5.06567],
						[119.64598, -5.06172],
						[119.63806, -5.05722],
						[119.63706, -5.05959],
						[119.63619, -5.07006],
						[119.63718, -5.07454],
						[119.63974, -5.07931],
						[119.65064, -5.07949],
						[119.65512, -5.08151],
						[119.65698, -5.08312],
						[119.66695, -5.08794],
						[119.67365, -5.09399],
						[119.67613, -5.101],
						[119.68219, -5.1048],
						[119.68265, -5.11076],
						[119.67664, -5.12096],
						[119.66782, -5.12557],
						[119.66033, -5.12255],
						[119.65033, -5.12265],
						[119.63995, -5.11619],
						[119.63842, -5.11327],
						[119.63775, -5.11304],
						[119.63712, -5.11397],
						[119.63635, -5.11389],
						[119.63394, -5.11562],
						[119.6333, -5.11683],
						[119.63371, -5.12449],
						[119.6321, -5.1259],
						[119.62758, -5.14197],
						[119.62113, -5.14778],
						[119.62054, -5.15103],
						[119.62013, -5.16067],
						[119.6213, -5.16093],
						[119.6231, -5.16188],
						[119.62629, -5.16544],
						[119.62967, -5.16765],
						[119.63671, -5.17477],
						[119.63784, -5.17684],
						[119.64192, -5.17795],
						[119.64724, -5.17865],
						[119.64911, -5.17248],
						[119.65465, -5.16734],
						[119.66619, -5.16759],
						[119.68325, -5.16613],
						[119.68603, -5.16699],
						[119.68739, -5.16776],
						[119.68972, -5.17011],
						[119.69367, -5.1698],
						[119.7009, -5.17428],
						[119.7054, -5.17578],
						[119.70718, -5.17785],
						[119.71136, -5.17845],
						[119.71956, -5.18273],
						[119.72773, -5.18368],
						[119.731, -5.18267],
						[119.74342, -5.18264],
						[119.75039, -5.18606],
						[119.75707, -5.18833],
						[119.76328, -5.18991],
						[119.7672, -5.19367],
						[119.76984, -5.19819],
						[119.77356, -5.20002],
						[119.77414, -5.20139],
						[119.77476, -5.20498],
						[119.77429, -5.20568],
						[119.77453, -5.20615],
						[119.77491, -5.20615],
						[119.77556, -5.20756],
						[119.77781, -5.20797],
						[119.779, -5.20781],
						[119.78013, -5.20889],
						[119.78123, -5.20942],
						[119.78578, -5.20796],
						[119.78971, -5.21088],
						[119.79405, -5.20961],
						[119.79877, -5.21162],
						[119.80205, -5.21069],
						[119.80618, -5.20541],
						[119.81188, -5.20521],
						[119.81561, -5.20584],
						[119.81636, -5.20547],
						[119.81706, -5.20427],
						[119.81825, -5.20414],
						[119.82056, -5.20126],
						[119.82244, -5.20007],
						[119.8238, -5.19825],
						[119.82488, -5.19819],
						[119.82641, -5.19606],
						[119.82718, -5.1956],
						[119.82937, -5.19561],
						[119.83004, -5.1952],
						[119.83097, -5.1956],
						[119.83399, -5.19399],
						[119.83716, -5.1913],
						[119.83967, -5.18819],
						[119.84463, -5.18297],
						[119.84534, -5.18011],
						[119.84704, -5.17788],
						[119.84871, -5.1787],
						[119.85554, -5.17249],
						[119.8594, -5.16839],
						[119.86144, -5.16469],
						[119.86313, -5.16269],
						[119.86369, -5.16074],
						[119.86363, -5.15781],
						[119.86191, -5.15371],
						[119.86015, -5.15196],
						[119.8576, -5.1504],
						[119.85706, -5.15065],
						[119.85644, -5.15046],
						[119.85631, -5.14785],
						[119.85693, -5.14676],
						[119.85751, -5.14418],
						[119.85861, -5.14193],
						[119.85932, -5.14183],
						[119.86077, -5.14065],
						[119.86131, -5.13854],
						[119.8644, -5.13627],
						[119.86543, -5.13505],
						[119.86517, -5.13144],
						[119.86599, -5.12997],
						[119.86895, -5.12687],
						[119.86955, -5.12541],
						[119.86942, -5.12279],
						[119.85914, -5.11639],
						[119.8489, -5.11823],
						[119.84562, -5.11919],
						[119.84437, -5.11748],
						[119.84327, -5.11488],
						[119.84002, -5.11248],
						[119.83541, -5.11163],
						[119.82777, -5.1076],
						[119.82545, -5.10577],
						[119.82296, -5.10165],
						[119.81725, -5.09934],
						[119.81184, -5.09548],
						[119.80684, -5.09302],
						[119.80616, -5.09076],
						[119.80297, -5.08807],
						[119.79919, -5.08737],
						[119.79493, -5.09059],
						[119.78855, -5.09165],
						[119.78705, -5.09246],
						[119.78423, -5.09321],
						[119.78244, -5.09335],
						[119.77779, -5.09249],
						[119.77678, -5.09173],
						[119.77599, -5.09034],
						[119.77378, -5.0897],
						[119.77312, -5.08812]
					]
				]
			}
		},
		{
			"type": "Feature",
			"properties": {
				"slug": "maros--turikale",
				"nama": "Turikale",
				"kabkota": "maros",
				"osm": "relation/19686233",
				"pusat": [-5.0073641605839425, 119.58203919708028]
			},
			"geometry": {
				"type": "Polygon",
				"coordinates": [
					[
						[119.59874, -5.00694],
						[119.59776, -5.00892],
						[119.59583, -5.01096],
						[119.59581, -5.0121],
						[119.59692, -5.01333],
						[119.59086, -5.01893],
						[119.58868, -5.02207],
						[119.5835, -5.03156],
						[119.5815, -5.0361],
						[119.57873, -5.04059],
						[119.57686, -5.03977],
						[119.5765, -5.0404],
						[119.57511, -5.04104],
						[119.57407, -5.03979],
						[119.57367, -5.0398],
						[119.57092, -5.04029],
						[119.56928, -5.04182],
						[119.56832, -5.04135],
						[119.56338, -5.04678],
						[119.56163, -5.04982],
						[119.56052, -5.04927],
						[119.55977, -5.04798],
						[119.55575, -5.04441],
						[119.54711, -5.03796],
						[119.54468, -5.04315],
						[119.5458, -5.04343],
						[119.54601, -5.04401],
						[119.54543, -5.0448],
						[119.54533, -5.04647],
						[119.54704, -5.04803],
						[119.54685, -5.04927],
						[119.54651, -5.04969],
						[119.54462, -5.04961],
						[119.5417, -5.04873],
						[119.5399, -5.0476],
						[119.53921, -5.04585],
						[119.53891, -5.041],
						[119.53782, -5.03952],
						[119.53595, -5.03808],
						[119.53637, -5.03488],
						[119.53586, -5.03396],
						[119.53506, -5.03323],
						[119.53156, -5.03322],
						[119.53327, -5.03119],
						[119.53327, -5.02945],
						[119.55338, -5.02941],
						[119.56291, -5.01981],
						[119.56669, -5.01484],
						[119.56845, -5.01191],
						[119.56962, -5.01189],
						[119.57095, -5.01014],
						[119.57009, -5.00955],
						[119.56999, -5.00912],
						[119.56993, -5.00335],
						[119.57015, -5.00235],
						[119.57168, -5.00294],
						[119.5733, -4.99476],
						[119.57667, -4.99551],
						[119.57691, -4.99587],
						[119.58021, -4.99692],
						[119.57922, -5.0018],
						[119.58112, -5.00476],
						[119.58161, -5.00417],
						[119.58299, -4.9988],
						[119.58323, -4.99669],
						[119.58256, -4.99278],
						[119.58251, -4.98977],
						[119.58421, -4.98804],
						[119.58368, -4.97947],
						[119.58473, -4.97588],
						[119.58742, -4.97375],
						[119.58879, -4.97015],
						[119.5889, -4.96904],
						[119.59002, -4.96793],
						[119.59115, -4.96806],
						[119.59219, -4.96956],
						[119.59343, -4.96949],
						[119.59415, -4.97008],
						[119.59469, -4.97179],
						[119.59581, -4.97224],
						[119.59739, -4.97351],
						[119.59757, -4.97403],
						[119.59822, -4.97421],
						[119.59866, -4.97522],
						[119.59902, -4.97497],
						[119.59929, -4.97528],
						[119.59928, -4.97619],
						[119.59881, -4.9766],
						[119.59848, -4.97758],
						[119.59852, -4.97837],
						[119.59996, -4.98054],
						[119.59992, -4.98114],
						[119.60057, -4.9814],
						[119.60089, -4.98192],
						[119.60083, -4.98239],
						[119.60038, -4.98267],
						[119.60144, -4.98519],
						[119.60089, -4.98612],
						[119.60019, -4.98562],
						[119.59955, -4.98566],
						[119.59915, -4.98612],
						[119.59897, -4.98687],
						[119.59917, -4.98712],
						[119.59873, -4.98816],
						[119.59889, -4.98878],
						[119.59968, -4.98931],
						[119.59899, -4.99123],
						[119.59916, -4.99171],
						[119.6017, -4.99194],
						[119.60197, -4.99362],
						[119.60117, -4.99577],
						[119.60135, -4.99646],
						[119.60061, -4.9989],
						[119.6011, -4.9997],
						[119.60084, -5.00147],
						[119.60002, -5.00144],
						[119.59982, -5.00232],
						[119.60069, -5.0024],
						[119.60185, -5.00328],
						[119.60351, -5.00356],
						[119.60351, -5.00413],
						[119.60529, -5.00448],
						[119.60592, -5.00429],
						[119.60631, -5.00485],
						[119.60619, -5.00563],
						[119.60538, -5.00519],
						[119.60473, -5.00536],
						[119.60486, -5.00665],
						[119.60461, -5.00711],
						[119.60329, -5.00725],
						[119.60258, -5.00777],
						[119.60214, -5.00774],
						[119.60164, -5.00669],
						[119.60095, -5.00631],
						[119.60031, -5.00496],
						[119.59998, -5.005],
						[119.59874, -5.00694]
					]
				]
			}
		},
		{
			"type": "Feature",
			"properties": {
				"slug": "parepare--bacukiki",
				"nama": "Bacukiki",
				"kabkota": "parepare",
				"osm": "relation/18219197",
				"pusat": [-4.033247488584476, 119.67015671232878]
			},
			"geometry": {
				"type": "MultiPolygon",
				"coordinates": [
					[
						[
							[119.72127, -4.07851],
							[119.72087, -4.07786],
							[119.71948, -4.07726],
							[119.71858, -4.07771],
							[119.71751, -4.07887],
							[119.71618, -4.07811],
							[119.71572, -4.07859],
							[119.71465, -4.07883],
							[119.71394, -4.07984],
							[119.71315, -4.07998],
							[119.71151, -4.07889],
							[119.70853, -4.07821],
							[119.70676, -4.07998],
							[119.70436, -4.07828],
							[119.70321, -4.07786],
							[119.70146, -4.0756],
							[119.69761, -4.07718],
							[119.69664, -4.07623],
							[119.69551, -4.07577],
							[119.69491, -4.07503],
							[119.69414, -4.07517],
							[119.69233, -4.07477],
							[119.69144, -4.07393],
							[119.68975, -4.07364],
							[119.68714, -4.07372],
							[119.68379, -4.07317],
							[119.68277, -4.07354],
							[119.67985, -4.07271],
							[119.67834, -4.07106],
							[119.67527, -4.07055],
							[119.67411, -4.07006],
							[119.6693, -4.0705],
							[119.66726, -4.06945],
							[119.66532, -4.07035],
							[119.66405, -4.07148],
							[119.66235, -4.07153],
							[119.66128, -4.07332],
							[119.6575, -4.07379],
							[119.65619, -4.0751],
							[119.65454, -4.07606],
							[119.65195, -4.07659],
							[119.65048, -4.07739],
							[119.64756, -4.077],
							[119.64327, -4.0786],
							[119.64216, -4.07858],
							[119.64061, -4.0768],
							[119.63979, -4.07656],
							[119.63697, -4.07735],
							[119.635, -4.07546],
							[119.63413, -4.07418],
							[119.63472, -4.07254],
							[119.63478, -4.06996],
							[119.63644, -4.06304],
							[119.63962, -4.0572],
							[119.64157, -4.05496],
							[119.64271, -4.0558],
							[119.64363, -4.05592],
							[119.646, -4.05487],
							[119.64812, -4.05189],
							[119.64967, -4.05144],
							[119.64991, -4.05043],
							[119.64972, -4.04971],
							[119.64748, -4.04654],
							[119.64644, -4.04349],
							[119.64736, -4.04036],
							[119.64515, -4.04024],
							[119.64228, -4.0374],
							[119.64053, -4.03697],
							[119.64024, -4.03667],
							[119.64016, -4.03516],
							[119.63971, -4.03457],
							[119.64015, -4.03362],
							[119.63979, -4.03273],
							[119.63996, -4.0322],
							[119.6424, -4.03096],
							[119.6422, -4.02997],
							[119.64182, -4.0297],
							[119.64133, -4.02988],
							[119.64117, -4.0296],
							[119.64128, -4.02867],
							[119.6418, -4.028],
							[119.64703, -4.02655],
							[119.64722, -4.02532],
							[119.6488, -4.02401],
							[119.64948, -4.02242],
							[119.64997, -4.02244],
							[119.64988, -4.02161],
							[119.65018, -4.02145],
							[119.65, -4.01815],
							[119.64699, -4.01764],
							[119.6471, -4.01713],
							[119.64662, -4.017],
							[119.64646, -4.01745],
							[119.64462, -4.01703],
							[119.64459, -4.01728],
							[119.64235, -4.0176],
							[119.64133, -4.01938],
							[119.63818, -4.02002],
							[119.63772, -4.02002],
							[119.63696, -4.01944],
							[119.63317, -4.02016],
							[119.63286, -4.01989],
							[119.63326, -4.01906],
							[119.63394, -4.0188],
							[119.63612, -4.01677],
							[119.63599, -4.01544],
							[119.63709, -4.01298],
							[119.63831, -4.01277],
							[119.64028, -4.01309],
							[119.64015, -4.01197],
							[119.64052, -4.01118],
							[119.63979, -4.01063],
							[119.64038, -4.00848],
							[119.64092, -4.00852],
							[119.64092, -4.00977],
							[119.64132, -4.01053],
							[119.64215, -4.0111],
							[119.64537, -4.01148],
							[119.64666, -4.01255],
							[119.64846, -4.01224],
							[119.64932, -4.01061],
							[119.65014, -4.01006],
							[119.65227, -4.01061],
							[119.65461, -4.01016],
							[119.65499, -4.00934],
							[119.65624, -4.00836],
							[119.65595, -4.00696],
							[119.65646, -4.00585],
							[119.65959, -4.00384],
							[119.6602, -4.00138],
							[119.66038, -3.99814],
							[119.6599, -3.99748],
							[119.65726, -3.99601],
							[119.65702, -3.99543],
							[119.65746, -3.99433],
							[119.65901, -3.99296],
							[119.65949, -3.99301],
							[119.66028, -3.9925],
							[119.66071, -3.99165],
							[119.6623, -3.9916],
							[119.66276, -3.99085],
							[119.66333, -3.99072],
							[119.66435, -3.99124],
							[119.66515, -3.99094],
							[119.66511, -3.98974],
							[119.66614, -3.98881],
							[119.66637, -3.98768],
							[119.66702, -3.987],
							[119.66669, -3.98604],
							[119.66706, -3.98536],
							[119.66999, -3.98448],
							[119.67252, -3.9858],
							[119.67329, -3.98536],
							[119.67184, -3.98172],
							[119.67189, -3.98025],
							[119.67134, -3.97992],
							[119.6714, -3.97964],
							[119.67298, -3.97915],
							[119.67485, -3.97943],
							[119.67541, -3.97868],
							[119.67542, -3.978],
							[119.68339, -3.98651],
							[119.68423, -3.98852],
							[119.68467, -3.99148],
							[119.68626, -3.99396],
							[119.68758, -3.99431],
							[119.69138, -3.99408],
							[119.69222, -3.99468],
							[119.69297, -3.99841],
							[119.691, -4.00241],
							[119.69045, -4.00417],
							[119.68995, -4.00772],
							[119.68894, -4.00932],
							[119.68648, -4.01044],
							[119.686, -4.01097],
							[119.68579, -4.01189],
							[119.68745, -4.014],
							[119.68866, -4.01458],
							[119.6908, -4.01483],
							[119.69313, -4.01642],
							[119.69729, -4.01436],
							[119.69706, -4.01495],
							[119.695, -4.0165],
							[119.69484, -4.01773],
							[119.69583, -4.01854],
							[119.69722, -4.01846],
							[119.70029, -4.02035],
							[119.70114, -4.02119],
							[119.69937, -4.02218],
							[119.69884, -4.02301],
							[119.69928, -4.02505],
							[119.69848, -4.0265],
							[119.69926, -4.03015],
							[119.69739, -4.0342],
							[119.698, -4.03681],
							[119.698, -4.03933],
							[119.69851, -4.03993],
							[119.70017, -4.04048],
							[119.70058, -4.04125],
							[119.69815, -4.0437],
							[119.69743, -4.04491],
							[119.69728, -4.0455],
							[119.69771, -4.04852],
							[119.69725, -4.05344],
							[119.6985, -4.05459],
							[119.70084, -4.05507],
							[119.70271, -4.05597],
							[119.70406, -4.05709],
							[119.70624, -4.05982],
							[119.70717, -4.06269],
							[119.70779, -4.06933],
							[119.70911, -4.07165],
							[119.71047, -4.07231],
							[119.71357, -4.07232],
							[119.71616, -4.07374],
							[119.71857, -4.07429],
							[119.72044, -4.07554],
							[119.72144, -4.07661],
							[119.72127, -4.07851]
						]
					],
					[
						[
							[119.65653, -4.02221],
							[119.65661, -4.0221],
							[119.6568, -4.02224],
							[119.65671, -4.02236],
							[119.65663, -4.02229],
							[119.65663, -4.02229],
							[119.65658, -4.02225],
							[119.65656, -4.02224],
							[119.65653, -4.02221]
						]
					]
				]
			}
		},
		{
			"type": "Feature",
			"properties": {
				"slug": "parepare--bacukiki-barat",
				"nama": "Bacukiki Barat",
				"kabkota": "parepare",
				"osm": "relation/18219198",
				"pusat": [-4.038106607142859, 119.63340991071432]
			},
			"geometry": {
				"type": "MultiPolygon",
				"coordinates": [
					[
						[
							[119.63531, -4.01765],
							[119.63454, -4.01772],
							[119.6331, -4.01713],
							[119.63139, -4.01587],
							[119.63025, -4.01552],
							[119.62943, -4.01806],
							[119.62873, -4.01895],
							[119.62882, -4.01938],
							[119.62843, -4.01945],
							[119.62854, -4.01977],
							[119.62802, -4.01978],
							[119.62796, -4.01936],
							[119.62701, -4.01908],
							[119.62689, -4.01935],
							[119.6262, -4.01916],
							[119.62532, -4.01992],
							[119.62475, -4.01977],
							[119.62463, -4.01936],
							[119.62216, -4.02009],
							[119.62312, -4.02239],
							[119.6235, -4.02225],
							[119.62317, -4.02255],
							[119.62406, -4.02451],
							[119.62441, -4.03074],
							[119.62394, -4.031],
							[119.62512, -4.03417],
							[119.62568, -4.03813],
							[119.62509, -4.03871],
							[119.62455, -4.04028],
							[119.62295, -4.04742],
							[119.62072, -4.0483],
							[119.6178, -4.05057],
							[119.61809, -4.0508],
							[119.61785, -4.05132],
							[119.61722, -4.05182],
							[119.6172, -4.05133],
							[119.61681, -4.0525],
							[119.61684, -4.05299],
							[119.61777, -4.05337],
							[119.61838, -4.05322],
							[119.6198, -4.05411],
							[119.61988, -4.05493],
							[119.62043, -4.05583],
							[119.62143, -4.05576],
							[119.62241, -4.05739],
							[119.62287, -4.06142],
							[119.62156, -4.06555],
							[119.62036, -4.06693],
							[119.62118, -4.06767],
							[119.62354, -4.06836],
							[119.62549, -4.06961],
							[119.626, -4.07014],
							[119.6262, -4.07157],
							[119.62666, -4.07229],
							[119.62825, -4.07304],
							[119.6293, -4.07403],
							[119.63036, -4.07433],
							[119.6334, -4.0739],
							[119.63413, -4.07418],
							[119.63472, -4.07254],
							[119.63478, -4.06996],
							[119.63644, -4.06304],
							[119.63962, -4.0572],
							[119.64157, -4.05496],
							[119.64271, -4.0558],
							[119.64363, -4.05592],
							[119.646, -4.05487],
							[119.64812, -4.05189],
							[119.64967, -4.05144],
							[119.64991, -4.05043],
							[119.64972, -4.04971],
							[119.64748, -4.04654],
							[119.64644, -4.04349],
							[119.64736, -4.04036],
							[119.64515, -4.04024],
							[119.64228, -4.0374],
							[119.64053, -4.03697],
							[119.64024, -4.03667],
							[119.64016, -4.03516],
							[119.63971, -4.03457],
							[119.64015, -4.03362],
							[119.63979, -4.03273],
							[119.63996, -4.0322],
							[119.6424, -4.03096],
							[119.6422, -4.02997],
							[119.64182, -4.0297],
							[119.64133, -4.02988],
							[119.64117, -4.0296],
							[119.64128, -4.02867],
							[119.6418, -4.028],
							[119.64703, -4.02655],
							[119.64722, -4.02532],
							[119.6488, -4.02401],
							[119.64948, -4.02242],
							[119.64997, -4.02244],
							[119.64988, -4.02161],
							[119.65018, -4.02145],
							[119.65, -4.01815],
							[119.64699, -4.01764],
							[119.6471, -4.01713],
							[119.64662, -4.017],
							[119.64646, -4.01745],
							[119.64462, -4.01703],
							[119.64459, -4.01728],
							[119.6421, -4.01774],
							[119.64133, -4.01938],
							[119.63818, -4.02002],
							[119.63672, -4.01944],
							[119.63603, -4.01979],
							[119.6329, -4.02011],
							[119.63326, -4.01906],
							[119.63531, -4.01765]
						]
					],
					[
						[
							[119.61748, -4.05095],
							[119.61733, -4.05133],
							[119.61779, -4.05064],
							[119.61748, -4.05095]
						]
					],
					[
						[
							[119.6272867, -4.0426488],
							[119.6273703, -4.0428211],
							[119.6274736, -4.0427712],
							[119.62739, -4.0425989],
							[119.6272867, -4.0426488]
						]
					]
				]
			}
		},
		{
			"type": "Feature",
			"properties": {
				"slug": "parepare--soreang",
				"nama": "Soreang",
				"kabkota": "parepare",
				"osm": "relation/18219199",
				"pusat": [-3.986925806451613, 119.64295709677421]
			},
			"geometry": {
				"type": "MultiPolygon",
				"coordinates": [
					[
						[
							[119.66336, -3.96054],
							[119.66547, -3.96263],
							[119.66622, -3.96424],
							[119.66507, -3.9643],
							[119.66357, -3.96659],
							[119.66149, -3.96756],
							[119.6612, -3.96796],
							[119.66169, -3.96904],
							[119.66159, -3.96948],
							[119.65848, -3.97171],
							[119.65544, -3.97591],
							[119.65447, -3.98009],
							[119.65232, -3.98121],
							[119.65176, -3.98182],
							[119.65165, -3.98317],
							[119.65252, -3.98515],
							[119.6523, -3.98961],
							[119.65168, -3.99226],
							[119.64568, -4.00177],
							[119.6404, -4.00585],
							[119.63892, -4.00654],
							[119.63812, -4.00807],
							[119.63803, -4.00964],
							[119.63566, -4.01142],
							[119.63352, -4.01102],
							[119.63316, -4.00995],
							[119.63279, -4.00978],
							[119.63018, -4.01145],
							[119.62922, -4.01077],
							[119.62604, -4.0104],
							[119.62622, -4.00806],
							[119.6231, -4.00769],
							[119.62388, -4.00404],
							[119.62411, -4.00361],
							[119.62466, -4.00433],
							[119.62696, -4.00355],
							[119.62941, -4.00195],
							[119.63223, -3.99656],
							[119.63335, -3.99232],
							[119.63337, -3.99183],
							[119.63272, -3.99179],
							[119.63299, -3.99032],
							[119.63366, -3.99036],
							[119.63348, -3.9894],
							[119.63475, -3.98636],
							[119.63393, -3.98353],
							[119.6341, -3.98282],
							[119.63605, -3.98225],
							[119.63616, -3.98109],
							[119.63725, -3.97996],
							[119.63817, -3.9798],
							[119.63925, -3.98087],
							[119.6401, -3.98051],
							[119.64279, -3.9765],
							[119.64442, -3.97539],
							[119.64588, -3.97489],
							[119.64674, -3.97277],
							[119.65066, -3.96982],
							[119.65152, -3.96978],
							[119.65268, -3.96894],
							[119.65339, -3.96784],
							[119.66336, -3.96054]
						]
					],
					[
						[
							[119.64475, -3.99004],
							[119.64484, -3.99005],
							[119.64481, -3.99018],
							[119.64485, -3.99019],
							[119.64487, -3.99005],
							[119.64496, -3.99006],
							[119.64492, -3.9903],
							[119.64471, -3.99026],
							[119.64475, -3.99004]
						]
					]
				]
			}
		},
		{
			"type": "Feature",
			"properties": {
				"slug": "parepare--ujung",
				"nama": "Ujung",
				"kabkota": "parepare",
				"osm": "relation/18219200",
				"pusat": [-4.0003281818181815, 119.65336458768355]
			},
			"geometry": {
				"type": "MultiPolygon",
				"coordinates": [
					[
						[
							[119.6476, -3.99856],
							[119.65168, -3.99226],
							[119.65199, -3.99108],
							[119.65252, -3.98515],
							[119.65165, -3.98317],
							[119.65176, -3.98182],
							[119.65232, -3.98121],
							[119.65447, -3.98009],
							[119.65544, -3.97591],
							[119.65848, -3.97171],
							[119.66159, -3.96948],
							[119.66169, -3.96904],
							[119.6612, -3.96796],
							[119.66149, -3.96756],
							[119.66357, -3.96659],
							[119.66507, -3.9643],
							[119.66622, -3.96424],
							[119.66737, -3.96826],
							[119.67093, -3.97324],
							[119.67542, -3.978],
							[119.67541, -3.97868],
							[119.67485, -3.97943],
							[119.67298, -3.97915],
							[119.67132, -3.97977],
							[119.67189, -3.98025],
							[119.67184, -3.98172],
							[119.67329, -3.98536],
							[119.67252, -3.9858],
							[119.66999, -3.98448],
							[119.66706, -3.98536],
							[119.66669, -3.98604],
							[119.66702, -3.987],
							[119.66637, -3.98768],
							[119.66614, -3.98881],
							[119.66511, -3.98974],
							[119.66515, -3.99094],
							[119.66435, -3.99124],
							[119.66333, -3.99072],
							[119.66276, -3.99085],
							[119.6623, -3.9916],
							[119.66071, -3.99165],
							[119.66028, -3.9925],
							[119.65949, -3.99301],
							[119.65901, -3.99296],
							[119.65746, -3.99433],
							[119.65702, -3.99543],
							[119.65726, -3.99601],
							[119.6599, -3.99748],
							[119.66038, -3.99814],
							[119.6602, -4.00138],
							[119.65959, -4.00384],
							[119.65646, -4.00585],
							[119.65595, -4.00696],
							[119.65624, -4.00836],
							[119.65499, -4.00934],
							[119.65461, -4.01016],
							[119.65227, -4.01061],
							[119.65014, -4.01006],
							[119.64932, -4.01061],
							[119.64846, -4.01224],
							[119.64666, -4.01255],
							[119.64537, -4.01148],
							[119.64215, -4.0111],
							[119.64132, -4.01053],
							[119.64092, -4.00977],
							[119.64092, -4.00852],
							[119.64038, -4.00848],
							[119.63979, -4.01063],
							[119.64052, -4.01118],
							[119.64015, -4.01197],
							[119.64028, -4.01309],
							[119.63831, -4.01277],
							[119.63709, -4.01298],
							[119.63599, -4.01544],
							[119.63612, -4.01677],
							[119.63531, -4.01765],
							[119.63454, -4.01772],
							[119.6331, -4.01713],
							[119.63139, -4.01587],
							[119.63025, -4.01552],
							[119.62943, -4.01806],
							[119.62873, -4.01895],
							[119.62882, -4.01938],
							[119.62843, -4.01945],
							[119.62854, -4.01977],
							[119.62802, -4.01978],
							[119.62796, -4.01936],
							[119.62701, -4.01908],
							[119.62689, -4.01935],
							[119.6262, -4.01916],
							[119.62532, -4.01992],
							[119.62475, -4.01977],
							[119.62463, -4.01936],
							[119.62216, -4.02009],
							[119.62172, -4.01894],
							[119.62115, -4.01857],
							[119.62044, -4.01737],
							[119.61992, -4.01553],
							[119.62171, -4.00591],
							[119.62171, -4.00491],
							[119.62137, -4.00462],
							[119.62167, -4.00417],
							[119.62142, -4.00206],
							[119.62208, -4.00201],
							[119.62255, -4.00288],
							[119.62411, -4.00361],
							[119.6231, -4.00769],
							[119.62622, -4.00806],
							[119.62604, -4.0104],
							[119.62922, -4.01077],
							[119.63018, -4.01145],
							[119.63279, -4.00978],
							[119.63316, -4.00995],
							[119.63352, -4.01102],
							[119.63566, -4.01142],
							[119.63803, -4.00964],
							[119.63812, -4.00807],
							[119.63892, -4.00654],
							[119.6404, -4.00585],
							[119.64532, -4.00213],
							[119.6476, -3.99856]
						]
					],
					[
						[
							[119.6219095, -4.0184325],
							[119.6219863, -4.0186452],
							[119.6220953, -4.0186061],
							[119.6220185, -4.0183934],
							[119.6219095, -4.0184325]
						]
					]
				]
			}
		},
		{
			"type": "Feature",
			"properties": {
				"slug": "selayar--benteng",
				"nama": "Benteng",
				"kabkota": "selayar",
				"osm": "relation/9448475",
				"pusat": [-6.119705624999999, 120.46188604166669]
			},
			"geometry": {
				"type": "MultiPolygon",
				"coordinates": [
					[
						[
							[120.46859, -6.09259],
							[120.47038, -6.11188],
							[120.47246, -6.11393],
							[120.47226, -6.11608],
							[120.4707, -6.12042],
							[120.47029, -6.124],
							[120.46893, -6.12554],
							[120.4685, -6.12661],
							[120.46831, -6.13084],
							[120.46673, -6.13058],
							[120.4668, -6.12911],
							[120.46655, -6.12885],
							[120.46548, -6.12983],
							[120.46457, -6.12917],
							[120.46323, -6.13],
							[120.46292, -6.12911],
							[120.4626, -6.12903],
							[120.46192, -6.12929],
							[120.4616, -6.13027],
							[120.46073, -6.13065],
							[120.46023, -6.1303],
							[120.46003, -6.12955],
							[120.45922, -6.12967],
							[120.45765, -6.12837],
							[120.45382, -6.12864],
							[120.45575, -6.1236],
							[120.45443, -6.12307],
							[120.45451, -6.12283],
							[120.4558, -6.12347],
							[120.45666, -6.1207],
							[120.45655, -6.11999],
							[120.4549, -6.11941],
							[120.45572, -6.11961],
							[120.456, -6.11849],
							[120.45443, -6.11801],
							[120.45404, -6.11752],
							[120.45449, -6.11795],
							[120.45599, -6.11835],
							[120.45689, -6.11732],
							[120.45701, -6.11631],
							[120.4576, -6.11548],
							[120.45998, -6.1132],
							[120.46311, -6.10887],
							[120.46446, -6.10372],
							[120.46504, -6.09724],
							[120.4662, -6.092],
							[120.46788, -6.09183],
							[120.46859, -6.09259]
						]
					],
					[
						[
							[120.4576549, -6.1187207],
							[120.4578037, -6.1187765],
							[120.4577653, -6.1188778],
							[120.4576165, -6.118822],
							[120.4576549, -6.1187207]
						]
					]
				]
			}
		},
		{
			"type": "Feature",
			"properties": {
				"slug": "selayar--bontoharu",
				"nama": "Bontoharu",
				"kabkota": "selayar",
				"osm": "relation/9448480",
				"pusat": [-6.156148888888891, 120.49156714285711]
			},
			"geometry": {
				"type": "MultiPolygon",
				"coordinates": [
					[
						[
							[120.45382, -6.12864],
							[120.45053, -6.1351],
							[120.44874, -6.13981],
							[120.44899, -6.14136],
							[120.45109, -6.14299],
							[120.44891, -6.15372],
							[120.44891, -6.1579],
							[120.44744, -6.15935],
							[120.44662, -6.15957],
							[120.44685, -6.16005],
							[120.44616, -6.1636],
							[120.44302, -6.16461],
							[120.44247, -6.16529],
							[120.44179, -6.16494],
							[120.44024, -6.1649],
							[120.43377, -6.16667],
							[120.43293, -6.16629],
							[120.43252, -6.16678],
							[120.43327, -6.16732],
							[120.43322, -6.16827],
							[120.43066, -6.16837],
							[120.43033, -6.16894],
							[120.43031, -6.16945],
							[120.43109, -6.1703],
							[120.43135, -6.17194],
							[120.4325, -6.17426],
							[120.43217, -6.17543],
							[120.4315, -6.17651],
							[120.43083, -6.17658],
							[120.43072, -6.17761],
							[120.42977, -6.17724],
							[120.4273, -6.1787],
							[120.42659, -6.17955],
							[120.42643, -6.18056],
							[120.42667, -6.18131],
							[120.42792, -6.18144],
							[120.42876, -6.18033],
							[120.42903, -6.1792],
							[120.43055, -6.17967],
							[120.43035, -6.18031],
							[120.42946, -6.18032],
							[120.42936, -6.18256],
							[120.42855, -6.18634],
							[120.42978, -6.18807],
							[120.43718, -6.19231],
							[120.43805, -6.19252],
							[120.43918, -6.19214],
							[120.43998, -6.19243],
							[120.44206, -6.19587],
							[120.44446, -6.19843],
							[120.44428, -6.19925],
							[120.4449, -6.20012],
							[120.45131, -6.19798],
							[120.4547, -6.1962],
							[120.46221, -6.19308],
							[120.46854, -6.19168],
							[120.47196, -6.19248],
							[120.47933, -6.19165],
							[120.48671, -6.19169],
							[120.4946, -6.1929],
							[120.49572, -6.19363],
							[120.49739, -6.19394],
							[120.49811, -6.19471],
							[120.50155, -6.20104],
							[120.50214, -6.20125],
							[120.50299, -6.20086],
							[120.50449, -6.19562],
							[120.50566, -6.19449],
							[120.50638, -6.19413],
							[120.51058, -6.19384],
							[120.51485, -6.18922],
							[120.51664, -6.18869],
							[120.51869, -6.18921],
							[120.5267, -6.20078],
							[120.52886, -6.2019],
							[120.5303, -6.20199],
							[120.53078, -6.20131],
							[120.53108, -6.1997],
							[120.53069, -6.19819],
							[120.53106, -6.19698],
							[120.53158, -6.19685],
							[120.53164, -6.19585],
							[120.53123, -6.19354],
							[120.53079, -6.19329],
							[120.53017, -6.19053],
							[120.52875, -6.1884],
							[120.52926, -6.18597],
							[120.53044, -6.18503],
							[120.53083, -6.18372],
							[120.53135, -6.18321],
							[120.53136, -6.18126],
							[120.53209, -6.17908],
							[120.53338, -6.17851],
							[120.53367, -6.17805],
							[120.5338, -6.17593],
							[120.53308, -6.17421],
							[120.53357, -6.1739],
							[120.5339, -6.17422],
							[120.53537, -6.17391],
							[120.53696, -6.17165],
							[120.53676, -6.17048],
							[120.53606, -6.16975],
							[120.53632, -6.16906],
							[120.53734, -6.16847],
							[120.53737, -6.16697],
							[120.53857, -6.16454],
							[120.53922, -6.1597],
							[120.53897, -6.15729],
							[120.54117, -6.15533],
							[120.54171, -6.15535],
							[120.54165, -6.15568],
							[120.54251, -6.15567],
							[120.54269, -6.1554],
							[120.54188, -6.15192],
							[120.54338, -6.14853],
							[120.54381, -6.1483],
							[120.54418, -6.14853],
							[120.54554, -6.14683],
							[120.54564, -6.14536],
							[120.54596, -6.14519],
							[120.5462, -6.14377],
							[120.54589, -6.14376],
							[120.54581, -6.14328],
							[120.54686, -6.13928],
							[120.54657, -6.13911],
							[120.5467, -6.13808],
							[120.54698, -6.13715],
							[120.54738, -6.13665],
							[120.54778, -6.13665],
							[120.54863, -6.13553],
							[120.54825, -6.13361],
							[120.54912, -6.13219],
							[120.5492, -6.13118],
							[120.54876, -6.13044],
							[120.54854, -6.12905],
							[120.54772, -6.12844],
							[120.54687, -6.12866],
							[120.54665, -6.12814],
							[120.54507, -6.12714],
							[120.54241, -6.12616],
							[120.54136, -6.12618],
							[120.54089, -6.12483],
							[120.53976, -6.12436],
							[120.53837, -6.12243],
							[120.53235, -6.11364],
							[120.53161, -6.106],
							[120.52369, -6.10308],
							[120.52032, -6.10002],
							[120.51439, -6.09965],
							[120.51176, -6.09781],
							[120.50958, -6.09487],
							[120.50659, -6.09354],
							[120.49873, -6.09401],
							[120.49287, -6.09521],
							[120.48737, -6.09551],
							[120.48541, -6.09518],
							[120.48373, -6.09592],
							[120.48334, -6.09572],
							[120.48169, -6.09615],
							[120.48077, -6.09532],
							[120.47952, -6.09505],
							[120.47771, -6.09555],
							[120.47553, -6.0954],
							[120.47163, -6.09431],
							[120.46859, -6.09259],
							[120.47038, -6.11188],
							[120.47246, -6.11393],
							[120.47226, -6.11608],
							[120.4707, -6.12042],
							[120.47029, -6.124],
							[120.46893, -6.12554],
							[120.4685, -6.12661],
							[120.46831, -6.13084],
							[120.46673, -6.13058],
							[120.4668, -6.12911],
							[120.46655, -6.12885],
							[120.46548, -6.12983],
							[120.46457, -6.12917],
							[120.46323, -6.13],
							[120.46292, -6.12911],
							[120.4626, -6.12903],
							[120.46192, -6.12929],
							[120.4616, -6.13027],
							[120.46073, -6.13065],
							[120.46023, -6.1303],
							[120.46003, -6.12955],
							[120.45922, -6.12967],
							[120.45765, -6.12837],
							[120.45382, -6.12864]
						]
					],
					[
						[
							[120.42157, -6.11606],
							[120.4203, -6.11642],
							[120.41705, -6.11608],
							[120.41618, -6.11521],
							[120.41498, -6.11489],
							[120.41451, -6.11512],
							[120.41373, -6.1169],
							[120.41267, -6.11768],
							[120.41292, -6.1181],
							[120.41254, -6.12009],
							[120.4086, -6.12275],
							[120.40825, -6.125],
							[120.40755, -6.1254],
							[120.40726, -6.12748],
							[120.40649, -6.12806],
							[120.40477, -6.1366],
							[120.40156, -6.15599],
							[120.40096, -6.15616],
							[120.40014, -6.15995],
							[120.39744, -6.16129],
							[120.3971, -6.16227],
							[120.39572, -6.16255],
							[120.39448, -6.16766],
							[120.39477, -6.1693],
							[120.39476, -6.17284],
							[120.39448, -6.17318],
							[120.39399, -6.17293],
							[120.39386, -6.17316],
							[120.39405, -6.17481],
							[120.39317, -6.17642],
							[120.39315, -6.18005],
							[120.39251, -6.18031],
							[120.39471, -6.1865],
							[120.39684, -6.19809],
							[120.3989, -6.20162],
							[120.39898, -6.20255],
							[120.39945, -6.20197],
							[120.40177, -6.20118],
							[120.40272, -6.20185],
							[120.40308, -6.20281],
							[120.40467, -6.20186],
							[120.40695, -6.20229],
							[120.40865, -6.203],
							[120.41081, -6.20738],
							[120.41171, -6.20716],
							[120.41478, -6.20899],
							[120.41552, -6.20847],
							[120.41761, -6.20838],
							[120.41869, -6.20753],
							[120.41995, -6.20737],
							[120.42181, -6.20361],
							[120.4223, -6.20314],
							[120.42268, -6.20193],
							[120.42468, -6.19985],
							[120.42666, -6.19669],
							[120.42569, -6.1946],
							[120.4255, -6.19155],
							[120.42328, -6.18805],
							[120.42241, -6.18739],
							[120.4212, -6.18704],
							[120.42081, -6.18591],
							[120.41983, -6.18504],
							[120.41979, -6.18414],
							[120.4189, -6.18221],
							[120.41968, -6.17917],
							[120.42031, -6.1784],
							[120.4204, -6.17612],
							[120.42181, -6.17465],
							[120.42221, -6.17227],
							[120.42154, -6.17231],
							[120.42157, -6.17175],
							[120.42083, -6.17093],
							[120.42024, -6.16939],
							[120.4204, -6.16894],
							[120.41983, -6.16569],
							[120.41835, -6.16151],
							[120.41804, -6.15899],
							[120.41702, -6.15758],
							[120.41669, -6.15597],
							[120.41666, -6.15539],
							[120.41767, -6.15286],
							[120.41671, -6.14865],
							[120.4167, -6.14432],
							[120.41638, -6.14254],
							[120.41677, -6.13826],
							[120.42112, -6.13174],
							[120.42151, -6.1289],
							[120.41922, -6.12312],
							[120.4198, -6.12307],
							[120.42037, -6.12204],
							[120.42254, -6.1203],
							[120.42311, -6.12108],
							[120.42329, -6.12223],
							[120.42382, -6.12239],
							[120.42431, -6.12224],
							[120.42494, -6.12101],
							[120.42714, -6.1197],
							[120.42882, -6.1149],
							[120.42923, -6.11402],
							[120.42981, -6.11365],
							[120.42954, -6.11303],
							[120.43006, -6.11197],
							[120.43163, -6.11048],
							[120.43258, -6.11073],
							[120.43278, -6.10799],
							[120.43246, -6.10664],
							[120.43132, -6.10596],
							[120.43022, -6.10612],
							[120.42896, -6.1058],
							[120.42817, -6.10613],
							[120.42613, -6.10798],
							[120.42542, -6.10796],
							[120.42548, -6.10851],
							[120.4236, -6.11234],
							[120.42244, -6.11577],
							[120.42157, -6.11606]
						]
					],
					[
						[
							[120.41961, -6.11381],
							[120.42083, -6.11397],
							[120.42113, -6.11373],
							[120.4203, -6.11351],
							[120.41961, -6.11381]
						]
					],
					[
						[
							[120.40519, -6.20425],
							[120.40508, -6.20429],
							[120.40486, -6.20451],
							[120.40487, -6.20457],
							[120.40481, -6.20463],
							[120.40495, -6.20476],
							[120.40508, -6.20471],
							[120.40507, -6.20461],
							[120.40518, -6.20458],
							[120.40524, -6.20449],
							[120.4052, -6.20435],
							[120.40519, -6.20425]
						]
					],
					[
						[
							[120.45196, -6.14725],
							[120.45194, -6.14741],
							[120.45211, -6.14743],
							[120.45212, -6.14739],
							[120.45216, -6.14739],
							[120.45216, -6.14733],
							[120.45213, -6.14732],
							[120.45213, -6.14727],
							[120.45196, -6.14725]
						]
					]
				]
			}
		},
		{
			"type": "Feature",
			"properties": {
				"slug": "selayar--bontomanai",
				"nama": "Bontomanai",
				"kabkota": "selayar",
				"osm": "relation/9448479",
				"pusat": [-6.0526328624535335, 120.5284540520446]
			},
			"geometry": {
				"type": "MultiPolygon",
				"coordinates": [
					[
						[
							[120.45235, -6.01033],
							[120.45271, -6.01138],
							[120.45239, -6.01466],
							[120.45161, -6.01851],
							[120.4499, -6.02205],
							[120.44918, -6.02516],
							[120.44842, -6.03428],
							[120.44836, -6.03727],
							[120.44872, -6.04026],
							[120.45, -6.04367],
							[120.45319, -6.04814],
							[120.4538, -6.05286],
							[120.45365, -6.05433],
							[120.45103, -6.05841],
							[120.4509, -6.06199],
							[120.45217, -6.06788],
							[120.45489, -6.07659],
							[120.45667, -6.07888],
							[120.4574, -6.08103],
							[120.45841, -6.0819],
							[120.46057, -6.08539],
							[120.46536, -6.08913],
							[120.46594, -6.09191],
							[120.46788, -6.09183],
							[120.46859, -6.09259],
							[120.47163, -6.09431],
							[120.47553, -6.0954],
							[120.47771, -6.09555],
							[120.47952, -6.09505],
							[120.48077, -6.09532],
							[120.48169, -6.09615],
							[120.48334, -6.09572],
							[120.48373, -6.09592],
							[120.48541, -6.09518],
							[120.48737, -6.09551],
							[120.49287, -6.09521],
							[120.49873, -6.09401],
							[120.50659, -6.09354],
							[120.50958, -6.09487],
							[120.51176, -6.09781],
							[120.51439, -6.09965],
							[120.52032, -6.10002],
							[120.52369, -6.10308],
							[120.53161, -6.106],
							[120.53235, -6.11364],
							[120.53967, -6.12416],
							[120.54073, -6.12279],
							[120.54194, -6.12343],
							[120.54302, -6.12288],
							[120.54681, -6.12354],
							[120.54987, -6.12295],
							[120.55049, -6.12327],
							[120.55075, -6.12308],
							[120.55118, -6.12253],
							[120.55146, -6.12123],
							[120.55029, -6.11835],
							[120.54874, -6.11684],
							[120.54825, -6.11676],
							[120.54803, -6.11604],
							[120.54703, -6.11508],
							[120.54626, -6.11489],
							[120.5454, -6.11341],
							[120.54546, -6.11275],
							[120.54491, -6.11247],
							[120.54443, -6.11166],
							[120.54478, -6.11053],
							[120.54414, -6.10896],
							[120.54448, -6.10878],
							[120.54511, -6.10688],
							[120.54571, -6.10653],
							[120.54721, -6.10657],
							[120.54713, -6.10616],
							[120.54743, -6.10593],
							[120.54854, -6.10643],
							[120.54953, -6.10633],
							[120.5503, -6.10703],
							[120.55148, -6.10706],
							[120.55291, -6.10836],
							[120.55392, -6.10709],
							[120.55428, -6.10602],
							[120.55414, -6.10519],
							[120.55472, -6.10466],
							[120.55518, -6.1008],
							[120.55502, -6.10018],
							[120.55574, -6.09716],
							[120.5557, -6.09388],
							[120.55531, -6.09317],
							[120.55486, -6.09358],
							[120.55458, -6.09342],
							[120.55414, -6.09244],
							[120.55444, -6.09162],
							[120.55287, -6.09076],
							[120.55269, -6.09019],
							[120.55355, -6.08869],
							[120.55426, -6.08871],
							[120.55473, -6.08958],
							[120.55516, -6.08977],
							[120.5562, -6.09001],
							[120.55658, -6.08956],
							[120.55702, -6.08774],
							[120.55683, -6.08459],
							[120.55746, -6.08405],
							[120.55759, -6.08345],
							[120.55744, -6.08106],
							[120.55662, -6.07904],
							[120.55574, -6.07852],
							[120.55508, -6.07873],
							[120.55516, -6.07799],
							[120.55426, -6.07737],
							[120.55188, -6.07661],
							[120.55168, -6.07479],
							[120.55391, -6.07539],
							[120.55626, -6.07525],
							[120.5566, -6.07553],
							[120.55701, -6.07513],
							[120.55648, -6.07428],
							[120.55503, -6.07359],
							[120.55489, -6.07325],
							[120.55508, -6.07287],
							[120.55569, -6.07269],
							[120.556, -6.07181],
							[120.5576, -6.07066],
							[120.55672, -6.06906],
							[120.55705, -6.06887],
							[120.55715, -6.0679],
							[120.5557, -6.06588],
							[120.55599, -6.06542],
							[120.55523, -6.06436],
							[120.55531, -6.06369],
							[120.55598, -6.06341],
							[120.55736, -6.06419],
							[120.55893, -6.06357],
							[120.55943, -6.06395],
							[120.55898, -6.06472],
							[120.56024, -6.0649],
							[120.56227, -6.06635],
							[120.56279, -6.06596],
							[120.56294, -6.06528],
							[120.5624, -6.06448],
							[120.56241, -6.06382],
							[120.56461, -6.06283],
							[120.56721, -6.05765],
							[120.56755, -6.05757],
							[120.56843, -6.05595],
							[120.56829, -6.05321],
							[120.56767, -6.05253],
							[120.56743, -6.05132],
							[120.56672, -6.05104],
							[120.56575, -6.04986],
							[120.56605, -6.04887],
							[120.56643, -6.04852],
							[120.56682, -6.04864],
							[120.5671, -6.04797],
							[120.56661, -6.04451],
							[120.56703, -6.04115],
							[120.56659, -6.04063],
							[120.56651, -6.03728],
							[120.56584, -6.03686],
							[120.56648, -6.03549],
							[120.56568, -6.03496],
							[120.56616, -6.03429],
							[120.56616, -6.03373],
							[120.56596, -6.03271],
							[120.56531, -6.03231],
							[120.56556, -6.03128],
							[120.56486, -6.03063],
							[120.565, -6.02911],
							[120.56464, -6.02862],
							[120.56487, -6.02815],
							[120.56444, -6.0279],
							[120.56423, -6.02726],
							[120.56469, -6.02578],
							[120.56427, -6.02451],
							[120.56373, -6.02452],
							[120.56362, -6.02422],
							[120.56406, -6.02364],
							[120.56387, -6.0218],
							[120.56415, -6.02141],
							[120.56384, -6.0201],
							[120.56305, -6.0198],
							[120.56322, -6.01923],
							[120.56219, -6.01655],
							[120.56202, -6.01453],
							[120.56166, -6.01349],
							[120.56083, -6.01286],
							[120.56144, -6.01174],
							[120.55958, -6.00474],
							[120.55953, -6.00257],
							[120.559, -6.00211],
							[120.55927, -6.00132],
							[120.55912, -6.00055],
							[120.55865, -6.0002],
							[120.55906, -5.99967],
							[120.55902, -5.99884],
							[120.5586, -5.99841],
							[120.55897, -5.99786],
							[120.55881, -5.99495],
							[120.55795, -5.99429],
							[120.55834, -5.99388],
							[120.55879, -5.99391],
							[120.55869, -5.99219],
							[120.55846, -5.99131],
							[120.55772, -5.99063],
							[120.55648, -5.98801],
							[120.55565, -5.98751],
							[120.55505, -5.9858],
							[120.55461, -5.98558],
							[120.55269, -5.98952],
							[120.55243, -5.99123],
							[120.55123, -5.99266],
							[120.55079, -5.99446],
							[120.5432, -5.99859],
							[120.54236, -5.99987],
							[120.54153, -6.00033],
							[120.53917, -6.00577],
							[120.53818, -6.00683],
							[120.53258, -6.00934],
							[120.53077, -6.00894],
							[120.52393, -6.01069],
							[120.52295, -6.01061],
							[120.52141, -6.01101],
							[120.51291, -6.0147],
							[120.5124, -6.01521],
							[120.51028, -6.01542],
							[120.5098, -6.01601],
							[120.50574, -6.01534],
							[120.50423, -6.01435],
							[120.50116, -6.01491],
							[120.49839, -6.01435],
							[120.497, -6.01494],
							[120.49329, -6.0152],
							[120.49059, -6.0138],
							[120.48861, -6.01412],
							[120.48722, -6.0137],
							[120.48424, -6.01374],
							[120.48371, -6.01343],
							[120.4836, -6.01198],
							[120.48295, -6.01156],
							[120.48253, -6.01078],
							[120.4812, -6.0117],
							[120.48105, -6.01318],
							[120.47991, -6.01239],
							[120.47944, -6.01289],
							[120.47869, -6.01281],
							[120.47709, -6.01164],
							[120.47645, -6.01285],
							[120.47615, -6.01293],
							[120.47563, -6.01163],
							[120.47622, -6.01018],
							[120.47557, -6.01031],
							[120.47417, -6.01164],
							[120.47286, -6.01081],
							[120.47377, -6.00988],
							[120.47286, -6.00933],
							[120.47042, -6.01128],
							[120.46983, -6.01124],
							[120.46902, -6.01053],
							[120.46671, -6.01032],
							[120.46635, -6.01048],
							[120.46671, -6.01136],
							[120.46627, -6.01161],
							[120.46398, -6.01088],
							[120.46302, -6.01096],
							[120.4627, -6.01146],
							[120.46113, -6.0115],
							[120.46019, -6.01099],
							[120.4568, -6.01305],
							[120.45334, -6.01064],
							[120.45235, -6.01033]
						]
					],
					[
						[
							[120.5583, -6.07062],
							[120.55809, -6.07036],
							[120.55801, -6.07064],
							[120.5583, -6.07062]
						]
					],
					[
						[
							[120.4778, -6.02655],
							[120.47811, -6.02654],
							[120.47813, -6.02709],
							[120.47782, -6.0271],
							[120.4778, -6.02655]
						]
					]
				]
			}
		},
		{
			"type": "Feature",
			"properties": {
				"slug": "selayar--bontomatene",
				"nama": "Bontomatene",
				"kabkota": "selayar",
				"osm": "relation/9448476",
				"pusat": [-5.869047777777777, 120.50862954545457]
			},
			"geometry": {
				"type": "MultiPolygon",
				"coordinates": [
					[
						[
							[120.54373, -5.94257],
							[120.54402, -5.94026],
							[120.54312, -5.93741],
							[120.54345, -5.93567],
							[120.54096, -5.93174],
							[120.54033, -5.9313],
							[120.53941, -5.93128],
							[120.53844, -5.93168],
							[120.53811, -5.93136],
							[120.5387, -5.92986],
							[120.53809, -5.92805],
							[120.53712, -5.9264],
							[120.53638, -5.92363],
							[120.53588, -5.92368],
							[120.53559, -5.92296],
							[120.5358, -5.92229],
							[120.53558, -5.92152],
							[120.53491, -5.92112],
							[120.53528, -5.92043],
							[120.53502, -5.92021],
							[120.53516, -5.91976],
							[120.53452, -5.91942],
							[120.53498, -5.91791],
							[120.53549, -5.91756],
							[120.53516, -5.91684],
							[120.53486, -5.91316],
							[120.53427, -5.91295],
							[120.53467, -5.91243],
							[120.53323, -5.91207],
							[120.533, -5.91162],
							[120.53323, -5.91042],
							[120.53443, -5.90983],
							[120.53398, -5.90911],
							[120.53435, -5.90818],
							[120.53404, -5.90714],
							[120.53328, -5.90696],
							[120.53381, -5.90598],
							[120.53336, -5.90518],
							[120.53258, -5.90518],
							[120.53235, -5.90358],
							[120.53272, -5.90233],
							[120.53219, -5.90045],
							[120.53349, -5.89442],
							[120.53276, -5.89353],
							[120.53324, -5.89239],
							[120.53265, -5.89075],
							[120.53268, -5.88953],
							[120.53302, -5.88867],
							[120.5344, -5.88885],
							[120.53481, -5.88839],
							[120.53448, -5.88492],
							[120.53477, -5.88469],
							[120.53422, -5.88355],
							[120.53347, -5.87938],
							[120.53373, -5.87716],
							[120.53347, -5.87656],
							[120.53395, -5.87539],
							[120.53308, -5.87437],
							[120.53257, -5.87197],
							[120.5325, -5.87114],
							[120.5331, -5.87085],
							[120.53228, -5.86941],
							[120.53186, -5.86932],
							[120.53108, -5.8661],
							[120.5303, -5.86549],
							[120.53012, -5.86389],
							[120.52942, -5.86359],
							[120.52942, -5.86314],
							[120.52869, -5.8626],
							[120.5286, -5.86191],
							[120.52817, -5.86154],
							[120.52822, -5.8602],
							[120.52737, -5.85942],
							[120.52606, -5.85101],
							[120.52633, -5.8492],
							[120.52753, -5.84717],
							[120.52727, -5.84668],
							[120.53039, -5.84468],
							[120.53038, -5.84442],
							[120.52999, -5.8443],
							[120.52825, -5.84123],
							[120.52762, -5.841],
							[120.52694, -5.8402],
							[120.52554, -5.8359],
							[120.52468, -5.83474],
							[120.5234, -5.83524],
							[120.52181, -5.83638],
							[120.5183, -5.83753],
							[120.5174, -5.83729],
							[120.51767, -5.83494],
							[120.51721, -5.83501],
							[120.51756, -5.83553],
							[120.51743, -5.83649],
							[120.51556, -5.83594],
							[120.51543, -5.83541],
							[120.51322, -5.83263],
							[120.5115, -5.82768],
							[120.51096, -5.82734],
							[120.5108, -5.8259],
							[120.50781, -5.82322],
							[120.50761, -5.82197],
							[120.50715, -5.82175],
							[120.50725, -5.8204],
							[120.50627, -5.81854],
							[120.50632, -5.81773],
							[120.50587, -5.8179],
							[120.50522, -5.81764],
							[120.50398, -5.81596],
							[120.50367, -5.81458],
							[120.50241, -5.81275],
							[120.50114, -5.80953],
							[120.50211, -5.8067],
							[120.50165, -5.80584],
							[120.50194, -5.8055],
							[120.50151, -5.80495],
							[120.50164, -5.8045],
							[120.50103, -5.80381],
							[120.50138, -5.80123],
							[120.50257, -5.79828],
							[120.50665, -5.79211],
							[120.50715, -5.79181],
							[120.5085, -5.79203],
							[120.50715, -5.79098],
							[120.50691, -5.78661],
							[120.50566, -5.78264],
							[120.50233, -5.77918],
							[120.4992, -5.7776],
							[120.4985, -5.77545],
							[120.49797, -5.77143],
							[120.49687, -5.76887],
							[120.49514, -5.76798],
							[120.49301, -5.76757],
							[120.48803, -5.76764],
							[120.48333, -5.76832],
							[120.48206, -5.76883],
							[120.48097, -5.7702],
							[120.47891, -5.77175],
							[120.47622, -5.77293],
							[120.47581, -5.77356],
							[120.47498, -5.77368],
							[120.4733, -5.7773],
							[120.46929, -5.78184],
							[120.46876, -5.78206],
							[120.46645, -5.78769],
							[120.46572, -5.78816],
							[120.46512, -5.78802],
							[120.46508, -5.78774],
							[120.46402, -5.78847],
							[120.46276, -5.79008],
							[120.46164, -5.79229],
							[120.46131, -5.79366],
							[120.46052, -5.79957],
							[120.45918, -5.82243],
							[120.458, -5.82426],
							[120.45758, -5.82626],
							[120.45719, -5.8267],
							[120.45574, -5.84285],
							[120.45528, -5.84379],
							[120.45323, -5.84579],
							[120.45263, -5.85472],
							[120.45236, -5.87223],
							[120.45258, -5.88844],
							[120.45235, -5.89247],
							[120.45158, -5.89362],
							[120.45076, -5.90426],
							[120.44995, -5.90855],
							[120.44779, -5.91584],
							[120.44676, -5.9241],
							[120.44644, -5.92899],
							[120.44668, -5.93621],
							[120.44557, -5.95172],
							[120.44517, -5.9596],
							[120.44533, -5.96218],
							[120.44562, -5.96188],
							[120.44916, -5.96153],
							[120.4562, -5.96173],
							[120.45925, -5.96212],
							[120.46168, -5.96188],
							[120.46754, -5.96244],
							[120.47373, -5.96152],
							[120.48427, -5.96315],
							[120.48871, -5.96237],
							[120.49229, -5.96215],
							[120.49789, -5.96232],
							[120.50289, -5.96101],
							[120.5201, -5.95904],
							[120.52406, -5.95831],
							[120.53207, -5.95441],
							[120.53368, -5.95251],
							[120.53455, -5.95192],
							[120.53478, -5.9503],
							[120.53633, -5.95043],
							[120.53772, -5.94929],
							[120.53824, -5.94707],
							[120.53865, -5.94673],
							[120.53852, -5.94611],
							[120.54026, -5.94439],
							[120.54373, -5.94257]
						]
					],
					[
						[
							[120.48139, -5.7528],
							[120.48331, -5.75455],
							[120.48531, -5.75535],
							[120.48656, -5.75472],
							[120.48753, -5.75356],
							[120.49086, -5.75322],
							[120.49266, -5.75216],
							[120.49277, -5.75151],
							[120.4918, -5.749],
							[120.48954, -5.74448],
							[120.48917, -5.74214],
							[120.48973, -5.74128],
							[120.48996, -5.73977],
							[120.48913, -5.73822],
							[120.48596, -5.73951],
							[120.48336, -5.73992],
							[120.48202, -5.73972],
							[120.47988, -5.73883],
							[120.47926, -5.73891],
							[120.47805, -5.73979],
							[120.47508, -5.74292],
							[120.47412, -5.74456],
							[120.47357, -5.74589],
							[120.47355, -5.74892],
							[120.4746, -5.75069],
							[120.47726, -5.75227],
							[120.48139, -5.7528]
						]
					],
					[
						[
							[120.44795, -5.92671],
							[120.4481, -5.92665],
							[120.44815, -5.92678],
							[120.44819, -5.92677],
							[120.44824, -5.9269],
							[120.44805, -5.92698],
							[120.44795, -5.92671]
						]
					]
				]
			}
		},
		{
			"type": "Feature",
			"properties": {
				"slug": "selayar--bontosikuyu",
				"nama": "Bontosikuyu",
				"kabkota": "selayar",
				"osm": "relation/9448474",
				"pusat": [-6.332655582329312, 120.49272624497995]
			},
			"geometry": {
				"type": "MultiPolygon",
				"coordinates": [
					[
						[
							[120.53284, -6.24657],
							[120.53233, -6.24657],
							[120.53036, -6.24517],
							[120.52985, -6.24367],
							[120.53016, -6.24131],
							[120.53131, -6.24066],
							[120.53028, -6.2394],
							[120.52994, -6.23771],
							[120.53094, -6.23683],
							[120.5313, -6.23543],
							[120.52945, -6.2336],
							[120.52813, -6.23332],
							[120.52783, -6.23257],
							[120.52784, -6.23187],
							[120.52834, -6.23106],
							[120.52918, -6.23065],
							[120.52934, -6.22962],
							[120.52859, -6.22909],
							[120.52745, -6.22912],
							[120.5269, -6.22843],
							[120.52587, -6.22421],
							[120.52455, -6.22353],
							[120.52429, -6.22294],
							[120.52451, -6.22202],
							[120.52534, -6.2212],
							[120.52679, -6.22089],
							[120.52788, -6.22177],
							[120.52953, -6.22155],
							[120.53039, -6.22089],
							[120.52992, -6.21963],
							[120.52862, -6.21957],
							[120.52804, -6.21991],
							[120.52768, -6.2197],
							[120.52664, -6.21791],
							[120.52771, -6.21529],
							[120.52859, -6.21504],
							[120.52981, -6.21537],
							[120.52996, -6.21506],
							[120.52935, -6.21407],
							[120.52967, -6.21368],
							[120.52912, -6.21212],
							[120.5281, -6.21155],
							[120.52666, -6.20785],
							[120.52824, -6.20524],
							[120.52995, -6.20461],
							[120.53038, -6.20373],
							[120.53078, -6.20131],
							[120.5303, -6.20199],
							[120.52886, -6.2019],
							[120.5267, -6.20078],
							[120.51869, -6.18921],
							[120.51664, -6.18869],
							[120.51485, -6.18922],
							[120.51058, -6.19384],
							[120.50638, -6.19413],
							[120.50566, -6.19449],
							[120.50449, -6.19562],
							[120.50299, -6.20086],
							[120.50214, -6.20125],
							[120.50155, -6.20104],
							[120.49811, -6.19471],
							[120.49739, -6.19394],
							[120.49572, -6.19363],
							[120.4946, -6.1929],
							[120.49023, -6.19203],
							[120.48671, -6.19169],
							[120.47933, -6.19165],
							[120.47196, -6.19248],
							[120.46854, -6.19168],
							[120.46221, -6.19308],
							[120.4547, -6.1962],
							[120.45131, -6.19798],
							[120.4449, -6.20012],
							[120.44412, -6.20099],
							[120.44486, -6.20217],
							[120.44461, -6.20262],
							[120.44515, -6.20318],
							[120.44506, -6.20406],
							[120.4457, -6.20453],
							[120.44617, -6.20609],
							[120.44583, -6.20623],
							[120.44617, -6.20655],
							[120.44584, -6.20757],
							[120.44523, -6.20792],
							[120.44581, -6.20944],
							[120.4469, -6.21097],
							[120.44629, -6.2117],
							[120.44632, -6.21219],
							[120.44668, -6.21216],
							[120.44685, -6.21249],
							[120.44636, -6.21343],
							[120.44692, -6.21371],
							[120.44672, -6.21384],
							[120.44696, -6.21579],
							[120.44739, -6.21605],
							[120.44594, -6.22263],
							[120.44561, -6.22565],
							[120.44533, -6.22586],
							[120.44596, -6.23206],
							[120.4459, -6.23666],
							[120.44694, -6.23953],
							[120.44673, -6.24121],
							[120.44744, -6.24179],
							[120.44739, -6.24545],
							[120.44781, -6.24577],
							[120.44713, -6.24657],
							[120.44595, -6.24929],
							[120.4455, -6.24928],
							[120.44522, -6.24991],
							[120.44456, -6.24961],
							[120.4444, -6.24988],
							[120.44492, -6.25032],
							[120.44453, -6.25286],
							[120.44398, -6.25311],
							[120.44395, -6.25472],
							[120.44348, -6.25516],
							[120.44341, -6.25588],
							[120.44243, -6.2563],
							[120.44365, -6.25816],
							[120.4433, -6.2591],
							[120.44458, -6.26006],
							[120.44458, -6.26099],
							[120.44515, -6.26184],
							[120.44512, -6.26361],
							[120.44578, -6.26456],
							[120.4457, -6.26662],
							[120.44653, -6.26642],
							[120.44713, -6.26668],
							[120.44784, -6.26832],
							[120.44871, -6.2685],
							[120.44971, -6.26739],
							[120.45083, -6.26755],
							[120.45416, -6.26577],
							[120.45677, -6.26677],
							[120.45782, -6.26656],
							[120.45951, -6.26779],
							[120.46237, -6.26754],
							[120.46298, -6.26792],
							[120.46507, -6.26764],
							[120.47193, -6.27062],
							[120.47363, -6.2725],
							[120.47478, -6.2765],
							[120.47806, -6.27731],
							[120.47899, -6.27833],
							[120.48024, -6.28088],
							[120.48103, -6.28408],
							[120.48002, -6.28881],
							[120.47916, -6.29066],
							[120.47935, -6.29075],
							[120.47813, -6.29227],
							[120.47601, -6.29626],
							[120.47388, -6.29904],
							[120.4728, -6.29966],
							[120.47144, -6.29928],
							[120.47181, -6.30034],
							[120.47223, -6.30055],
							[120.47275, -6.3016],
							[120.47299, -6.30354],
							[120.47548, -6.30452],
							[120.4767, -6.3059],
							[120.47666, -6.3063],
							[120.47741, -6.30639],
							[120.47616, -6.31317],
							[120.47641, -6.31732],
							[120.47431, -6.32385],
							[120.47351, -6.32454],
							[120.47234, -6.32798],
							[120.47258, -6.33169],
							[120.47129, -6.34132],
							[120.47141, -6.3514],
							[120.47201, -6.35366],
							[120.4722, -6.35733],
							[120.47374, -6.36223],
							[120.47318, -6.36625],
							[120.47398, -6.36769],
							[120.47409, -6.36851],
							[120.47378, -6.37029],
							[120.47344, -6.37021],
							[120.47251, -6.37296],
							[120.47264, -6.37404],
							[120.47171, -6.3817],
							[120.47104, -6.3838],
							[120.47007, -6.38518],
							[120.46595, -6.38853],
							[120.46401, -6.38909],
							[120.46334, -6.3881],
							[120.46212, -6.38716],
							[120.46211, -6.38574],
							[120.45839, -6.38297],
							[120.45776, -6.38211],
							[120.45576, -6.38223],
							[120.45507, -6.38161],
							[120.45418, -6.3816],
							[120.4543, -6.38221],
							[120.45485, -6.3826],
							[120.45472, -6.38347],
							[120.45492, -6.3829],
							[120.45542, -6.38307],
							[120.45551, -6.38336],
							[120.4549, -6.38399],
							[120.456, -6.38468],
							[120.45534, -6.38502],
							[120.45534, -6.38549],
							[120.45568, -6.38598],
							[120.456, -6.38553],
							[120.45665, -6.38686],
							[120.45647, -6.38725],
							[120.45727, -6.38701],
							[120.45756, -6.38745],
							[120.45747, -6.38808],
							[120.45777, -6.38793],
							[120.45802, -6.38832],
							[120.458, -6.38962],
							[120.4569, -6.39093],
							[120.45768, -6.39136],
							[120.45778, -6.39204],
							[120.45824, -6.39225],
							[120.45803, -6.3933],
							[120.46001, -6.39405],
							[120.46097, -6.39853],
							[120.46066, -6.39891],
							[120.46103, -6.39937],
							[120.46316, -6.39895],
							[120.46506, -6.39775],
							[120.46573, -6.39832],
							[120.46924, -6.39858],
							[120.46963, -6.39919],
							[120.46936, -6.40085],
							[120.47013, -6.40102],
							[120.46932, -6.40353],
							[120.4684, -6.40455],
							[120.46785, -6.40388],
							[120.4661, -6.40295],
							[120.46439, -6.40368],
							[120.46376, -6.40331],
							[120.46066, -6.40293],
							[120.46056, -6.40418],
							[120.45987, -6.4052],
							[120.46032, -6.40611],
							[120.46026, -6.4086],
							[120.46106, -6.41119],
							[120.46088, -6.41165],
							[120.46129, -6.41201],
							[120.46128, -6.4131],
							[120.46194, -6.41389],
							[120.46184, -6.4146],
							[120.46266, -6.41641],
							[120.46295, -6.4165],
							[120.46329, -6.41816],
							[120.46403, -6.41882],
							[120.4647, -6.42205],
							[120.46579, -6.42313],
							[120.46591, -6.42453],
							[120.46812, -6.42747],
							[120.46867, -6.4305],
							[120.46952, -6.4312],
							[120.46975, -6.43216],
							[120.47037, -6.43281],
							[120.47146, -6.4334],
							[120.47153, -6.43493],
							[120.47224, -6.43556],
							[120.47252, -6.43718],
							[120.4738, -6.43779],
							[120.47408, -6.44404],
							[120.4743, -6.44538],
							[120.47484, -6.44626],
							[120.47469, -6.44842],
							[120.47502, -6.45016],
							[120.47586, -6.45131],
							[120.47563, -6.45654],
							[120.47609, -6.45827],
							[120.47651, -6.45878],
							[120.47694, -6.46129],
							[120.47743, -6.46158],
							[120.47775, -6.46236],
							[120.47827, -6.46567],
							[120.47811, -6.47205],
							[120.47944, -6.47476],
							[120.4798, -6.47682],
							[120.47917, -6.48076],
							[120.48007, -6.4827],
							[120.47968, -6.4852],
							[120.47983, -6.48642],
							[120.48043, -6.48848],
							[120.48108, -6.48898],
							[120.48074, -6.49268],
							[120.481, -6.49307],
							[120.48092, -6.49497],
							[120.4827, -6.49749],
							[120.4829, -6.49834],
							[120.48341, -6.49847],
							[120.48498, -6.49752],
							[120.48584, -6.4962],
							[120.48617, -6.48767],
							[120.48652, -6.48758],
							[120.48756, -6.4857],
							[120.48944, -6.48429],
							[120.49113, -6.48003],
							[120.49142, -6.47349],
							[120.49189, -6.47143],
							[120.49256, -6.47027],
							[120.49292, -6.46779],
							[120.49395, -6.46642],
							[120.49648, -6.46156],
							[120.49873, -6.45966],
							[120.49985, -6.45803],
							[120.50082, -6.45722],
							[120.50082, -6.45497],
							[120.50139, -6.4518],
							[120.50298, -6.44841],
							[120.50466, -6.44721],
							[120.50821, -6.44627],
							[120.50952, -6.44476],
							[120.50996, -6.44356],
							[120.5099, -6.44238],
							[120.50787, -6.43968],
							[120.50466, -6.43848],
							[120.5028, -6.4356],
							[120.49988, -6.42847],
							[120.49933, -6.42581],
							[120.49822, -6.42289],
							[120.49833, -6.4221],
							[120.50055, -6.42037],
							[120.50085, -6.41982],
							[120.50129, -6.41829],
							[120.50126, -6.4165],
							[120.50095, -6.41545],
							[120.50034, -6.41477],
							[120.49952, -6.41212],
							[120.49795, -6.41085],
							[120.49731, -6.41077],
							[120.49631, -6.40457],
							[120.49544, -6.40428],
							[120.49454, -6.40315],
							[120.49355, -6.40294],
							[120.49312, -6.40231],
							[120.49329, -6.40044],
							[120.49306, -6.39986],
							[120.49687, -6.39745],
							[120.49676, -6.3961],
							[120.49704, -6.39567],
							[120.49644, -6.39455],
							[120.49655, -6.39365],
							[120.49557, -6.39296],
							[120.49516, -6.39221],
							[120.49566, -6.39149],
							[120.49512, -6.39138],
							[120.49558, -6.39118],
							[120.49588, -6.3917],
							[120.49573, -6.39125],
							[120.49663, -6.39101],
							[120.49793, -6.39247],
							[120.49842, -6.39407],
							[120.49934, -6.39461],
							[120.50148, -6.394],
							[120.50261, -6.39458],
							[120.50418, -6.39338],
							[120.50482, -6.39374],
							[120.50516, -6.393],
							[120.50605, -6.39269],
							[120.50654, -6.39125],
							[120.50567, -6.39058],
							[120.50524, -6.38933],
							[120.50588, -6.3886],
							[120.50638, -6.38909],
							[120.50731, -6.3891],
							[120.50778, -6.38842],
							[120.50782, -6.3869],
							[120.50739, -6.38604],
							[120.50572, -6.38514],
							[120.50547, -6.38465],
							[120.50562, -6.3809],
							[120.50607, -6.38026],
							[120.50712, -6.38007],
							[120.50963, -6.37834],
							[120.51011, -6.3777],
							[120.5101, -6.37654],
							[120.5109, -6.37449],
							[120.51178, -6.37336],
							[120.51269, -6.37351],
							[120.51343, -6.3721],
							[120.51279, -6.37066],
							[120.51264, -6.36934],
							[120.51331, -6.36881],
							[120.5135, -6.36795],
							[120.51263, -6.36683],
							[120.51129, -6.36685],
							[120.51041, -6.36637],
							[120.51059, -6.36508],
							[120.51248, -6.36425],
							[120.51235, -6.36356],
							[120.51264, -6.36317],
							[120.51391, -6.36265],
							[120.51509, -6.36275],
							[120.51562, -6.36357],
							[120.51671, -6.36344],
							[120.51826, -6.36499],
							[120.51948, -6.36564],
							[120.52074, -6.36521],
							[120.52116, -6.36475],
							[120.52135, -6.3633],
							[120.52077, -6.36048],
							[120.52146, -6.35959],
							[120.52129, -6.35863],
							[120.52171, -6.35763],
							[120.52086, -6.35687],
							[120.52088, -6.35616],
							[120.52114, -6.35553],
							[120.52268, -6.35504],
							[120.52308, -6.35352],
							[120.52279, -6.35305],
							[120.52082, -6.35281],
							[120.51998, -6.35158],
							[120.51862, -6.35132],
							[120.51748, -6.35],
							[120.51759, -6.34876],
							[120.51858, -6.34783],
							[120.51931, -6.34794],
							[120.52075, -6.3474],
							[120.52153, -6.34747],
							[120.5224, -6.34802],
							[120.52388, -6.34755],
							[120.52649, -6.34765],
							[120.52719, -6.34596],
							[120.52628, -6.34469],
							[120.52476, -6.34406],
							[120.52513, -6.34305],
							[120.52476, -6.34217],
							[120.52183, -6.33988],
							[120.52135, -6.33834],
							[120.5216, -6.33677],
							[120.52234, -6.33575],
							[120.52425, -6.33482],
							[120.52608, -6.33564],
							[120.5275, -6.3357],
							[120.52934, -6.33233],
							[120.53162, -6.3305],
							[120.53495, -6.32937],
							[120.53612, -6.32926],
							[120.53671, -6.32835],
							[120.53781, -6.32843],
							[120.53857, -6.32779],
							[120.53738, -6.32431],
							[120.5383, -6.32114],
							[120.53835, -6.31949],
							[120.53784, -6.31644],
							[120.53808, -6.31232],
							[120.5384, -6.312],
							[120.53812, -6.3121],
							[120.53732, -6.31049],
							[120.53712, -6.3092],
							[120.5377, -6.30796],
							[120.53838, -6.30766],
							[120.53814, -6.30762],
							[120.53798, -6.30655],
							[120.53741, -6.30606],
							[120.53685, -6.30445],
							[120.53711, -6.30145],
							[120.53691, -6.30077],
							[120.53574, -6.29896],
							[120.53594, -6.29831],
							[120.53816, -6.29737],
							[120.53836, -6.29345],
							[120.53949, -6.29225],
							[120.53914, -6.29056],
							[120.53777, -6.28834],
							[120.53831, -6.28644],
							[120.5388, -6.28591],
							[120.53781, -6.28397],
							[120.53779, -6.28323],
							[120.53809, -6.28263],
							[120.53883, -6.28237],
							[120.53947, -6.28015],
							[120.53814, -6.27609],
							[120.5383, -6.27574],
							[120.5369, -6.27514],
							[120.5363, -6.27391],
							[120.53673, -6.27256],
							[120.53774, -6.27215],
							[120.53775, -6.27177],
							[120.53687, -6.27069],
							[120.53563, -6.27071],
							[120.53474, -6.26947],
							[120.53428, -6.2672],
							[120.53494, -6.26331],
							[120.53466, -6.26298],
							[120.53566, -6.26262],
							[120.53586, -6.25914],
							[120.53774, -6.2548],
							[120.53844, -6.25429],
							[120.53864, -6.2535],
							[120.53874, -6.24893],
							[120.53845, -6.24709],
							[120.53773, -6.24583],
							[120.5366, -6.24545],
							[120.53455, -6.24543],
							[120.53321, -6.2459],
							[120.53284, -6.24657]
						]
					],
					[
						[
							[120.44858, -6.34503],
							[120.44854, -6.34504],
							[120.4485, -6.34505],
							[120.44848, -6.34508],
							[120.44847, -6.3451],
							[120.44846, -6.34512],
							[120.44846, -6.34514],
							[120.44847, -6.34516],
							[120.44851, -6.34528],
							[120.44855, -6.34536],
							[120.44857, -6.34539],
							[120.44861, -6.3454],
							[120.44867, -6.34539],
							[120.4487, -6.34537],
							[120.44873, -6.34534],
							[120.44874, -6.34532],
							[120.44875, -6.34528],
							[120.44874, -6.3452],
							[120.4487, -6.34509],
							[120.44869, -6.34506],
							[120.44866, -6.34504],
							[120.44862, -6.34503],
							[120.44858, -6.34503]
						]
					],
					[
						[
							[120.45281, -6.34692],
							[120.45278, -6.34396],
							[120.45157, -6.34289],
							[120.45075, -6.34128],
							[120.44986, -6.34085],
							[120.44968, -6.34122],
							[120.45039, -6.34224],
							[120.45011, -6.34265],
							[120.44967, -6.34248],
							[120.44941, -6.34274],
							[120.45003, -6.34306],
							[120.45017, -6.34366],
							[120.44854, -6.34398],
							[120.44827, -6.3444],
							[120.44907, -6.34472],
							[120.44962, -6.34681],
							[120.44885, -6.34694],
							[120.44796, -6.34629],
							[120.44757, -6.34667],
							[120.44613, -6.34697],
							[120.44605, -6.34746],
							[120.4464, -6.34809],
							[120.44671, -6.3478],
							[120.44775, -6.34806],
							[120.44842, -6.34864],
							[120.44966, -6.34887],
							[120.45005, -6.34864],
							[120.45033, -6.34888],
							[120.45079, -6.34846],
							[120.45186, -6.34852],
							[120.45281, -6.34692]
						]
					],
					[
						[
							[120.4517, -6.32445],
							[120.45185, -6.32381],
							[120.45111, -6.32302],
							[120.45052, -6.32286],
							[120.44983, -6.32329],
							[120.44967, -6.32442],
							[120.45069, -6.3249],
							[120.4517, -6.32445]
						]
					],
					[
						[
							[120.43141, -6.47978],
							[120.43144, -6.47388],
							[120.43178, -6.47197],
							[120.431, -6.47046],
							[120.43107, -6.46923],
							[120.43017, -6.46961],
							[120.42876, -6.46895],
							[120.42644, -6.46891],
							[120.42459, -6.46958],
							[120.42492, -6.47028],
							[120.42533, -6.47013],
							[120.42554, -6.47061],
							[120.42515, -6.47127],
							[120.42554, -6.47284],
							[120.42488, -6.47355],
							[120.42524, -6.47522],
							[120.42399, -6.47923],
							[120.42238, -6.48124],
							[120.42166, -6.48344],
							[120.42092, -6.4873],
							[120.42126, -6.48837],
							[120.42352, -6.48955],
							[120.42463, -6.48977],
							[120.42616, -6.48981],
							[120.4286, -6.48901],
							[120.43142, -6.4843],
							[120.43179, -6.48405],
							[120.43224, -6.4842],
							[120.43261, -6.48308],
							[120.43236, -6.48216],
							[120.43199, -6.48214],
							[120.43161, -6.48155],
							[120.43141, -6.47978]
						]
					],
					[
						[
							[120.42658, -6.46734],
							[120.42582, -6.46788],
							[120.4266, -6.46761],
							[120.42658, -6.46734]
						]
					],
					[
						[
							[120.42758, -6.4678],
							[120.42745, -6.46773],
							[120.42736, -6.46785],
							[120.42736, -6.46801],
							[120.42744, -6.46816],
							[120.4276, -6.46809],
							[120.42762, -6.46792],
							[120.42758, -6.4678]
						]
					],
					[
						[
							[120.42933, -6.46826],
							[120.42942, -6.46805],
							[120.42937, -6.46796],
							[120.42923, -6.46803],
							[120.4292, -6.46816],
							[120.42918, -6.46829],
							[120.42933, -6.46826]
						]
					],
					[
						[
							[120.43025, -6.46854],
							[120.43003, -6.46852],
							[120.43024, -6.46894],
							[120.43025, -6.46854]
						]
					],
					[
						[
							[120.4334, -6.45481],
							[120.43208, -6.45481],
							[120.43155, -6.45436],
							[120.4309, -6.45456],
							[120.43296, -6.45491],
							[120.43365, -6.45565],
							[120.43484, -6.45553],
							[120.43459, -6.45494],
							[120.4334, -6.45481]
						]
					],
					[
						[
							[120.27967, -6.69095],
							[120.27915, -6.68785],
							[120.27789, -6.68598],
							[120.2778, -6.6864],
							[120.27848, -6.68709],
							[120.27892, -6.6883],
							[120.27861, -6.69242],
							[120.27921, -6.69241],
							[120.27967, -6.69095]
						]
					],
					[
						[
							[120.43866, -6.59627],
							[120.43804, -6.5927],
							[120.43779, -6.58789],
							[120.43675, -6.58291],
							[120.43622, -6.58116],
							[120.43571, -6.58056],
							[120.43259, -6.58304],
							[120.43083, -6.58313],
							[120.42878, -6.58537],
							[120.42775, -6.58606],
							[120.4269, -6.58833],
							[120.42587, -6.59385],
							[120.42422, -6.59763],
							[120.42299, -6.59827],
							[120.42098, -6.59709],
							[120.42043, -6.59783],
							[120.42059, -6.59889],
							[120.42152, -6.59954],
							[120.42281, -6.6013],
							[120.42341, -6.60146],
							[120.42477, -6.60117],
							[120.42534, -6.60176],
							[120.42613, -6.60172],
							[120.4266, -6.60206],
							[120.42783, -6.60652],
							[120.42796, -6.61159],
							[120.42687, -6.61903],
							[120.42692, -6.62274],
							[120.42614, -6.62851],
							[120.42638, -6.6324],
							[120.42585, -6.63995],
							[120.42661, -6.64106],
							[120.42862, -6.63835],
							[120.43135, -6.63823],
							[120.43119, -6.6379],
							[120.43058, -6.63783],
							[120.42886, -6.63803],
							[120.42982, -6.63708],
							[120.43104, -6.63676],
							[120.43329, -6.63745],
							[120.43579, -6.6395],
							[120.43681, -6.641],
							[120.43831, -6.64194],
							[120.44044, -6.64168],
							[120.441, -6.64051],
							[120.44065, -6.63433],
							[120.44039, -6.63404],
							[120.43927, -6.63393],
							[120.43817, -6.63317],
							[120.43748, -6.63205],
							[120.43742, -6.63021],
							[120.43683, -6.62949],
							[120.43867, -6.62798],
							[120.43983, -6.62598],
							[120.44117, -6.62138],
							[120.44274, -6.61985],
							[120.44175, -6.61702],
							[120.43914, -6.61259],
							[120.43909, -6.61095],
							[120.44059, -6.60724],
							[120.44073, -6.60557],
							[120.43866, -6.59627]
						]
					],
					[
						[
							[120.42997, -6.66297],
							[120.42944, -6.672],
							[120.43022, -6.68564],
							[120.42991, -6.68787],
							[120.43018, -6.68927],
							[120.42944, -6.69137],
							[120.42895, -6.69164],
							[120.42821, -6.69152],
							[120.42783, -6.69193],
							[120.42771, -6.69302],
							[120.42823, -6.6937],
							[120.42697, -6.69508],
							[120.42818, -6.69647],
							[120.42969, -6.69639],
							[120.43041, -6.6972],
							[120.43088, -6.69844],
							[120.4302, -6.70162],
							[120.43051, -6.70262],
							[120.42968, -6.70777],
							[120.42874, -6.71045],
							[120.42816, -6.71751],
							[120.42974, -6.71532],
							[120.43156, -6.71009],
							[120.43297, -6.69755],
							[120.43513, -6.6896],
							[120.43614, -6.68721],
							[120.43807, -6.67949],
							[120.43944, -6.66779],
							[120.43898, -6.66665],
							[120.43868, -6.66424],
							[120.43705, -6.6616],
							[120.43527, -6.65967],
							[120.43377, -6.65885],
							[120.43259, -6.65899],
							[120.43095, -6.65981],
							[120.43017, -6.65955],
							[120.42975, -6.66245],
							[120.42997, -6.66297]
						]
					],
					[
						[
							[120.44006, -6.64411],
							[120.44063, -6.64365],
							[120.43973, -6.64302],
							[120.43938, -6.64373],
							[120.43974, -6.64437],
							[120.44006, -6.64411]
						]
					],
					[
						[
							[120.4261, -6.64897],
							[120.42597, -6.6494],
							[120.42634, -6.64989],
							[120.42696, -6.64917],
							[120.42643, -6.64767],
							[120.4261, -6.64897]
						]
					],
					[
						[
							[120.42664, -6.65629],
							[120.42663, -6.65662],
							[120.42707, -6.65659],
							[120.42664, -6.65629]
						]
					],
					[
						[
							[120.44557, -6.23675],
							[120.44536, -6.23644],
							[120.44493, -6.23677],
							[120.44526, -6.23703],
							[120.44557, -6.23675]
						]
					],
					[
						[
							[120.44615, -6.24614],
							[120.44616, -6.2462],
							[120.44629, -6.24629],
							[120.4466, -6.24651],
							[120.44671, -6.24655],
							[120.4468, -6.24652],
							[120.44683, -6.24644],
							[120.44673, -6.24633],
							[120.44662, -6.2462],
							[120.44635, -6.24612],
							[120.44615, -6.24614]
						]
					],
					[
						[
							[120.44524, -6.20719],
							[120.44518, -6.20726],
							[120.44517, -6.20735],
							[120.44528, -6.20739],
							[120.44528, -6.20746],
							[120.44544, -6.20752],
							[120.44549, -6.20746],
							[120.44548, -6.20733],
							[120.44538, -6.20722],
							[120.44524, -6.20719]
						]
					],
					[
						[
							[120.44476, -6.20567],
							[120.44467, -6.20578],
							[120.44467, -6.20585],
							[120.44476, -6.20608],
							[120.44498, -6.20619],
							[120.44507, -6.20609],
							[120.44507, -6.20591],
							[120.44494, -6.2058],
							[120.44476, -6.20567]
						]
					],
					[
						[
							[120.44353, -6.20434],
							[120.44353, -6.20438],
							[120.4436, -6.20443],
							[120.44373, -6.20439],
							[120.44378, -6.20441],
							[120.44383, -6.20438],
							[120.44388, -6.20434],
							[120.44375, -6.20426],
							[120.44365, -6.20426],
							[120.44353, -6.20434]
						]
					],
					[
						[
							[120.45371, -6.38289],
							[120.45426, -6.38311],
							[120.45428, -6.3827],
							[120.45371, -6.38289]
						]
					],
					[
						[
							[120.46475, -6.4028],
							[120.46424, -6.40299],
							[120.46427, -6.40331],
							[120.46497, -6.4031],
							[120.46475, -6.4028]
						]
					],
					[
						[
							[120.47149, -6.2472],
							[120.47164, -6.24707],
							[120.47162, -6.24704],
							[120.47166, -6.247],
							[120.47162, -6.24695],
							[120.47158, -6.24699],
							[120.47153, -6.24694],
							[120.47138, -6.24707],
							[120.47142, -6.24712],
							[120.4715, -6.24705],
							[120.47153, -6.24709],
							[120.47145, -6.24715],
							[120.47149, -6.2472]
						]
					]
				]
			}
		},
		{
			"type": "Feature",
			"properties": {
				"slug": "selayar--buki",
				"nama": "Buki",
				"kabkota": "selayar",
				"osm": "relation/9448478",
				"pusat": [-5.984844965034961, 120.50831762237766]
			},
			"geometry": {
				"type": "MultiPolygon",
				"coordinates": [
					[
						[
							[120.45235, -6.01033],
							[120.45334, -6.01064],
							[120.4568, -6.01305],
							[120.46019, -6.01099],
							[120.46113, -6.0115],
							[120.4627, -6.01146],
							[120.46302, -6.01096],
							[120.46398, -6.01088],
							[120.46627, -6.01161],
							[120.46671, -6.01136],
							[120.46635, -6.01048],
							[120.46671, -6.01032],
							[120.46902, -6.01053],
							[120.46983, -6.01124],
							[120.47042, -6.01128],
							[120.47286, -6.00933],
							[120.47377, -6.00988],
							[120.47286, -6.01081],
							[120.47417, -6.01164],
							[120.47557, -6.01031],
							[120.47622, -6.01018],
							[120.47563, -6.01163],
							[120.47615, -6.01293],
							[120.47645, -6.01285],
							[120.47709, -6.01164],
							[120.47869, -6.01281],
							[120.47944, -6.01289],
							[120.47991, -6.01239],
							[120.48105, -6.01318],
							[120.4812, -6.0117],
							[120.48253, -6.01078],
							[120.48295, -6.01156],
							[120.4836, -6.01198],
							[120.48371, -6.01343],
							[120.48424, -6.01374],
							[120.48722, -6.0137],
							[120.48861, -6.01412],
							[120.49059, -6.0138],
							[120.49329, -6.0152],
							[120.497, -6.01494],
							[120.49839, -6.01435],
							[120.50116, -6.01491],
							[120.50423, -6.01435],
							[120.50574, -6.01534],
							[120.50934, -6.01611],
							[120.51063, -6.01531],
							[120.5124, -6.01521],
							[120.51291, -6.0147],
							[120.52141, -6.01101],
							[120.52295, -6.01061],
							[120.52393, -6.01069],
							[120.53077, -6.00894],
							[120.53258, -6.00934],
							[120.53818, -6.00683],
							[120.53917, -6.00577],
							[120.54153, -6.00033],
							[120.54236, -5.99987],
							[120.5432, -5.99859],
							[120.55079, -5.99446],
							[120.55123, -5.99266],
							[120.55243, -5.99123],
							[120.55269, -5.98952],
							[120.55475, -5.98536],
							[120.55442, -5.98461],
							[120.55458, -5.98377],
							[120.5542, -5.98214],
							[120.55361, -5.98149],
							[120.55226, -5.98125],
							[120.55197, -5.98041],
							[120.55276, -5.98008],
							[120.55294, -5.97969],
							[120.55304, -5.97904],
							[120.55231, -5.97751],
							[120.55216, -5.97637],
							[120.55388, -5.9751],
							[120.55362, -5.97504],
							[120.55369, -5.97289],
							[120.55288, -5.97256],
							[120.55328, -5.97178],
							[120.55312, -5.96987],
							[120.55137, -5.96815],
							[120.55093, -5.96811],
							[120.55126, -5.96775],
							[120.55106, -5.96708],
							[120.54985, -5.96515],
							[120.54974, -5.96472],
							[120.55026, -5.96456],
							[120.55042, -5.96412],
							[120.55016, -5.96142],
							[120.54993, -5.9609],
							[120.54929, -5.96095],
							[120.54902, -5.96055],
							[120.54973, -5.96002],
							[120.5497, -5.9592],
							[120.5475, -5.95394],
							[120.54662, -5.95355],
							[120.54688, -5.95291],
							[120.54618, -5.94957],
							[120.54591, -5.94552],
							[120.54641, -5.94501],
							[120.54631, -5.94467],
							[120.54566, -5.94495],
							[120.54373, -5.94257],
							[120.54309, -5.94312],
							[120.54202, -5.94331],
							[120.54026, -5.94439],
							[120.53852, -5.94611],
							[120.53865, -5.94673],
							[120.53824, -5.94707],
							[120.53772, -5.94929],
							[120.53633, -5.95043],
							[120.53478, -5.9503],
							[120.53455, -5.95192],
							[120.53368, -5.95251],
							[120.53207, -5.95441],
							[120.52574, -5.95769],
							[120.52406, -5.95831],
							[120.5201, -5.95904],
							[120.50289, -5.96101],
							[120.49789, -5.96232],
							[120.49229, -5.96215],
							[120.48871, -5.96237],
							[120.48427, -5.96315],
							[120.47373, -5.96152],
							[120.46754, -5.96244],
							[120.46168, -5.96188],
							[120.45925, -5.96212],
							[120.4562, -5.96173],
							[120.44916, -5.96153],
							[120.44562, -5.96188],
							[120.44533, -5.96218],
							[120.44671, -5.96764],
							[120.44828, -5.97223],
							[120.44955, -5.9744],
							[120.44937, -5.9754],
							[120.45068, -5.97749],
							[120.45046, -5.97866],
							[120.44985, -5.97948],
							[120.45024, -5.98279],
							[120.44929, -5.98691],
							[120.44924, -6.00244],
							[120.45, -6.00564],
							[120.45235, -6.01033]
						]
					],
					[
						[
							[120.45196, -5.97182],
							[120.45196, -5.97178],
							[120.45204, -5.97178],
							[120.45204, -5.97182],
							[120.45209, -5.97182],
							[120.4521, -5.97199],
							[120.45203, -5.97199],
							[120.45203, -5.972],
							[120.45206, -5.972],
							[120.45206, -5.97204],
							[120.45208, -5.97204],
							[120.45208, -5.97208],
							[120.45206, -5.97208],
							[120.45206, -5.97211],
							[120.45196, -5.97212],
							[120.45196, -5.97209],
							[120.45193, -5.97209],
							[120.45193, -5.97204],
							[120.45195, -5.97204],
							[120.45195, -5.97201],
							[120.45198, -5.97201],
							[120.45198, -5.97199],
							[120.45191, -5.972],
							[120.45191, -5.97182],
							[120.45196, -5.97182]
						]
					]
				]
			}
		},
		{
			"type": "Feature",
			"properties": {
				"slug": "selayar--pasilambena",
				"nama": "Pasilambena",
				"kabkota": "selayar",
				"osm": "relation/18258290",
				"pusat": [-7.38219017441861, 121.78506337209296]
			},
			"geometry": {
				"type": "MultiPolygon",
				"coordinates": [
					[
						[
							[121.7596, -7.26066],
							[121.75494, -7.26166],
							[121.75371, -7.26222],
							[121.75185, -7.26172],
							[121.75273, -7.26317],
							[121.7522, -7.2647],
							[121.75166, -7.26509],
							[121.75169, -7.266],
							[121.74963, -7.26685],
							[121.74836, -7.26785],
							[121.74804, -7.26785],
							[121.74666, -7.2663],
							[121.74608, -7.2662],
							[121.74516, -7.26938],
							[121.74362, -7.27155],
							[121.74284, -7.27205],
							[121.74196, -7.27137],
							[121.74141, -7.27179],
							[121.74083, -7.27147],
							[121.73872, -7.27663],
							[121.7372, -7.27884],
							[121.73514, -7.28],
							[121.73285, -7.28042],
							[121.73178, -7.28024],
							[121.7307, -7.2794],
							[121.73127, -7.27733],
							[121.72977, -7.27844],
							[121.72981, -7.27913],
							[121.7294, -7.27974],
							[121.72962, -7.28024],
							[121.72914, -7.28069],
							[121.73001, -7.28047],
							[121.73066, -7.28133],
							[121.731, -7.28563],
							[121.73049, -7.28829],
							[121.72783, -7.29078],
							[121.72742, -7.29327],
							[121.72777, -7.29474],
							[121.72824, -7.29509],
							[121.7302, -7.29505],
							[121.73665, -7.29186],
							[121.74287, -7.29121],
							[121.74716, -7.28973],
							[121.74847, -7.28973],
							[121.75309, -7.28694],
							[121.75509, -7.28641],
							[121.75747, -7.28681],
							[121.75948, -7.28764],
							[121.76534, -7.28746],
							[121.77036, -7.28693],
							[121.77195, -7.28709],
							[121.77311, -7.28652],
							[121.77537, -7.28203],
							[121.77619, -7.27955],
							[121.7767, -7.2793],
							[121.77655, -7.2788],
							[121.77744, -7.27764],
							[121.77814, -7.27761],
							[121.77805, -7.27717],
							[121.77874, -7.27667],
							[121.77944, -7.27516],
							[121.77884, -7.27413],
							[121.77879, -7.27251],
							[121.77544, -7.26812],
							[121.77378, -7.2674],
							[121.77003, -7.26398],
							[121.7671, -7.26301],
							[121.76513, -7.26062],
							[121.76419, -7.26167],
							[121.76358, -7.26177],
							[121.7596, -7.26066]
						]
					],
					[
						[
							[121.70345, -7.30203],
							[121.70421, -7.30169],
							[121.70511, -7.3019],
							[121.7041, -7.30143],
							[121.70345, -7.30203]
						]
					],
					[
						[
							[121.82419, -7.39524],
							[121.82485, -7.39279],
							[121.82931, -7.38414],
							[121.83249, -7.38006],
							[121.83504, -7.37837],
							[121.8358, -7.37599],
							[121.83938, -7.37222],
							[121.83988, -7.37133],
							[121.83952, -7.37054],
							[121.83849, -7.37065],
							[121.83828, -7.37026],
							[121.8386, -7.36973],
							[121.83883, -7.36585],
							[121.83855, -7.36458],
							[121.83903, -7.36008],
							[121.83883, -7.3558],
							[121.83907, -7.35451],
							[121.83951, -7.35403],
							[121.83959, -7.35315],
							[121.84022, -7.35191],
							[121.83961, -7.34915],
							[121.83772, -7.34571],
							[121.83631, -7.34394],
							[121.8355, -7.34345],
							[121.83215, -7.33901],
							[121.83192, -7.3382],
							[121.83068, -7.33707],
							[121.83063, -7.33592],
							[121.8294, -7.33431],
							[121.82716, -7.3328],
							[121.82334, -7.33153],
							[121.82306, -7.33109],
							[121.82237, -7.33142],
							[121.82148, -7.33055],
							[121.82075, -7.3309],
							[121.81964, -7.33037],
							[121.81909, -7.33069],
							[121.81811, -7.3306],
							[121.81612, -7.32991],
							[121.81599, -7.33064],
							[121.81553, -7.33087],
							[121.81167, -7.33089],
							[121.80827, -7.33171],
							[121.8069, -7.33141],
							[121.80245, -7.33193],
							[121.79617, -7.33307],
							[121.791, -7.33473],
							[121.78702, -7.33449],
							[121.7853, -7.33395],
							[121.78489, -7.33423],
							[121.78439, -7.33551],
							[121.78361, -7.33599],
							[121.78361, -7.33656],
							[121.78294, -7.33669],
							[121.781, -7.33855],
							[121.77979, -7.33907],
							[121.77631, -7.33949],
							[121.77459, -7.33922],
							[121.77448, -7.33541],
							[121.77439, -7.33892],
							[121.77236, -7.33986],
							[121.77011, -7.34456],
							[121.76809, -7.34483],
							[121.76422, -7.34647],
							[121.76235, -7.34593],
							[121.76033, -7.34424],
							[121.759, -7.34479],
							[121.75549, -7.34986],
							[121.75396, -7.3531],
							[121.75371, -7.35666],
							[121.75447, -7.36032],
							[121.75407, -7.3633],
							[121.75398, -7.37562],
							[121.75289, -7.37745],
							[121.75163, -7.37868],
							[121.74944, -7.37971],
							[121.7481, -7.37901],
							[121.74662, -7.37886],
							[121.74685, -7.38054],
							[121.74636, -7.38262],
							[121.74541, -7.38284],
							[121.74495, -7.3845],
							[121.74531, -7.38573],
							[121.74497, -7.38724],
							[121.74534, -7.38933],
							[121.74464, -7.39027],
							[121.74515, -7.39165],
							[121.74476, -7.39263],
							[121.74555, -7.39361],
							[121.74512, -7.39415],
							[121.74516, -7.39463],
							[121.7457, -7.3949],
							[121.74489, -7.396],
							[121.74496, -7.39666],
							[121.74461, -7.39732],
							[121.7448, -7.39782],
							[121.74612, -7.39876],
							[121.74549, -7.39904],
							[121.74506, -7.39996],
							[121.74515, -7.4008],
							[121.74458, -7.40194],
							[121.74482, -7.40318],
							[121.74431, -7.40429],
							[121.74531, -7.40651],
							[121.74526, -7.40677],
							[121.7447, -7.4067],
							[121.7445, -7.4074],
							[121.74487, -7.40902],
							[121.74462, -7.40929],
							[121.74493, -7.40981],
							[121.74478, -7.41053],
							[121.74497, -7.41114],
							[121.74543, -7.41132],
							[121.74563, -7.41327],
							[121.74633, -7.41487],
							[121.75036, -7.41791],
							[121.75293, -7.421],
							[121.75464, -7.42226],
							[121.75464, -7.42294],
							[121.75631, -7.42318],
							[121.75705, -7.42246],
							[121.75926, -7.42181],
							[121.76278, -7.42335],
							[121.76381, -7.42282],
							[121.76693, -7.42268],
							[121.76812, -7.42294],
							[121.76867, -7.42364],
							[121.77123, -7.42416],
							[121.77298, -7.42311],
							[121.7736, -7.42229],
							[121.7759, -7.42256],
							[121.77764, -7.42225],
							[121.77861, -7.42259],
							[121.77939, -7.42247],
							[121.7795, -7.42305],
							[121.77993, -7.4229],
							[121.78045, -7.4237],
							[121.78082, -7.42375],
							[121.78125, -7.42306],
							[121.78188, -7.42293],
							[121.78223, -7.42247],
							[121.7817, -7.42176],
							[121.78246, -7.42071],
							[121.78387, -7.41993],
							[121.78454, -7.42017],
							[121.78638, -7.41976],
							[121.78678, -7.4186],
							[121.78746, -7.41865],
							[121.78788, -7.41814],
							[121.78953, -7.41782],
							[121.78895, -7.41721],
							[121.78995, -7.41597],
							[121.79047, -7.41571],
							[121.79137, -7.41589],
							[121.79343, -7.41348],
							[121.79438, -7.41309],
							[121.79503, -7.41328],
							[121.79611, -7.41156],
							[121.79743, -7.41081],
							[121.79882, -7.40902],
							[121.80106, -7.40728],
							[121.80313, -7.40606],
							[121.80593, -7.40524],
							[121.80837, -7.40369],
							[121.81058, -7.40358],
							[121.8128, -7.40181],
							[121.81513, -7.401],
							[121.81798, -7.39925],
							[121.8206, -7.39908],
							[121.82326, -7.39696],
							[121.82341, -7.39621],
							[121.82419, -7.39524]
						]
					],
					[
						[
							[121.79213, -7.47226],
							[121.79227, -7.47366],
							[121.79166, -7.47448],
							[121.78727, -7.47723],
							[121.78307, -7.47743],
							[121.78198, -7.47667],
							[121.78128, -7.4767],
							[121.77962, -7.47576],
							[121.77347, -7.47989],
							[121.76868, -7.48081],
							[121.76805, -7.48142],
							[121.7671, -7.48161],
							[121.7664, -7.48229],
							[121.76484, -7.48294],
							[121.76301, -7.483],
							[121.76117, -7.48364],
							[121.76002, -7.48366],
							[121.75622, -7.48565],
							[121.75227, -7.4842],
							[121.75088, -7.4848],
							[121.74688, -7.48395],
							[121.74715, -7.48438],
							[121.74672, -7.48457],
							[121.74536, -7.48441],
							[121.74199, -7.4855],
							[121.74013, -7.48552],
							[121.73791, -7.4874],
							[121.73746, -7.4882],
							[121.73445, -7.48985],
							[121.73163, -7.49035],
							[121.7301, -7.48992],
							[121.72761, -7.48845],
							[121.72573, -7.48873],
							[121.72484, -7.48855],
							[121.72349, -7.48892],
							[121.72312, -7.49099],
							[121.72374, -7.49257],
							[121.72569, -7.4929],
							[121.72565, -7.4936],
							[121.72678, -7.49396],
							[121.72923, -7.49371],
							[121.73046, -7.49318],
							[121.73133, -7.49324],
							[121.73205, -7.49282],
							[121.73454, -7.49239],
							[121.73874, -7.4941],
							[121.7416, -7.49404],
							[121.74352, -7.4946],
							[121.7452, -7.49465],
							[121.74575, -7.49434],
							[121.7485, -7.4941],
							[121.75036, -7.49436],
							[121.75128, -7.49513],
							[121.75176, -7.49516],
							[121.75285, -7.4947],
							[121.7533, -7.49489],
							[121.75535, -7.49456],
							[121.75677, -7.49395],
							[121.75801, -7.49427],
							[121.75884, -7.49402],
							[121.76088, -7.49273],
							[121.76107, -7.49204],
							[121.76596, -7.49184],
							[121.76895, -7.49036],
							[121.77113, -7.4901],
							[121.77112, -7.48947],
							[121.77134, -7.48967],
							[121.77266, -7.48871],
							[121.77422, -7.48891],
							[121.77586, -7.48878],
							[121.7761, -7.4885],
							[121.77747, -7.48862],
							[121.77801, -7.48847],
							[121.7781, -7.48809],
							[121.77913, -7.48817],
							[121.77979, -7.48774],
							[121.78015, -7.48811],
							[121.78377, -7.48873],
							[121.78539, -7.488],
							[121.78826, -7.48774],
							[121.78932, -7.48727],
							[121.78985, -7.48659],
							[121.79564, -7.48751],
							[121.79717, -7.48808],
							[121.79861, -7.4873],
							[121.8004, -7.48734],
							[121.8015, -7.48403],
							[121.80137, -7.48362],
							[121.80212, -7.48275],
							[121.80288, -7.48257],
							[121.8034, -7.48101],
							[121.80283, -7.47774],
							[121.802, -7.476],
							[121.80059, -7.4753],
							[121.79939, -7.47223],
							[121.79513, -7.47157],
							[121.79342, -7.47249],
							[121.79213, -7.47226]
						]
					],
					[
						[
							[121.74682, -7.22645],
							[121.74556, -7.226],
							[121.74448, -7.22614],
							[121.74364, -7.22647],
							[121.74352, -7.227],
							[121.74286, -7.22735],
							[121.74157, -7.22744],
							[121.73927, -7.22834],
							[121.73847, -7.22931],
							[121.73867, -7.22979],
							[121.73934, -7.22981],
							[121.74098, -7.23071],
							[121.74213, -7.23254],
							[121.74219, -7.23184],
							[121.74333, -7.23132],
							[121.7447, -7.23219],
							[121.74609, -7.23396],
							[121.74662, -7.23406],
							[121.74717, -7.23521],
							[121.74708, -7.23595],
							[121.74734, -7.23606],
							[121.74721, -7.23663],
							[121.74773, -7.23843],
							[121.74788, -7.23688],
							[121.74833, -7.23674],
							[121.74856, -7.23574],
							[121.74809, -7.23453],
							[121.74897, -7.23258],
							[121.74969, -7.23197],
							[121.75126, -7.23205],
							[121.7519, -7.23268],
							[121.75523, -7.23179],
							[121.75657, -7.23058],
							[121.75714, -7.22899],
							[121.75692, -7.22862],
							[121.75738, -7.22787],
							[121.7568, -7.22571],
							[121.75619, -7.22544],
							[121.75614, -7.22482],
							[121.75561, -7.22472],
							[121.75506, -7.22385],
							[121.75443, -7.22383],
							[121.75407, -7.22335],
							[121.75266, -7.22273],
							[121.75103, -7.22238],
							[121.74972, -7.22229],
							[121.74874, -7.22293],
							[121.74775, -7.22261],
							[121.74756, -7.22343],
							[121.74826, -7.22455],
							[121.7485, -7.22571],
							[121.7482, -7.22593],
							[121.74798, -7.22547],
							[121.74682, -7.22645]
						]
					],
					[
						[
							[121.74783, -7.24081],
							[121.74752, -7.23935],
							[121.74677, -7.23835],
							[121.74627, -7.23823],
							[121.74614, -7.2386],
							[121.74698, -7.23965],
							[121.74707, -7.24081],
							[121.74763, -7.2421],
							[121.74783, -7.24081]
						]
					],
					[
						[
							[122.09072, -7.42372],
							[122.08939, -7.4222],
							[122.08795, -7.42131],
							[122.08389, -7.42016],
							[122.08325, -7.41942],
							[122.08203, -7.42014],
							[122.08369, -7.42209],
							[122.08366, -7.42417],
							[122.08485, -7.42501],
							[122.08495, -7.42578],
							[122.08561, -7.42627],
							[122.08616, -7.4261],
							[122.08725, -7.42675],
							[122.0879, -7.42617],
							[122.08965, -7.42628],
							[122.0905, -7.42676],
							[122.09086, -7.42749],
							[122.09047, -7.42555],
							[122.09149, -7.42451],
							[122.09164, -7.42371],
							[122.09152, -7.4235],
							[122.09072, -7.42372]
						]
					],
					[
						[
							[122.092, -7.42286],
							[122.09228, -7.423],
							[122.09183, -7.4232],
							[122.092, -7.42286]
						]
					],
					[
						[
							[122.09428, -7.42992],
							[122.09635, -7.42932],
							[122.09642, -7.42885],
							[122.09674, -7.42889],
							[122.09654, -7.4294],
							[122.09541, -7.43013],
							[122.09395, -7.43051],
							[122.09428, -7.42992]
						]
					],
					[
						[
							[122.22049, -6.90723],
							[122.22118, -6.90669],
							[122.22186, -6.90503],
							[122.22214, -6.9027],
							[122.22187, -6.90115],
							[122.22246, -6.89944],
							[122.22156, -6.89784],
							[122.22099, -6.8979],
							[122.2206, -6.89731],
							[122.22076, -6.89711],
							[122.21938, -6.89592],
							[122.21816, -6.89703],
							[122.21759, -6.89835],
							[122.21827, -6.89878],
							[122.21918, -6.90077],
							[122.21887, -6.90067],
							[122.21861, -6.90104],
							[122.21751, -6.89993],
							[122.21705, -6.90288],
							[122.21808, -6.90396],
							[122.21818, -6.9046],
							[122.21925, -6.90544],
							[122.21969, -6.90689],
							[122.22049, -6.90723]
						]
					],
					[
						[
							[121.44222, -7.11935],
							[121.44287, -7.11819],
							[121.44257, -7.11755],
							[121.44163, -7.11732],
							[121.44144, -7.11788],
							[121.44222, -7.11935]
						]
					],
					[
						[
							[121.78595, -7.42001],
							[121.7859, -7.42005],
							[121.78593, -7.42011],
							[121.78598, -7.42013],
							[121.78599, -7.4202],
							[121.7861, -7.42024],
							[121.78618, -7.42027],
							[121.78622, -7.42026],
							[121.78631, -7.4202],
							[121.78638, -7.42018],
							[121.78638, -7.42016],
							[121.78631, -7.42009],
							[121.7862, -7.42002],
							[121.78608, -7.42002],
							[121.78595, -7.42001]
						]
					],
					[
						[
							[121.78681, -7.41931],
							[121.78676, -7.41936],
							[121.78675, -7.41945],
							[121.78684, -7.41944],
							[121.78694, -7.41943],
							[121.787, -7.41945],
							[121.787, -7.41941],
							[121.78697, -7.41938],
							[121.78691, -7.4194],
							[121.78687, -7.41934],
							[121.78681, -7.41931]
						]
					],
					[
						[
							[121.7998196, -7.4075652],
							[121.7999099, -7.4076984],
							[121.8000547, -7.4076018],
							[121.7999643, -7.4074687],
							[121.7998196, -7.4075652]
						]
					]
				]
			}
		},
		{
			"type": "Feature",
			"properties": {
				"slug": "selayar--pasimarannu",
				"nama": "Pasimarannu",
				"kabkota": "selayar",
				"osm": "relation/18292752",
				"pusat": [-7.291508734177216, 120.92048221518992]
			},
			"geometry": {
				"type": "MultiPolygon",
				"coordinates": [
					[
						[
							[121.08145, -7.30448],
							[121.08199, -7.30507],
							[121.08071, -7.31069],
							[121.08111, -7.31318],
							[121.08058, -7.31701],
							[121.08077, -7.31818],
							[121.0796, -7.32005],
							[121.07929, -7.32536],
							[121.07833, -7.32807],
							[121.07789, -7.33069],
							[121.07893, -7.33305],
							[121.07907, -7.33581],
							[121.07858, -7.33885],
							[121.07893, -7.3428],
							[121.07978, -7.34506],
							[121.08026, -7.34532],
							[121.08059, -7.34604],
							[121.0813, -7.34955],
							[121.08314, -7.35138],
							[121.08303, -7.35591],
							[121.08264, -7.35909],
							[121.07989, -7.35785],
							[121.07775, -7.35843],
							[121.08005, -7.35805],
							[121.08101, -7.35849],
							[121.08079, -7.35888],
							[121.08125, -7.35911],
							[121.08146, -7.35871],
							[121.08261, -7.35915],
							[121.08192, -7.36294],
							[121.0797, -7.36363],
							[121.07958, -7.36403],
							[121.0781, -7.36497],
							[121.07338, -7.36958],
							[121.06837, -7.36991],
							[121.06696, -7.36969],
							[121.06486, -7.36997],
							[121.06462, -7.37026],
							[121.06187, -7.37025],
							[121.06029, -7.37073],
							[121.05993, -7.37111],
							[121.05979, -7.37163],
							[121.06048, -7.37292],
							[121.06498, -7.37528],
							[121.06854, -7.37581],
							[121.07006, -7.37635],
							[121.07213, -7.37788],
							[121.0744, -7.38063],
							[121.07623, -7.38218],
							[121.07758, -7.3841],
							[121.0786, -7.38468],
							[121.07895, -7.38562],
							[121.0844, -7.387],
							[121.08764, -7.3886],
							[121.08849, -7.38947],
							[121.08923, -7.38963],
							[121.09355, -7.39448],
							[121.09634, -7.39688],
							[121.09905, -7.39807],
							[121.10232, -7.3949],
							[121.10685, -7.39208],
							[121.10844, -7.3915],
							[121.11154, -7.39116],
							[121.11597, -7.38918],
							[121.11682, -7.38865],
							[121.11925, -7.38595],
							[121.12338, -7.38332],
							[121.1295, -7.38226],
							[121.13095, -7.38106],
							[121.13387, -7.38021],
							[121.13555, -7.37932],
							[121.13938, -7.37877],
							[121.14193, -7.37879],
							[121.14456, -7.37697],
							[121.14682, -7.37401],
							[121.14924, -7.37259],
							[121.1506, -7.3722],
							[121.1516, -7.37245],
							[121.15268, -7.37211],
							[121.15634, -7.37188],
							[121.15964, -7.36758],
							[121.1603, -7.3654],
							[121.16243, -7.36203],
							[121.16518, -7.35959],
							[121.16708, -7.35721],
							[121.16681, -7.35431],
							[121.16571, -7.35137],
							[121.16549, -7.34978],
							[121.1629, -7.3473],
							[121.16276, -7.34682],
							[121.15917, -7.34517],
							[121.15673, -7.34457],
							[121.15565, -7.34387],
							[121.15549, -7.34412],
							[121.15519, -7.34397],
							[121.15079, -7.34094],
							[121.15082, -7.34022],
							[121.15035, -7.33979],
							[121.14908, -7.33966],
							[121.14639, -7.33798],
							[121.14551, -7.33801],
							[121.14378, -7.33887],
							[121.13612, -7.33957],
							[121.13456, -7.33908],
							[121.13177, -7.33745],
							[121.12993, -7.3358],
							[121.12898, -7.33443],
							[121.12844, -7.33259],
							[121.12909, -7.33116],
							[121.12839, -7.32529],
							[121.1286, -7.32421],
							[121.12687, -7.32276],
							[121.12589, -7.32103],
							[121.12231, -7.32039],
							[121.11772, -7.31817],
							[121.11564, -7.31651],
							[121.11455, -7.31465],
							[121.11366, -7.31463],
							[121.11105, -7.31544],
							[121.11127, -7.31567],
							[121.11426, -7.31497],
							[121.11488, -7.31627],
							[121.11305, -7.31639],
							[121.11081, -7.31806],
							[121.10852, -7.3188],
							[121.10582, -7.31838],
							[121.10191, -7.31563],
							[121.10094, -7.3137],
							[121.10175, -7.31166],
							[121.10087, -7.31142],
							[121.1005, -7.31094],
							[121.09996, -7.30893],
							[121.09901, -7.30716],
							[121.09532, -7.3042],
							[121.09293, -7.30471],
							[121.09102, -7.30412],
							[121.08617, -7.30428],
							[121.08538, -7.30378],
							[121.08449, -7.3041],
							[121.08282, -7.30377],
							[121.08145, -7.30448]
						]
					],
					[
						[
							[121.05178, -7.32663],
							[121.05135, -7.32215],
							[121.05198, -7.31907],
							[121.05382, -7.31515],
							[121.05632, -7.31245],
							[121.05733, -7.31076],
							[121.05793, -7.31039],
							[121.05868, -7.30886],
							[121.06016, -7.30746],
							[121.06342, -7.30152],
							[121.0636, -7.30006],
							[121.063, -7.29919],
							[121.06234, -7.29908],
							[121.06228, -7.2985],
							[121.05829, -7.29761],
							[121.05523, -7.29799],
							[121.05423, -7.2977],
							[121.04981, -7.29768],
							[121.0485, -7.29804],
							[121.04517, -7.29742],
							[121.0428, -7.29635],
							[121.04046, -7.29479],
							[121.03937, -7.2947],
							[121.03674, -7.2937],
							[121.03474, -7.29155],
							[121.03474, -7.29109],
							[121.03375, -7.29047],
							[121.0335, -7.28978],
							[121.03217, -7.28903],
							[121.03129, -7.28895],
							[121.02969, -7.28758],
							[121.02914, -7.28751],
							[121.02678, -7.28902],
							[121.0253, -7.28947],
							[121.02394, -7.28944],
							[121.02335, -7.28896],
							[121.02266, -7.28915],
							[121.02176, -7.28863],
							[121.02013, -7.28861],
							[121.01819, -7.28733],
							[121.01705, -7.28754],
							[121.01521, -7.28656],
							[121.01469, -7.2867],
							[121.0137, -7.28611],
							[121.01335, -7.28505],
							[121.01167, -7.28415],
							[121.00879, -7.28479],
							[121.00488, -7.28227],
							[121.00341, -7.28179],
							[121.00214, -7.28183],
							[120.99893, -7.28354],
							[120.99489, -7.28453],
							[120.99345, -7.28438],
							[120.98979, -7.28327],
							[120.98821, -7.28209],
							[120.98754, -7.28231],
							[120.98577, -7.28178],
							[120.98486, -7.28194],
							[120.97947, -7.28114],
							[120.97543, -7.28115],
							[120.97353, -7.28165],
							[120.97174, -7.28091],
							[120.96931, -7.28182],
							[120.96763, -7.28133],
							[120.9657, -7.28181],
							[120.96339, -7.28111],
							[120.96243, -7.28014],
							[120.96194, -7.2803],
							[120.96059, -7.27827],
							[120.9589, -7.2787],
							[120.95878, -7.27938],
							[120.95736, -7.28029],
							[120.95631, -7.28051],
							[120.95462, -7.2802],
							[120.95243, -7.2822],
							[120.95016, -7.28318],
							[120.94944, -7.28302],
							[120.94901, -7.28224],
							[120.94835, -7.2821],
							[120.94769, -7.28258],
							[120.94503, -7.28299],
							[120.94457, -7.28334],
							[120.94344, -7.28299],
							[120.94232, -7.28379],
							[120.94111, -7.28394],
							[120.93843, -7.28365],
							[120.93446, -7.28364],
							[120.93253, -7.28398],
							[120.9279, -7.28379],
							[120.92629, -7.28301],
							[120.9228, -7.28348],
							[120.92047, -7.28453],
							[120.91902, -7.28453],
							[120.91747, -7.28404],
							[120.91503, -7.28255],
							[120.9127, -7.2791],
							[120.91128, -7.27876],
							[120.90788, -7.2787],
							[120.90592, -7.27789],
							[120.90294, -7.27589],
							[120.90274, -7.27529],
							[120.90151, -7.27446],
							[120.90119, -7.27368],
							[120.89961, -7.27326],
							[120.89461, -7.27391],
							[120.89372, -7.27494],
							[120.8932, -7.27491],
							[120.89313, -7.27549],
							[120.89231, -7.27541],
							[120.89145, -7.27573],
							[120.88913, -7.27515],
							[120.88908, -7.27569],
							[120.88883, -7.27572],
							[120.88854, -7.27497],
							[120.88765, -7.27472],
							[120.88715, -7.27495],
							[120.88519, -7.27328],
							[120.88119, -7.27191],
							[120.87966, -7.27217],
							[120.87893, -7.2729],
							[120.87817, -7.27267],
							[120.87688, -7.27322],
							[120.87556, -7.27303],
							[120.87492, -7.27328],
							[120.87302, -7.27281],
							[120.87173, -7.27175],
							[120.87021, -7.27194],
							[120.86787, -7.27119],
							[120.86718, -7.27158],
							[120.86371, -7.27134],
							[120.86121, -7.2704],
							[120.86025, -7.2689],
							[120.86056, -7.26826],
							[120.8597, -7.2672],
							[120.85814, -7.2677],
							[120.85769, -7.2684],
							[120.8571, -7.2685],
							[120.85524, -7.26861],
							[120.85363, -7.26812],
							[120.85144, -7.26612],
							[120.85097, -7.26523],
							[120.85034, -7.26522],
							[120.84908, -7.2644],
							[120.84702, -7.26396],
							[120.8458, -7.26322],
							[120.84487, -7.26305],
							[120.84089, -7.26052],
							[120.83921, -7.25993],
							[120.83461, -7.26015],
							[120.83284, -7.25994],
							[120.83164, -7.26044],
							[120.82925, -7.26069],
							[120.82808, -7.26042],
							[120.82739, -7.26075],
							[120.82283, -7.25977],
							[120.82087, -7.25976],
							[120.81995, -7.25895],
							[120.81892, -7.2587],
							[120.816, -7.25888],
							[120.81443, -7.25954],
							[120.81395, -7.25917],
							[120.81184, -7.26153],
							[120.81031, -7.26174],
							[120.81013, -7.2626],
							[120.8098, -7.26277],
							[120.80867, -7.26277],
							[120.80774, -7.26316],
							[120.80712, -7.26302],
							[120.80504, -7.26403],
							[120.80304, -7.26326],
							[120.80175, -7.26396],
							[120.80169, -7.26426],
							[120.80074, -7.26452],
							[120.80045, -7.26414],
							[120.8001, -7.26452],
							[120.79946, -7.26447],
							[120.79872, -7.26485],
							[120.79876, -7.2663],
							[120.79799, -7.26747],
							[120.79592, -7.27017],
							[120.79538, -7.27046],
							[120.79565, -7.27122],
							[120.79533, -7.27183],
							[120.79571, -7.27225],
							[120.7959, -7.27344],
							[120.79717, -7.27513],
							[120.79748, -7.27643],
							[120.79861, -7.27705],
							[120.79991, -7.27658],
							[120.80154, -7.27759],
							[120.80264, -7.27901],
							[120.80347, -7.28098],
							[120.80567, -7.28379],
							[120.80619, -7.28701],
							[120.80671, -7.28777],
							[120.80739, -7.28832],
							[120.80919, -7.28887],
							[120.81025, -7.28849],
							[120.81071, -7.28932],
							[120.81101, -7.28946],
							[120.81106, -7.28894],
							[120.81143, -7.28901],
							[120.81252, -7.29004],
							[120.81539, -7.29161],
							[120.81628, -7.2917],
							[120.81901, -7.29294],
							[120.8194, -7.29265],
							[120.82007, -7.29292],
							[120.82025, -7.29276],
							[120.81993, -7.29245],
							[120.82064, -7.2925],
							[120.82531, -7.29648],
							[120.82646, -7.29644],
							[120.8279, -7.29701],
							[120.83007, -7.29878],
							[120.8309, -7.29897],
							[120.83196, -7.29767],
							[120.83318, -7.29768],
							[120.83634, -7.29867],
							[120.83885, -7.29839],
							[120.84299, -7.29649],
							[120.84407, -7.29648],
							[120.8444, -7.29606],
							[120.84492, -7.29618],
							[120.84576, -7.29485],
							[120.84641, -7.29477],
							[120.84653, -7.29516],
							[120.84726, -7.29529],
							[120.8482, -7.29516],
							[120.85002, -7.29428],
							[120.85033, -7.29343],
							[120.8514, -7.29346],
							[120.85485, -7.29415],
							[120.8562, -7.29494],
							[120.86037, -7.29636],
							[120.86138, -7.29718],
							[120.86556, -7.29917],
							[120.87006, -7.30337],
							[120.87212, -7.30433],
							[120.87304, -7.30525],
							[120.87421, -7.3058],
							[120.87511, -7.3058],
							[120.87867, -7.307],
							[120.88125, -7.30688],
							[120.8862, -7.3082],
							[120.88821, -7.3084],
							[120.89123, -7.30997],
							[120.89762, -7.3108],
							[120.89965, -7.3104],
							[120.90058, -7.31054],
							[120.90123, -7.31007],
							[120.90119, -7.30943],
							[120.90095, -7.30937],
							[120.90183, -7.30842],
							[120.90865, -7.307],
							[120.91123, -7.30729],
							[120.91617, -7.30721],
							[120.92128, -7.30787],
							[120.92583, -7.30663],
							[120.92848, -7.30679],
							[120.93028, -7.30746],
							[120.93122, -7.30744],
							[120.93599, -7.30991],
							[120.94027, -7.3141],
							[120.94214, -7.31548],
							[120.9429, -7.31557],
							[120.94553, -7.31783],
							[120.94769, -7.31857],
							[120.95066, -7.3214],
							[120.95187, -7.32224],
							[120.95301, -7.32257],
							[120.95585, -7.32471],
							[120.96017, -7.32494],
							[120.9653, -7.3242],
							[120.97282, -7.32473],
							[120.98061, -7.32626],
							[120.98355, -7.32714],
							[120.98532, -7.32701],
							[120.99595, -7.33107],
							[120.99672, -7.33101],
							[120.99716, -7.33043],
							[120.99955, -7.33189],
							[121.00265, -7.33275],
							[121.00404, -7.33285],
							[121.00542, -7.33216],
							[121.00817, -7.33232],
							[121.00892, -7.33278],
							[121.0094, -7.33222],
							[121.0104, -7.33202],
							[121.01247, -7.33232],
							[121.01276, -7.33127],
							[121.01332, -7.33083],
							[121.01608, -7.33009],
							[121.01977, -7.33012],
							[121.02021, -7.32977],
							[121.02227, -7.32947],
							[121.02275, -7.32913],
							[121.02362, -7.3293],
							[121.024, -7.32884],
							[121.02471, -7.329],
							[121.02493, -7.32867],
							[121.02646, -7.3283],
							[121.02746, -7.32857],
							[121.02914, -7.32743],
							[121.03024, -7.3273],
							[121.0307, -7.32668],
							[121.03228, -7.32667],
							[121.03431, -7.32593],
							[121.03798, -7.32579],
							[121.04357, -7.32713],
							[121.0441, -7.32623],
							[121.0446, -7.32616],
							[121.04823, -7.32634],
							[121.05011, -7.32703],
							[121.05158, -7.327],
							[121.05178, -7.32663]
						]
					],
					[
						[
							[121.4211, -7.46314],
							[121.42069, -7.46336],
							[121.4214, -7.46345],
							[121.4211, -7.46314]
						]
					],
					[
						[
							[121.42203, -7.46299],
							[121.42226, -7.46325],
							[121.42294, -7.46316],
							[121.42203, -7.46299]
						]
					],
					[
						[
							[121.04429, -7.36718],
							[121.0456, -7.36761],
							[121.04495, -7.36641],
							[121.04548, -7.36509],
							[121.04225, -7.36395],
							[121.0413, -7.36447],
							[121.04186, -7.36682],
							[121.04429, -7.36718]
						]
					],
					[
						[
							[121.04822, -7.36931],
							[121.04661, -7.3683],
							[121.04678, -7.36873],
							[121.05001, -7.37084],
							[121.04822, -7.36931]
						]
					],
					[
						[
							[120.82607, -7.29662],
							[120.82601, -7.29668],
							[120.82603, -7.29674],
							[120.82609, -7.2968],
							[120.82618, -7.29685],
							[120.82627, -7.2968],
							[120.8263, -7.29673],
							[120.82624, -7.29669],
							[120.82619, -7.29666],
							[120.82607, -7.29662]
						]
					],
					[
						[
							[121.09679, -7.30276],
							[121.09604, -7.30289],
							[121.09598, -7.30344],
							[121.09678, -7.30404],
							[121.09637, -7.30349],
							[121.09867, -7.30445],
							[121.10061, -7.30772],
							[121.10155, -7.30853],
							[121.10157, -7.30958],
							[121.10202, -7.31033],
							[121.10189, -7.30855],
							[121.10075, -7.30713],
							[121.09971, -7.30498],
							[121.09679, -7.30276]
						]
					],
					[
						[
							[121.10199, -7.31109],
							[121.10205, -7.31183],
							[121.10236, -7.31125],
							[121.10199, -7.31109]
						]
					],
					[
						[
							[121.16146, -7.34484],
							[121.15986, -7.34468],
							[121.16364, -7.34547],
							[121.16493, -7.34615],
							[121.16479, -7.34569],
							[121.16419, -7.34534],
							[121.16146, -7.34484]
						]
					],
					[
						[
							[121.16715, -7.35261],
							[121.16708, -7.35267],
							[121.16708, -7.35279],
							[121.16713, -7.3529],
							[121.16723, -7.35293],
							[121.16727, -7.35285],
							[121.16726, -7.35278],
							[121.16724, -7.3527],
							[121.16715, -7.35261]
						]
					],
					[
						[
							[121.16747, -7.35397],
							[121.16749, -7.35416],
							[121.16752, -7.35434],
							[121.16754, -7.35444],
							[121.16763, -7.3546],
							[121.16772, -7.35461],
							[121.16775, -7.35447],
							[121.16774, -7.35432],
							[121.16769, -7.35418],
							[121.16764, -7.35409],
							[121.16761, -7.35403],
							[121.16753, -7.35395],
							[121.16747, -7.35397]
						]
					],
					[
						[
							[121.16591, -7.34775],
							[121.16564, -7.34768],
							[121.16636, -7.34914],
							[121.16643, -7.35053],
							[121.16669, -7.35066],
							[121.16661, -7.34916],
							[121.16591, -7.34775]
						]
					],
					[
						[
							[121.16683, -7.3516],
							[121.16675, -7.35173],
							[121.16675, -7.35192],
							[121.16688, -7.35199],
							[121.167, -7.35195],
							[121.16703, -7.35181],
							[121.16702, -7.35172],
							[121.167, -7.35164],
							[121.16696, -7.35159],
							[121.16683, -7.3516]
						]
					]
				]
			}
		},
		{
			"type": "Feature",
			"properties": {
				"slug": "selayar--pasimasunggu",
				"nama": "Pasimasunggu",
				"kabkota": "selayar",
				"osm": "relation/9448472",
				"pusat": [-7.088347878787876, 120.64323818181812]
			},
			"geometry": {
				"type": "MultiPolygon",
				"coordinates": [
					[
						[
							[120.68854, -7.05014],
							[120.6868, -7.04986],
							[120.6854, -7.04873],
							[120.68267, -7.04875],
							[120.67953, -7.04638],
							[120.67809, -7.04473],
							[120.67604, -7.04367],
							[120.67479, -7.04358],
							[120.67404, -7.04309],
							[120.67359, -7.04328],
							[120.67212, -7.04238],
							[120.66455, -7.03239],
							[120.65968, -7.02389],
							[120.65719, -7.01875],
							[120.65536, -7.01729],
							[120.65465, -7.01624],
							[120.65227, -7.01502],
							[120.6507, -7.01303],
							[120.64834, -7.01163],
							[120.64659, -7.01142],
							[120.64543, -7.01053],
							[120.64213, -7.01081],
							[120.64042, -7.00935],
							[120.64014, -7.00941],
							[120.63989, -7.00754],
							[120.63906, -7.0067],
							[120.63907, -7.00553],
							[120.63875, -7.00511],
							[120.63709, -7.00433],
							[120.63694, -7.00393],
							[120.63465, -7.00335],
							[120.63444, -7.00266],
							[120.63305, -7.00218],
							[120.63258, -7.00124],
							[120.63137, -7.00028],
							[120.62905, -7.00028],
							[120.62834, -7.00087],
							[120.62515, -7.00094],
							[120.62287, -7.0017],
							[120.62183, -7.00134],
							[120.62107, -7.00186],
							[120.62086, -7.00373],
							[120.61961, -7.00542],
							[120.62014, -7.00756],
							[120.61972, -7.01143],
							[120.62064, -7.01494],
							[120.62099, -7.02149],
							[120.62262, -7.02493],
							[120.62367, -7.0254],
							[120.62413, -7.02623],
							[120.62366, -7.02824],
							[120.62402, -7.03061],
							[120.62363, -7.03605],
							[120.6247, -7.03802],
							[120.62536, -7.03844],
							[120.62494, -7.0412],
							[120.62572, -7.04202],
							[120.62603, -7.04363],
							[120.62708, -7.04532],
							[120.62759, -7.04733],
							[120.6277, -7.04863],
							[120.62707, -7.05219],
							[120.62647, -7.05242],
							[120.62497, -7.05179],
							[120.62269, -7.05226],
							[120.62218, -7.05182],
							[120.62144, -7.05377],
							[120.61966, -7.05569],
							[120.61907, -7.05577],
							[120.61846, -7.0582],
							[120.61694, -7.06136],
							[120.61627, -7.06161],
							[120.61498, -7.06122],
							[120.61476, -7.06189],
							[120.61563, -7.06221],
							[120.6154, -7.06301],
							[120.61274, -7.06599],
							[120.61152, -7.06615],
							[120.61007, -7.06462],
							[120.60863, -7.06443],
							[120.60775, -7.0647],
							[120.60706, -7.06593],
							[120.60726, -7.06699],
							[120.60792, -7.06771],
							[120.60989, -7.06841],
							[120.6101, -7.06948],
							[120.60985, -7.07083],
							[120.6093, -7.07183],
							[120.60775, -7.07286],
							[120.60573, -7.07151],
							[120.60436, -7.07135],
							[120.60413, -7.07447],
							[120.60447, -7.07498],
							[120.60588, -7.07533],
							[120.60695, -7.07667],
							[120.60923, -7.07798],
							[120.61081, -7.07856],
							[120.61364, -7.07801],
							[120.61637, -7.07859],
							[120.61775, -7.07921],
							[120.61873, -7.08045],
							[120.61879, -7.0813],
							[120.61769, -7.08347],
							[120.61845, -7.08503],
							[120.62005, -7.08617],
							[120.62019, -7.08664],
							[120.6202, -7.08822],
							[120.61922, -7.09001],
							[120.61975, -7.09178],
							[120.61911, -7.09461],
							[120.61926, -7.0967],
							[120.61969, -7.09783],
							[120.62017, -7.09771],
							[120.62092, -7.09611],
							[120.62313, -7.09633],
							[120.62371, -7.09521],
							[120.62502, -7.09408],
							[120.62496, -7.09232],
							[120.62575, -7.0916],
							[120.62838, -7.09205],
							[120.62841, -7.09287],
							[120.6289, -7.0934],
							[120.62983, -7.09289],
							[120.63126, -7.09349],
							[120.63246, -7.09584],
							[120.63445, -7.09868],
							[120.6344, -7.1023],
							[120.63514, -7.10272],
							[120.63501, -7.10367],
							[120.63405, -7.10376],
							[120.63344, -7.10466],
							[120.63257, -7.10524],
							[120.63193, -7.10505],
							[120.63137, -7.10407],
							[120.63007, -7.10391],
							[120.62871, -7.10406],
							[120.62813, -7.10454],
							[120.62579, -7.10533],
							[120.62566, -7.10563],
							[120.62688, -7.10589],
							[120.62733, -7.10647],
							[120.6274, -7.10907],
							[120.62824, -7.11035],
							[120.6282, -7.11101],
							[120.62787, -7.112],
							[120.62733, -7.11253],
							[120.62572, -7.11199],
							[120.62431, -7.11335],
							[120.62336, -7.1133],
							[120.6237, -7.11402],
							[120.62444, -7.11402],
							[120.62548, -7.11492],
							[120.62559, -7.11825],
							[120.62769, -7.11891],
							[120.62886, -7.121],
							[120.62991, -7.12034],
							[120.63116, -7.12059],
							[120.63208, -7.12157],
							[120.63198, -7.12324],
							[120.63333, -7.12394],
							[120.63379, -7.12711],
							[120.63236, -7.12789],
							[120.63187, -7.1286],
							[120.63139, -7.13175],
							[120.63164, -7.1324],
							[120.63251, -7.13302],
							[120.63401, -7.13307],
							[120.63456, -7.13249],
							[120.63522, -7.13146],
							[120.63491, -7.13084],
							[120.6344, -7.13061],
							[120.63445, -7.12995],
							[120.63578, -7.12874],
							[120.63771, -7.12821],
							[120.64035, -7.12874],
							[120.64064, -7.13012],
							[120.6425, -7.13068],
							[120.64391, -7.13177],
							[120.64608, -7.13228],
							[120.64748, -7.13212],
							[120.64917, -7.13339],
							[120.64974, -7.13488],
							[120.65094, -7.1349],
							[120.6514, -7.13445],
							[120.65238, -7.13467],
							[120.65398, -7.13643],
							[120.65427, -7.13718],
							[120.65481, -7.13733],
							[120.65551, -7.13811],
							[120.65634, -7.13984],
							[120.65567, -7.14182],
							[120.65673, -7.14233],
							[120.65697, -7.14323],
							[120.65807, -7.1439],
							[120.65819, -7.14467],
							[120.65868, -7.14431],
							[120.65909, -7.14313],
							[120.66033, -7.14226],
							[120.66407, -7.14314],
							[120.66478, -7.14436],
							[120.66745, -7.1471],
							[120.66813, -7.14565],
							[120.67092, -7.14474],
							[120.67264, -7.14467],
							[120.67315, -7.14568],
							[120.67546, -7.1452],
							[120.67646, -7.14372],
							[120.67657, -7.14196],
							[120.6773, -7.14132],
							[120.67821, -7.14132],
							[120.67949, -7.14351],
							[120.67984, -7.14278],
							[120.67881, -7.14055],
							[120.67763, -7.14045],
							[120.67767, -7.13973],
							[120.6765, -7.13864],
							[120.67633, -7.13748],
							[120.67472, -7.13683],
							[120.6747, -7.13628],
							[120.67573, -7.13552],
							[120.67568, -7.13491],
							[120.67434, -7.1348],
							[120.67316, -7.13397],
							[120.67098, -7.13189],
							[120.67057, -7.13036],
							[120.66822, -7.12881],
							[120.66753, -7.12864],
							[120.66457, -7.12964],
							[120.66184, -7.12985],
							[120.66072, -7.12948],
							[120.65608, -7.12909],
							[120.65305, -7.1278],
							[120.65266, -7.12708],
							[120.65282, -7.12566],
							[120.65633, -7.12262],
							[120.66175, -7.12052],
							[120.66293, -7.12086],
							[120.66378, -7.12072],
							[120.66457, -7.12163],
							[120.66622, -7.12085],
							[120.66888, -7.12094],
							[120.67309, -7.12336],
							[120.67459, -7.12304],
							[120.67688, -7.1218],
							[120.67808, -7.12179],
							[120.68188, -7.12293],
							[120.6852, -7.12443],
							[120.68891, -7.12665],
							[120.69284, -7.12773],
							[120.69429, -7.12771],
							[120.69624, -7.129],
							[120.69716, -7.13023],
							[120.70713, -7.12164],
							[120.7121, -7.1115],
							[120.71099, -7.10283],
							[120.71028, -7.10143],
							[120.7006, -7.09524],
							[120.67238, -7.08493],
							[120.67304, -7.0728],
							[120.67897, -7.06423],
							[120.68179, -7.05838],
							[120.68355, -7.05634],
							[120.68745, -7.05318],
							[120.68854, -7.05014]
						]
					],
					[
						[
							[120.60859, -7.09191],
							[120.61132, -7.08951],
							[120.61184, -7.08869],
							[120.61234, -7.08755],
							[120.61205, -7.08598],
							[120.61275, -7.08448],
							[120.61236, -7.08412],
							[120.61238, -7.08138],
							[120.6091, -7.08008],
							[120.60202, -7.08096],
							[120.60021, -7.08197],
							[120.59848, -7.0824],
							[120.59634, -7.08232],
							[120.59638, -7.08143],
							[120.59534, -7.08072],
							[120.5904, -7.08249],
							[120.58905, -7.08263],
							[120.5859, -7.08137],
							[120.58549, -7.0809],
							[120.58525, -7.07901],
							[120.58467, -7.07825],
							[120.58277, -7.07782],
							[120.58245, -7.07678],
							[120.58181, -7.07704],
							[120.58162, -7.07773],
							[120.58048, -7.07765],
							[120.57954, -7.07713],
							[120.57488, -7.07724],
							[120.57431, -7.07631],
							[120.57199, -7.07639],
							[120.57149, -7.07545],
							[120.57047, -7.07563],
							[120.57, -7.07605],
							[120.56993, -7.07781],
							[120.56935, -7.07847],
							[120.56696, -7.07827],
							[120.56675, -7.0775],
							[120.56574, -7.07734],
							[120.56516, -7.07778],
							[120.56464, -7.07907],
							[120.56386, -7.07888],
							[120.56339, -7.0779],
							[120.56327, -7.07598],
							[120.56375, -7.07467],
							[120.56338, -7.07339],
							[120.56279, -7.07316],
							[120.56147, -7.07341],
							[120.56041, -7.07296],
							[120.55935, -7.0733],
							[120.55813, -7.07557],
							[120.5573, -7.07533],
							[120.55703, -7.07553],
							[120.55669, -7.07753],
							[120.55568, -7.07817],
							[120.55465, -7.08],
							[120.5562, -7.07992],
							[120.55668, -7.08061],
							[120.55779, -7.08303],
							[120.55781, -7.08484],
							[120.55858, -7.08572],
							[120.55898, -7.08861],
							[120.55965, -7.08895],
							[120.56051, -7.08861],
							[120.56099, -7.08877],
							[120.56303, -7.09116],
							[120.56289, -7.09194],
							[120.56362, -7.09252],
							[120.56448, -7.09153],
							[120.56501, -7.09161],
							[120.56723, -7.09317],
							[120.56768, -7.09186],
							[120.56869, -7.09057],
							[120.56816, -7.08955],
							[120.56829, -7.08912],
							[120.57259, -7.08671],
							[120.5762, -7.08698],
							[120.57909, -7.08861],
							[120.5791, -7.08922],
							[120.58022, -7.08845],
							[120.58146, -7.08911],
							[120.5823, -7.08972],
							[120.58268, -7.09078],
							[120.58313, -7.09095],
							[120.58626, -7.08954],
							[120.58853, -7.09007],
							[120.5897, -7.0908],
							[120.59075, -7.09157],
							[120.59097, -7.09209],
							[120.59099, -7.09282],
							[120.59039, -7.09374],
							[120.59048, -7.09513],
							[120.59003, -7.09612],
							[120.59044, -7.09689],
							[120.59097, -7.09746],
							[120.59157, -7.09714],
							[120.59246, -7.09819],
							[120.59534, -7.10003],
							[120.59659, -7.0988],
							[120.59922, -7.09868],
							[120.60091, -7.09894],
							[120.60126, -7.09933],
							[120.60252, -7.0991],
							[120.6025, -7.09685],
							[120.60285, -7.09551],
							[120.60548, -7.09427],
							[120.60571, -7.09376],
							[120.60807, -7.09263],
							[120.60859, -7.09191]
						]
					],
					[
						[
							[120.59759, -7.066],
							[120.59689, -7.06493],
							[120.59617, -7.06544],
							[120.59597, -7.06636],
							[120.59848, -7.06692],
							[120.59769, -7.06658],
							[120.59759, -7.066]
						]
					],
					[
						[
							[120.60177, -7.06238],
							[120.60121, -7.06413],
							[120.6015, -7.06489],
							[120.60191, -7.06503],
							[120.60243, -7.06423],
							[120.60349, -7.06435],
							[120.60376, -7.06392],
							[120.60349, -7.06349],
							[120.60335, -7.06106],
							[120.60389, -7.05989],
							[120.60328, -7.05717],
							[120.60291, -7.05698],
							[120.60068, -7.05867],
							[120.6006, -7.05918],
							[120.6013, -7.06021],
							[120.60177, -7.06238]
						]
					],
					[
						[
							[120.55076, -7.0644],
							[120.55098, -7.06352],
							[120.5504, -7.06149],
							[120.55034, -7.05923],
							[120.55115, -7.05765],
							[120.55257, -7.05718],
							[120.55257, -7.05672],
							[120.55214, -7.05628],
							[120.55082, -7.05649],
							[120.5492, -7.05606],
							[120.54806, -7.05686],
							[120.54242, -7.05761],
							[120.54151, -7.05825],
							[120.54107, -7.05906],
							[120.53979, -7.05915],
							[120.53864, -7.05974],
							[120.5373, -7.06161],
							[120.53692, -7.06299],
							[120.53705, -7.06433],
							[120.53915, -7.06733],
							[120.54178, -7.06827],
							[120.5422, -7.06774],
							[120.54309, -7.0685],
							[120.54432, -7.06772],
							[120.54687, -7.06842],
							[120.54839, -7.06827],
							[120.54995, -7.06764],
							[120.55111, -7.0669],
							[120.55049, -7.06486],
							[120.55076, -7.0644]
						]
					],
					[
						[
							[120.53881, -7.057],
							[120.53812, -7.05722],
							[120.53811, -7.05832],
							[120.53878, -7.05757],
							[120.53962, -7.05763],
							[120.53892, -7.0574],
							[120.53881, -7.057]
						]
					],
					[
						[
							[120.53815, -7.05589],
							[120.53863, -7.05639],
							[120.53929, -7.05511],
							[120.54003, -7.05506],
							[120.54002, -7.05441],
							[120.53846, -7.05452],
							[120.53815, -7.05589]
						]
					],
					[
						[
							[120.52834, -7.00358],
							[120.52882, -7.00323],
							[120.52912, -7.00243],
							[120.5286, -6.99959],
							[120.52484, -6.99267],
							[120.52216, -6.98955],
							[120.52228, -6.98846],
							[120.52091, -6.98816],
							[120.52065, -6.98902],
							[120.5201, -6.98918],
							[120.51639, -6.98805],
							[120.51641, -6.98831],
							[120.51737, -6.98863],
							[120.51962, -6.99246],
							[120.52321, -6.99669],
							[120.52639, -7.00148],
							[120.52738, -7.00238],
							[120.5287, -7.00253],
							[120.52818, -7.00337],
							[120.52834, -7.00358]
						]
					],
					[
						[
							[120.44561, -6.96365],
							[120.44629, -6.96325],
							[120.44657, -6.9618],
							[120.44563, -6.96081],
							[120.44527, -6.96122],
							[120.44559, -6.96154],
							[120.44529, -6.96327],
							[120.44552, -6.96386],
							[120.44561, -6.96365]
						]
					],
					[
						[
							[120.56157, -7.06794],
							[120.56058, -7.06783],
							[120.55933, -7.06719],
							[120.55917, -7.06664],
							[120.55981, -7.0659],
							[120.55895, -7.06492],
							[120.55895, -7.06411],
							[120.55944, -7.06383],
							[120.55935, -7.06342],
							[120.55902, -7.06342],
							[120.5576, -7.06588],
							[120.55715, -7.06619],
							[120.55756, -7.06929],
							[120.55706, -7.0699],
							[120.55722, -7.07122],
							[120.55856, -7.07156],
							[120.55932, -7.07121],
							[120.56065, -7.07193],
							[120.56208, -7.07159],
							[120.56216, -7.07056],
							[120.56315, -7.06972],
							[120.56368, -7.06832],
							[120.56531, -7.06687],
							[120.56606, -7.0647],
							[120.56674, -7.06431],
							[120.56657, -7.06398],
							[120.56537, -7.06388],
							[120.5643, -7.06418],
							[120.56157, -7.06794]
						]
					],
					[
						[
							[120.56749, -7.0652],
							[120.56775, -7.06525],
							[120.568, -7.06471],
							[120.56744, -7.06435],
							[120.56749, -7.0652]
						]
					],
					[
						[
							[120.60272, -7.04195],
							[120.60378, -7.04097],
							[120.60283, -7.04032],
							[120.60162, -7.04202],
							[120.602, -7.04228],
							[120.60272, -7.04195]
						]
					],
					[
						[
							[120.61249, -7.04076],
							[120.61253, -7.04017],
							[120.61202, -7.03995],
							[120.61138, -7.03902],
							[120.61098, -7.03921],
							[120.61084, -7.04056],
							[120.61272, -7.04133],
							[120.61249, -7.04076]
						]
					],
					[
						[
							[120.6194, -7.04177],
							[120.6196, -7.04146],
							[120.6187, -7.04019],
							[120.61713, -7.03933],
							[120.61682, -7.03969],
							[120.61779, -7.04174],
							[120.61848, -7.04207],
							[120.6194, -7.04177]
						]
					],
					[
						[
							[120.59021, -7.10489],
							[120.59107, -7.10454],
							[120.59078, -7.10391],
							[120.58901, -7.10424],
							[120.58966, -7.10465],
							[120.58916, -7.10543],
							[120.59007, -7.10527],
							[120.59021, -7.10489]
						]
					],
					[
						[
							[120.62014, -7.06006],
							[120.62021, -7.0603],
							[120.61993, -7.06025],
							[120.62014, -7.06006]
						]
					],
					[
						[
							[120.66856, -7.14748],
							[120.66799, -7.14836],
							[120.66838, -7.14947],
							[120.6691, -7.15026],
							[120.66982, -7.15027],
							[120.66932, -7.14816],
							[120.66856, -7.14748]
						]
					]
				]
			}
		},
		{
			"type": "Feature",
			"properties": {
				"slug": "selayar--pasimasunggu-timur",
				"nama": "Pasimasunggu Timur",
				"kabkota": "selayar",
				"osm": "relation/9448473",
				"pusat": [-7.100838632478632, 120.73880282051286]
			},
			"geometry": {
				"type": "MultiPolygon",
				"coordinates": [
					[
						[
							[120.68854, -7.05014],
							[120.68745, -7.05318],
							[120.68355, -7.05634],
							[120.68179, -7.05838],
							[120.67897, -7.06423],
							[120.67304, -7.0728],
							[120.67238, -7.08493],
							[120.7006, -7.09524],
							[120.71028, -7.10143],
							[120.71099, -7.10283],
							[120.7121, -7.1115],
							[120.70713, -7.12164],
							[120.69716, -7.13023],
							[120.69745, -7.13087],
							[120.69701, -7.13222],
							[120.69809, -7.13302],
							[120.69833, -7.13381],
							[120.6987, -7.13383],
							[120.69962, -7.13297],
							[120.70129, -7.13392],
							[120.70228, -7.13336],
							[120.70442, -7.13392],
							[120.70598, -7.1336],
							[120.70982, -7.13421],
							[120.71042, -7.13389],
							[120.71093, -7.13185],
							[120.71132, -7.13143],
							[120.71501, -7.1299],
							[120.71807, -7.12939],
							[120.71926, -7.12879],
							[120.72402, -7.12939],
							[120.72452, -7.12916],
							[120.72632, -7.12944],
							[120.72721, -7.12915],
							[120.72919, -7.12937],
							[120.73172, -7.13106],
							[120.73389, -7.13389],
							[120.73401, -7.13449],
							[120.73471, -7.13387],
							[120.73487, -7.13312],
							[120.73608, -7.13294],
							[120.73779, -7.13325],
							[120.73868, -7.13247],
							[120.74153, -7.13154],
							[120.74209, -7.13099],
							[120.74225, -7.12988],
							[120.7427, -7.1295],
							[120.74489, -7.12875],
							[120.74686, -7.12937],
							[120.74774, -7.12875],
							[120.75303, -7.1298],
							[120.75722, -7.13004],
							[120.76141, -7.13146],
							[120.76382, -7.13124],
							[120.76412, -7.13276],
							[120.76545, -7.13375],
							[120.76616, -7.13517],
							[120.76699, -7.13557],
							[120.76787, -7.13446],
							[120.76903, -7.13113],
							[120.77035, -7.12485],
							[120.77083, -7.12354],
							[120.77156, -7.12291],
							[120.77227, -7.11948],
							[120.77295, -7.11865],
							[120.77241, -7.11815],
							[120.77351, -7.11797],
							[120.77388, -7.11719],
							[120.77724, -7.10454],
							[120.77814, -7.10292],
							[120.78175, -7.10073],
							[120.78277, -7.09819],
							[120.7832, -7.09593],
							[120.78251, -7.08795],
							[120.78377, -7.07593],
							[120.78563, -7.06962],
							[120.78702, -7.06318],
							[120.7867, -7.06104],
							[120.78566, -7.05958],
							[120.78379, -7.0591],
							[120.78219, -7.06006],
							[120.77787, -7.0641],
							[120.77677, -7.06572],
							[120.77597, -7.06821],
							[120.77751, -7.06803],
							[120.77777, -7.06824],
							[120.77685, -7.06948],
							[120.77572, -7.06982],
							[120.7698, -7.07489],
							[120.76763, -7.07628],
							[120.76423, -7.07781],
							[120.75933, -7.07925],
							[120.75472, -7.07962],
							[120.75435, -7.07948],
							[120.75423, -7.079],
							[120.75351, -7.07911],
							[120.75358, -7.07956],
							[120.75023, -7.07946],
							[120.74828, -7.07911],
							[120.74571, -7.07782],
							[120.7455, -7.07723],
							[120.74256, -7.07692],
							[120.74119, -7.07625],
							[120.73941, -7.07595],
							[120.73419, -7.07341],
							[120.73314, -7.07219],
							[120.73037, -7.07092],
							[120.72077, -7.06371],
							[120.7188, -7.06122],
							[120.71519, -7.05937],
							[120.70753, -7.0567],
							[120.70576, -7.05545],
							[120.70028, -7.05477],
							[120.69958, -7.05394],
							[120.69481, -7.05277],
							[120.69197, -7.05107],
							[120.68854, -7.05014]
						]
					],
					[
						[
							[120.75729, -7.13371],
							[120.7582, -7.13331],
							[120.75829, -7.13285],
							[120.7558, -7.1322],
							[120.75493, -7.13249],
							[120.75491, -7.13313],
							[120.75544, -7.13363],
							[120.75729, -7.13371]
						]
					],
					[
						[
							[120.75476, -7.09133],
							[120.75499, -7.09159],
							[120.75484, -7.09172],
							[120.75477, -7.09164],
							[120.75482, -7.0916],
							[120.75474, -7.09151],
							[120.75468, -7.09157],
							[120.7546, -7.09147],
							[120.75476, -7.09133]
						]
					],
					[
						[
							[120.75279, -7.01853],
							[120.75227, -7.01933],
							[120.753, -7.02005],
							[120.75339, -7.0195],
							[120.75373, -7.0178],
							[120.75307, -7.01806],
							[120.75279, -7.01853]
						]
					],
					[
						[
							[120.75353, -7.02136],
							[120.75322, -7.02134],
							[120.75331, -7.02187],
							[120.75353, -7.02136]
						]
					]
				]
			}
		},
		{
			"type": "Feature",
			"properties": {
				"slug": "selayar--taka-bonerate",
				"nama": "Taka Bonerate",
				"kabkota": "selayar",
				"osm": "relation/18300378",
				"pusat": [-6.816644505494507, 120.79632472527473]
			},
			"geometry": {
				"type": "MultiPolygon",
				"coordinates": [
					[
						[
							[120.79041, -6.88236],
							[120.79246, -6.87955],
							[120.79183, -6.87951],
							[120.79063, -6.88079],
							[120.79006, -6.88235],
							[120.78983, -6.88225],
							[120.78994, -6.88265],
							[120.78888, -6.88385],
							[120.78783, -6.88434],
							[120.78695, -6.88413],
							[120.78659, -6.88434],
							[120.78674, -6.88465],
							[120.78581, -6.8847],
							[120.78638, -6.88476],
							[120.78654, -6.88507],
							[120.78792, -6.88476],
							[120.79041, -6.88236]
						]
					],
					[
						[
							[120.78135, -6.8108],
							[120.78139, -6.81128],
							[120.78198, -6.81178],
							[120.78206, -6.8129],
							[120.78317, -6.81295],
							[120.78422, -6.81485],
							[120.78578, -6.81606],
							[120.78641, -6.81814],
							[120.78727, -6.81833],
							[120.78796, -6.81758],
							[120.78886, -6.81775],
							[120.79089, -6.81943],
							[120.79151, -6.82093],
							[120.79182, -6.82372],
							[120.79153, -6.82727],
							[120.79197, -6.82797],
							[120.79223, -6.83468],
							[120.79323, -6.84172],
							[120.79344, -6.8521],
							[120.79315, -6.85986],
							[120.7934, -6.86321],
							[120.79408, -6.86481],
							[120.79532, -6.86654],
							[120.79829, -6.8662],
							[120.79895, -6.86536],
							[120.79923, -6.86391],
							[120.79959, -6.85629],
							[120.80132, -6.85033],
							[120.80429, -6.84589],
							[120.8057, -6.84541],
							[120.80654, -6.84455],
							[120.80722, -6.84474],
							[120.8077, -6.84428],
							[120.81069, -6.83831],
							[120.81229, -6.83661],
							[120.81328, -6.83601],
							[120.81299, -6.83495],
							[120.81334, -6.8337],
							[120.81374, -6.83337],
							[120.81353, -6.83297],
							[120.81372, -6.83205],
							[120.81325, -6.8317],
							[120.81336, -6.83084],
							[120.81294, -6.82999],
							[120.81059, -6.82653],
							[120.81013, -6.8254],
							[120.80969, -6.82082],
							[120.80873, -6.8188],
							[120.80872, -6.81707],
							[120.80979, -6.81296],
							[120.80947, -6.81129],
							[120.80791, -6.80811],
							[120.80731, -6.80803],
							[120.80712, -6.80769],
							[120.80728, -6.80682],
							[120.80686, -6.80502],
							[120.80745, -6.80272],
							[120.80716, -6.80236],
							[120.80719, -6.80146],
							[120.80639, -6.79996],
							[120.8074, -6.79682],
							[120.8071, -6.79488],
							[120.80642, -6.79397],
							[120.80184, -6.79038],
							[120.79996, -6.78846],
							[120.79941, -6.78746],
							[120.79728, -6.78583],
							[120.79398, -6.78059],
							[120.79136, -6.77913],
							[120.78848, -6.77893],
							[120.78765, -6.77951],
							[120.78686, -6.78205],
							[120.78615, -6.78695],
							[120.78449, -6.78871],
							[120.78356, -6.78803],
							[120.78304, -6.78822],
							[120.78304, -6.78991],
							[120.78234, -6.79059],
							[120.7817, -6.79289],
							[120.78126, -6.79294],
							[120.78101, -6.79447],
							[120.78061, -6.79443],
							[120.78066, -6.79711],
							[120.77983, -6.7976],
							[120.77978, -6.79868],
							[120.77926, -6.79944],
							[120.78025, -6.803],
							[120.78079, -6.80753],
							[120.78065, -6.80866],
							[120.78127, -6.80952],
							[120.78135, -6.8108]
						]
					],
					[
						[
							[120.9797, -6.70307],
							[120.97779, -6.70325],
							[120.97601, -6.70384],
							[120.97449, -6.7053],
							[120.97901, -6.70437],
							[120.97999, -6.70343],
							[120.9797, -6.70307]
						]
					],
					[
						[
							[120.9669, -6.75768],
							[120.96719, -6.76366],
							[120.96734, -6.76459],
							[120.96783, -6.76528],
							[120.97156, -6.753],
							[120.97174, -6.7512],
							[120.97149, -6.75029],
							[120.96901, -6.75092],
							[120.96761, -6.75206],
							[120.96696, -6.75382],
							[120.9669, -6.75768]
						]
					],
					[
						[
							[121.0008, -6.9472],
							[121.00276, -6.94254],
							[121.00222, -6.94175],
							[121.00194, -6.94182],
							[121.00197, -6.94344],
							[121.00019, -6.94575],
							[121.00028, -6.9472],
							[121.00064, -6.94748],
							[121.0008, -6.9472]
						]
					],
					[
						[
							[121.06397, -7.04482],
							[121.0645, -7.04046],
							[121.06409, -7.03772],
							[121.06277, -7.04048],
							[121.06224, -7.04236],
							[121.06222, -7.04594],
							[121.06304, -7.04744],
							[121.06341, -7.04736],
							[121.06321, -7.0462],
							[121.06397, -7.04482]
						]
					],
					[
						[
							[120.79077, -6.95706],
							[120.78823, -6.95655],
							[120.78719, -6.95696],
							[120.78571, -6.95814],
							[120.78543, -6.95925],
							[120.78598, -6.96038],
							[120.78701, -6.96141],
							[120.78617, -6.96161],
							[120.78622, -6.96191],
							[120.79077, -6.96103],
							[120.79264, -6.96028],
							[120.79394, -6.95887],
							[120.7953, -6.95875],
							[120.79511, -6.95845],
							[120.79077, -6.95706]
						]
					],
					[
						[
							[121.09618, -7.0676],
							[121.09661, -7.06747],
							[121.09658, -7.067],
							[121.09749, -7.06646],
							[121.099, -7.0648],
							[121.09972, -7.06348],
							[121.10018, -7.06049],
							[121.09959, -7.05928],
							[121.09986, -7.0589],
							[121.09961, -7.05862],
							[121.09848, -7.05842],
							[121.09784, -7.05884],
							[121.09611, -7.0625],
							[121.09541, -7.06508],
							[121.09549, -7.06671],
							[121.09571, -7.06735],
							[121.09618, -7.0676]
						]
					],
					[
						[
							[121.12074, -7.07947],
							[121.1216, -7.0784],
							[121.12236, -7.07491],
							[121.12277, -7.0703],
							[121.1224, -7.0685],
							[121.12297, -7.06836],
							[121.12268, -7.06805],
							[121.12188, -7.06819],
							[121.12104, -7.06893],
							[121.12036, -7.07093],
							[121.12004, -7.07392],
							[121.12007, -7.07799],
							[121.12037, -7.07937],
							[121.11958, -7.07997],
							[121.11971, -7.0803],
							[121.12074, -7.07947]
						]
					],
					[
						[
							[121.21731, -7.00626],
							[121.21832, -7.0037],
							[121.21804, -7.0022],
							[121.2169, -7.00498],
							[121.21668, -7.00637],
							[121.21731, -7.00626]
						]
					],
					[
						[
							[121.28564, -6.91509],
							[121.28501, -6.91504],
							[121.28479, -6.9153],
							[121.28569, -6.91597],
							[121.28666, -6.91757],
							[121.28669, -6.91872],
							[121.28702, -6.91884],
							[121.28651, -6.91601],
							[121.28564, -6.91509]
						]
					],
					[
						[
							[121.26688, -6.89523],
							[121.27157, -6.90111],
							[121.27172, -6.90048],
							[121.27097, -6.89926],
							[121.26922, -6.89753],
							[121.26561, -6.89293],
							[121.26532, -6.89176],
							[121.26565, -6.88962],
							[121.26542, -6.88842],
							[121.26485, -6.88753],
							[121.26451, -6.8875],
							[121.26415, -6.88832],
							[121.26468, -6.88864],
							[121.26459, -6.89177],
							[121.26542, -6.8938],
							[121.26614, -6.89415],
							[121.26688, -6.89523]
						]
					],
					[
						[
							[121.07273, -6.75975],
							[121.07275, -6.7573],
							[121.0725, -6.7573],
							[121.07246, -6.75948],
							[121.07272, -6.76015],
							[121.07273, -6.75975]
						]
					],
					[
						[
							[120.99933, -6.54611],
							[121.00012, -6.53497],
							[120.99997, -6.53286],
							[120.99911, -6.53124],
							[120.99814, -6.532],
							[120.99751, -6.53332],
							[120.99683, -6.53576],
							[120.99664, -6.53857],
							[120.99783, -6.54499],
							[120.99893, -6.54615],
							[120.99863, -6.54655],
							[120.99907, -6.54652],
							[120.99933, -6.54611]
						]
					],
					[
						[
							[121.02358, -6.57933],
							[121.02482, -6.57815],
							[121.02575, -6.57495],
							[121.02564, -6.56803],
							[121.02533, -6.5663],
							[121.02461, -6.56564],
							[121.02358, -6.57933]
						]
					],
					[
						[
							[121.05739, -6.57265],
							[121.05785, -6.57204],
							[121.05823, -6.57024],
							[121.05728, -6.57049],
							[121.05781, -6.57086],
							[121.05757, -6.5719],
							[121.05642, -6.57295],
							[121.0568, -6.57314],
							[121.05739, -6.57265]
						]
					],
					[
						[
							[121.07829, -6.56965],
							[121.0792, -6.56882],
							[121.07976, -6.56768],
							[121.08009, -6.56609],
							[121.07955, -6.5649],
							[121.0801, -6.56492],
							[121.08002, -6.56452],
							[121.07913, -6.56472],
							[121.07809, -6.56757],
							[121.07783, -6.56942],
							[121.07678, -6.56975],
							[121.07759, -6.56998],
							[121.07829, -6.56965]
						]
					],
					[
						[
							[121.09882, -6.57402],
							[121.10008, -6.57013],
							[121.10013, -6.56807],
							[121.09909, -6.56544],
							[121.09978, -6.56508],
							[121.09958, -6.56497],
							[121.09892, -6.565],
							[121.09837, -6.56571],
							[121.09745, -6.56894],
							[121.09738, -6.57077],
							[121.09805, -6.57451],
							[121.09844, -6.57508],
							[121.09936, -6.57545],
							[121.0996, -6.5751],
							[121.099, -6.57499],
							[121.09915, -6.57452],
							[121.09882, -6.57402]
						]
					],
					[
						[
							[121.17132, -6.55722],
							[121.17164, -6.55672],
							[121.1716, -6.55365],
							[121.17097, -6.55148],
							[121.17112, -6.55071],
							[121.17072, -6.55003],
							[121.17085, -6.55674],
							[121.17048, -6.55753],
							[121.17082, -6.55811],
							[121.17132, -6.55722]
						]
					],
					[
						[
							[121.13375, -6.49656],
							[121.13421, -6.4969],
							[121.13501, -6.49683],
							[121.1357, -6.49604],
							[121.13562, -6.49491],
							[121.13455, -6.49299],
							[121.13205, -6.49056],
							[121.13228, -6.49554],
							[121.13375, -6.49656]
						]
					],
					[
						[
							[121.13139, -6.46068],
							[121.12872, -6.45605],
							[121.12775, -6.45474],
							[121.12702, -6.45465],
							[121.13186, -6.46234],
							[121.13139, -6.46068]
						]
					],
					[
						[
							[120.98618, -6.50409],
							[120.99255, -6.50367],
							[120.99551, -6.50282],
							[121.00177, -6.49551],
							[121.00194, -6.49437],
							[121.00095, -6.49422],
							[120.99857, -6.49499],
							[120.99278, -6.49828],
							[120.98496, -6.50163],
							[120.98046, -6.50482],
							[120.98179, -6.50497],
							[120.98618, -6.50409]
						]
					],
					[
						[
							[120.95337, -6.5134],
							[120.95395, -6.51068],
							[120.95389, -6.50892],
							[120.95256, -6.51159],
							[120.95054, -6.52118],
							[120.95077, -6.52187],
							[120.95127, -6.52129],
							[120.95337, -6.5134]
						]
					],
					[
						[
							[120.81002, -6.7949],
							[120.80997, -6.79467],
							[120.80983, -6.79446],
							[120.80968, -6.79446],
							[120.80967, -6.79463],
							[120.80973, -6.79475],
							[120.80986, -6.79487],
							[120.80996, -6.79493],
							[120.81002, -6.7949]
						]
					],
					[
						[
							[120.79434, -6.8274],
							[120.79431, -6.8274],
							[120.79432, -6.82738],
							[120.79427, -6.82738],
							[120.79427, -6.8274],
							[120.79424, -6.82739],
							[120.79423, -6.8275],
							[120.79443, -6.82752],
							[120.79444, -6.82734],
							[120.79434, -6.82733],
							[120.79434, -6.8274]
						]
					]
				]
			}
		},
		{
			"type": "Feature",
			"properties": {
				"slug": "takalar--galesong",
				"nama": "Galesong",
				"kabkota": "takalar",
				"osm": "relation/13138438",
				"pusat": [-5.341175876288657, 119.37664432989692]
			},
			"geometry": {
				"type": "MultiPolygon",
				"coordinates": [
					[
						[
							[119.36829, -5.30419],
							[119.36501, -5.31242],
							[119.3636, -5.31513],
							[119.36001, -5.32024],
							[119.3602, -5.32063],
							[119.35983, -5.32069],
							[119.35846, -5.32262],
							[119.3563, -5.32401],
							[119.35601, -5.32409],
							[119.3556, -5.32365],
							[119.35374, -5.32531],
							[119.35431, -5.32719],
							[119.35709, -5.33254],
							[119.35939, -5.33832],
							[119.36035, -5.3431],
							[119.36262, -5.34388],
							[119.3641, -5.34513],
							[119.36422, -5.34642],
							[119.36291, -5.3476],
							[119.36375, -5.34865],
							[119.36543, -5.34822],
							[119.36664, -5.34588],
							[119.36719, -5.34567],
							[119.36844, -5.34638],
							[119.3686, -5.34757],
							[119.36798, -5.35015],
							[119.36809, -5.35121],
							[119.36926, -5.352],
							[119.37125, -5.35226],
							[119.37148, -5.35273],
							[119.37115, -5.35424],
							[119.3724, -5.35639],
							[119.37191, -5.3573],
							[119.37086, -5.35669],
							[119.37004, -5.35693],
							[119.37031, -5.35803],
							[119.37173, -5.35816],
							[119.37182, -5.35841],
							[119.37154, -5.35921],
							[119.36941, -5.35983],
							[119.3693, -5.36054],
							[119.37014, -5.36147],
							[119.37098, -5.36078],
							[119.37337, -5.36121],
							[119.37476, -5.36025],
							[119.37588, -5.36034],
							[119.37606, -5.35957],
							[119.37651, -5.35951],
							[119.37681, -5.36008],
							[119.37655, -5.36131],
							[119.37738, -5.36316],
							[119.37917, -5.36309],
							[119.38068, -5.36265],
							[119.38107, -5.36326],
							[119.38281, -5.36111],
							[119.38306, -5.35973],
							[119.38415, -5.35817],
							[119.38415, -5.3575],
							[119.38518, -5.35755],
							[119.38552, -5.35701],
							[119.38881, -5.35747],
							[119.38963, -5.3588],
							[119.38927, -5.35912],
							[119.39014, -5.36093],
							[119.39051, -5.3608],
							[119.39124, -5.36123],
							[119.39141, -5.36173],
							[119.39259, -5.36174],
							[119.39301, -5.36129],
							[119.39458, -5.36133],
							[119.39557, -5.36208],
							[119.39598, -5.36185],
							[119.39782, -5.36258],
							[119.40277, -5.35485],
							[119.40222, -5.35086],
							[119.40255, -5.34946],
							[119.40115, -5.34562],
							[119.40101, -5.34303],
							[119.39752, -5.32823],
							[119.39729, -5.32559],
							[119.39451, -5.31065],
							[119.39191, -5.30834],
							[119.3895, -5.30358],
							[119.38911, -5.30334],
							[119.3873, -5.30418],
							[119.38669, -5.30418],
							[119.38414, -5.30346],
							[119.38335, -5.303],
							[119.38074, -5.3001],
							[119.37806, -5.30103],
							[119.37537, -5.30117],
							[119.37308, -5.29993],
							[119.37194, -5.29873],
							[119.37092, -5.29864],
							[119.37012, -5.29987],
							[119.36955, -5.29972],
							[119.36829, -5.30419]
						]
					],
					[
						[
							[119.3424, -5.32376],
							[119.34188, -5.32377],
							[119.34156, -5.32425],
							[119.34177, -5.3251],
							[119.34222, -5.32532],
							[119.34346, -5.32477],
							[119.34399, -5.32339],
							[119.34353, -5.32333],
							[119.34322, -5.32387],
							[119.3424, -5.32376]
						]
					]
				]
			}
		},
		{
			"type": "Feature",
			"properties": {
				"slug": "takalar--galesong-selatan",
				"nama": "Galesong Selatan",
				"kabkota": "takalar",
				"osm": "relation/13138439",
				"pusat": [-5.370199714285717, 119.37758257142859]
			},
			"geometry": {
				"type": "Polygon",
				"coordinates": [
					[
						[119.40277, -5.35485],
						[119.39782, -5.36258],
						[119.39598, -5.36185],
						[119.39557, -5.36208],
						[119.39458, -5.36133],
						[119.39301, -5.36129],
						[119.39259, -5.36174],
						[119.39141, -5.36173],
						[119.39124, -5.36123],
						[119.39051, -5.3608],
						[119.39014, -5.36093],
						[119.38927, -5.35912],
						[119.38963, -5.3588],
						[119.38881, -5.35747],
						[119.38552, -5.35701],
						[119.38518, -5.35755],
						[119.38415, -5.3575],
						[119.38415, -5.35817],
						[119.38306, -5.35973],
						[119.38281, -5.36111],
						[119.38107, -5.36326],
						[119.38068, -5.36265],
						[119.37917, -5.36309],
						[119.37738, -5.36316],
						[119.37655, -5.36131],
						[119.37681, -5.36008],
						[119.37651, -5.35951],
						[119.37606, -5.35957],
						[119.37588, -5.36034],
						[119.37476, -5.36025],
						[119.37337, -5.36121],
						[119.37098, -5.36078],
						[119.37014, -5.36147],
						[119.3693, -5.36054],
						[119.36941, -5.35983],
						[119.37154, -5.35921],
						[119.37182, -5.35841],
						[119.37173, -5.35816],
						[119.37031, -5.35803],
						[119.37004, -5.35693],
						[119.37086, -5.35669],
						[119.37191, -5.3573],
						[119.3724, -5.35639],
						[119.37115, -5.35424],
						[119.37148, -5.35273],
						[119.37125, -5.35226],
						[119.36926, -5.352],
						[119.36809, -5.35121],
						[119.36798, -5.35015],
						[119.3686, -5.34757],
						[119.36844, -5.34638],
						[119.36719, -5.34567],
						[119.36664, -5.34588],
						[119.36543, -5.34822],
						[119.36375, -5.34865],
						[119.36291, -5.3476],
						[119.36422, -5.34642],
						[119.3641, -5.34513],
						[119.36288, -5.34422],
						[119.36265, -5.34442],
						[119.3613, -5.34384],
						[119.36061, -5.34394],
						[119.36104, -5.34915],
						[119.36093, -5.35815],
						[119.3587, -5.38116],
						[119.35877, -5.39252],
						[119.3593, -5.39951],
						[119.35885, -5.40295],
						[119.35962, -5.4032],
						[119.35924, -5.40475],
						[119.36224, -5.4158],
						[119.36298, -5.41708],
						[119.36363, -5.41724],
						[119.36549, -5.4205],
						[119.36587, -5.41967],
						[119.3669, -5.4191],
						[119.36636, -5.41753],
						[119.3651, -5.41673],
						[119.36421, -5.41565],
						[119.36363, -5.4122],
						[119.36396, -5.41101],
						[119.36327, -5.40899],
						[119.3662, -5.40207],
						[119.36893, -5.39672],
						[119.38121, -5.38834],
						[119.3838, -5.38701],
						[119.38615, -5.38597],
						[119.3937, -5.38464],
						[119.39774, -5.38354],
						[119.40053, -5.38219],
						[119.40028, -5.37954],
						[119.39986, -5.37913],
						[119.39723, -5.37691],
						[119.39462, -5.37585],
						[119.39258, -5.37545],
						[119.39136, -5.37453],
						[119.39119, -5.3736],
						[119.39224, -5.37207],
						[119.3945, -5.37178],
						[119.39563, -5.37237],
						[119.39722, -5.37426],
						[119.39841, -5.37476],
						[119.40078, -5.37226],
						[119.40434, -5.36467],
						[119.40277, -5.35485]
					]
				]
			}
		},
		{
			"type": "Feature",
			"properties": {
				"slug": "takalar--galesong-utara",
				"nama": "Galesong Utara",
				"kabkota": "takalar",
				"osm": "relation/13138437",
				"pusat": [-5.24934918918919, 119.39168540540541]
			},
			"geometry": {
				"type": "MultiPolygon",
				"coordinates": [
					[
						[
							[119.42758, -5.25544],
							[119.42819, -5.25825],
							[119.42727, -5.26204],
							[119.42369, -5.26037],
							[119.42127, -5.25812],
							[119.42261, -5.2536],
							[119.42438, -5.25466],
							[119.42652, -5.25494],
							[119.42758, -5.25544]
						]
					],
					[
						[
							[119.44024, -5.2469],
							[119.43954, -5.24748],
							[119.43995, -5.24794],
							[119.43978, -5.24907],
							[119.44026, -5.2496],
							[119.44112, -5.24898],
							[119.44163, -5.24797],
							[119.44126, -5.24787],
							[119.44077, -5.24698],
							[119.44024, -5.2469]
						]
					],
					[
						[
							[119.36955, -5.29972],
							[119.37012, -5.29987],
							[119.37092, -5.29864],
							[119.37154, -5.29851],
							[119.37417, -5.30063],
							[119.37658, -5.3013],
							[119.38074, -5.3001],
							[119.37963, -5.2981],
							[119.3776, -5.29606],
							[119.37655, -5.29292],
							[119.37641, -5.29093],
							[119.37597, -5.29071],
							[119.37641, -5.28975],
							[119.37801, -5.28796],
							[119.38021, -5.28388],
							[119.38198, -5.28229],
							[119.38264, -5.28083],
							[119.3843, -5.27935],
							[119.38556, -5.27296],
							[119.38535, -5.27142],
							[119.38566, -5.27085],
							[119.39033, -5.2656],
							[119.39755, -5.26046],
							[119.39964, -5.25624],
							[119.4068, -5.2467],
							[119.41395, -5.25191],
							[119.41527, -5.25008],
							[119.41583, -5.24784],
							[119.41551, -5.24728],
							[119.41637, -5.23931],
							[119.41528, -5.2386],
							[119.41388, -5.23846],
							[119.41243, -5.23786],
							[119.41157, -5.23695],
							[119.41168, -5.23578],
							[119.4105, -5.23494],
							[119.40892, -5.23458],
							[119.4083, -5.23495],
							[119.40771, -5.23485],
							[119.40765, -5.23453],
							[119.40632, -5.23359],
							[119.40618, -5.23229],
							[119.39796, -5.22922],
							[119.39723, -5.22843],
							[119.39723, -5.22712],
							[119.3963, -5.22636],
							[119.39687, -5.22377],
							[119.39625, -5.22363],
							[119.39612, -5.22258],
							[119.39645, -5.22232],
							[119.39739, -5.2225],
							[119.39795, -5.22344],
							[119.39922, -5.22036],
							[119.39886, -5.22011],
							[119.39901, -5.21987],
							[119.39423, -5.21656],
							[119.39334, -5.2164],
							[119.39165, -5.2173],
							[119.38845, -5.21653],
							[119.3853, -5.215],
							[119.38545, -5.21412],
							[119.38488, -5.21274],
							[119.38433, -5.20757],
							[119.38373, -5.20735],
							[119.38356, -5.20602],
							[119.38329, -5.20591],
							[119.38385, -5.21986],
							[119.38334, -5.22813],
							[119.38282, -5.23179],
							[119.38051, -5.24023],
							[119.37945, -5.25008],
							[119.37731, -5.26438],
							[119.37127, -5.29286],
							[119.36955, -5.29972]
						]
					]
				]
			}
		},
		{
			"type": "Feature",
			"properties": {
				"slug": "takalar--kepulauan-tanakeke",
				"nama": "Kepulauan Tanakeke",
				"kabkota": "takalar",
				"osm": "relation/15636499",
				"pusat": [-5.50597626213592, 119.28557143203886]
			},
			"geometry": {
				"type": "MultiPolygon",
				"coordinates": [
					[
						[
							[119.3064, -5.51924],
							[119.30859, -5.51846],
							[119.3096, -5.51853],
							[119.31164, -5.51759],
							[119.3148, -5.51511],
							[119.3158, -5.5134],
							[119.3154, -5.51293],
							[119.31465, -5.51344],
							[119.31376, -5.51483],
							[119.31353, -5.51399],
							[119.31252, -5.514],
							[119.31292, -5.51281],
							[119.31239, -5.51236],
							[119.31295, -5.51201],
							[119.31587, -5.5066],
							[119.31646, -5.50601],
							[119.3156, -5.50544],
							[119.31765, -5.50168],
							[119.31777, -5.50091],
							[119.31674, -5.50282],
							[119.3156, -5.50127],
							[119.31468, -5.50235],
							[119.3138, -5.50221],
							[119.31363, -5.50178],
							[119.31192, -5.50069],
							[119.31173, -5.50022],
							[119.31224, -5.49957],
							[119.31223, -5.49857],
							[119.31127, -5.49839],
							[119.31188, -5.49809],
							[119.31204, -5.4971],
							[119.31261, -5.49649],
							[119.31345, -5.4974],
							[119.31336, -5.49765],
							[119.31436, -5.49797],
							[119.31491, -5.49765],
							[119.31457, -5.49678],
							[119.31488, -5.49676],
							[119.31543, -5.49584],
							[119.31607, -5.49612],
							[119.31582, -5.49762],
							[119.31667, -5.49825],
							[119.3172, -5.49672],
							[119.31891, -5.49632],
							[119.31823, -5.49859],
							[119.31843, -5.49862],
							[119.31919, -5.49642],
							[119.31825, -5.4961],
							[119.31815, -5.49394],
							[119.31772, -5.49297],
							[119.31799, -5.49236],
							[119.31792, -5.49048],
							[119.31728, -5.48971],
							[119.31724, -5.48896],
							[119.31693, -5.48889],
							[119.31612, -5.4875],
							[119.316, -5.4871],
							[119.31635, -5.48703],
							[119.3163, -5.48672],
							[119.31576, -5.4862],
							[119.31506, -5.48615],
							[119.31372, -5.48721],
							[119.31343, -5.48902],
							[119.31223, -5.48739],
							[119.31104, -5.48803],
							[119.31147, -5.4889],
							[119.31151, -5.49165],
							[119.31097, -5.49161],
							[119.31029, -5.49101],
							[119.30946, -5.49154],
							[119.30921, -5.49242],
							[119.3087, -5.49228],
							[119.30818, -5.49281],
							[119.30875, -5.49458],
							[119.3043, -5.49557],
							[119.30462, -5.49733],
							[119.30366, -5.49782],
							[119.30332, -5.49617],
							[119.30249, -5.49659],
							[119.30197, -5.49491],
							[119.3021, -5.49362],
							[119.30105, -5.49387],
							[119.30114, -5.49518],
							[119.30079, -5.4959],
							[119.30013, -5.49558],
							[119.29863, -5.49637],
							[119.29862, -5.49607],
							[119.29958, -5.49577],
							[119.29984, -5.49528],
							[119.29939, -5.49409],
							[119.29846, -5.49483],
							[119.29774, -5.49426],
							[119.29864, -5.49371],
							[119.2983, -5.49309],
							[119.29912, -5.49226],
							[119.29882, -5.49145],
							[119.29823, -5.49132],
							[119.29758, -5.49042],
							[119.29627, -5.49108],
							[119.29627, -5.49068],
							[119.29536, -5.49051],
							[119.29502, -5.49013],
							[119.29523, -5.48924],
							[119.29665, -5.48862],
							[119.29666, -5.48836],
							[119.29752, -5.48827],
							[119.29772, -5.48781],
							[119.29879, -5.48817],
							[119.29975, -5.48723],
							[119.2993, -5.48665],
							[119.29947, -5.48644],
							[119.29984, -5.4867],
							[119.30123, -5.48612],
							[119.30229, -5.48631],
							[119.30456, -5.4855],
							[119.30463, -5.48503],
							[119.30942, -5.48216],
							[119.30785, -5.47913],
							[119.30684, -5.4795],
							[119.30648, -5.47868],
							[119.30201, -5.48119],
							[119.30178, -5.48074],
							[119.30147, -5.4808],
							[119.30148, -5.47995],
							[119.30022, -5.47951],
							[119.30083, -5.47867],
							[119.30237, -5.47806],
							[119.3031, -5.47857],
							[119.30426, -5.47766],
							[119.30437, -5.4767],
							[119.30385, -5.47633],
							[119.30313, -5.4764],
							[119.30244, -5.47503],
							[119.30191, -5.47509],
							[119.30179, -5.47484],
							[119.30319, -5.47357],
							[119.30169, -5.47215],
							[119.29892, -5.4708],
							[119.29818, -5.46991],
							[119.29714, -5.4693],
							[119.29624, -5.46974],
							[119.29446, -5.46884],
							[119.28987, -5.46868],
							[119.28975, -5.46923],
							[119.29014, -5.46937],
							[119.28981, -5.47077],
							[119.28822, -5.47052],
							[119.28723, -5.47183],
							[119.28583, -5.47617],
							[119.28571, -5.47779],
							[119.28602, -5.47782],
							[119.28618, -5.47833],
							[119.28544, -5.47883],
							[119.28551, -5.47914],
							[119.28509, -5.47919],
							[119.28477, -5.47479],
							[119.28428, -5.47231],
							[119.28385, -5.47204],
							[119.2822, -5.47277],
							[119.27948, -5.47244],
							[119.27889, -5.47262],
							[119.2771, -5.47511],
							[119.27557, -5.47634],
							[119.27507, -5.47898],
							[119.27526, -5.47981],
							[119.27583, -5.48012],
							[119.27542, -5.48003],
							[119.27572, -5.4821],
							[119.27632, -5.48262],
							[119.27696, -5.48395],
							[119.27751, -5.48435],
							[119.27853, -5.48449],
							[119.27722, -5.48448],
							[119.2768, -5.48585],
							[119.27719, -5.48643],
							[119.27657, -5.48724],
							[119.27693, -5.48865],
							[119.27767, -5.48919],
							[119.27761, -5.49007],
							[119.27871, -5.49261],
							[119.27868, -5.49339],
							[119.27932, -5.49422],
							[119.27916, -5.4952],
							[119.27876, -5.49512],
							[119.27801, -5.49644],
							[119.2783, -5.49711],
							[119.27755, -5.50071],
							[119.27676, -5.50158],
							[119.27695, -5.50184],
							[119.27602, -5.50252],
							[119.27595, -5.50335],
							[119.27557, -5.5025],
							[119.27471, -5.5029],
							[119.27322, -5.50148],
							[119.2733, -5.50124],
							[119.27214, -5.50053],
							[119.26926, -5.5002],
							[119.26833, -5.50044],
							[119.26853, -5.501],
							[119.26828, -5.50179],
							[119.26856, -5.50193],
							[119.26811, -5.50278],
							[119.26812, -5.50354],
							[119.26681, -5.50309],
							[119.26484, -5.50345],
							[119.26444, -5.50309],
							[119.26242, -5.50388],
							[119.26053, -5.5036],
							[119.25656, -5.50512],
							[119.25598, -5.50448],
							[119.2554, -5.50467],
							[119.2547, -5.50427],
							[119.2538, -5.50463],
							[119.25431, -5.50392],
							[119.25375, -5.50307],
							[119.25341, -5.50275],
							[119.25226, -5.50268],
							[119.25129, -5.50391],
							[119.25239, -5.50483],
							[119.2519, -5.50539],
							[119.2529, -5.50646],
							[119.25166, -5.50769],
							[119.25055, -5.50672],
							[119.24991, -5.50708],
							[119.25002, -5.50784],
							[119.25147, -5.5088],
							[119.25242, -5.50867],
							[119.25298, -5.50907],
							[119.25351, -5.50906],
							[119.25404, -5.50841],
							[119.25474, -5.50905],
							[119.2554, -5.50801],
							[119.25604, -5.50833],
							[119.25651, -5.50812],
							[119.25733, -5.50935],
							[119.25793, -5.50919],
							[119.25926, -5.51049],
							[119.25924, -5.50918],
							[119.25838, -5.50821],
							[119.25879, -5.50803],
							[119.25957, -5.50893],
							[119.25998, -5.50867],
							[119.26091, -5.51009],
							[119.26176, -5.50985],
							[119.26144, -5.51028],
							[119.26168, -5.51061],
							[119.26259, -5.51045],
							[119.26255, -5.51128],
							[119.26194, -5.51141],
							[119.2621, -5.51249],
							[119.26182, -5.5126],
							[119.26218, -5.51328],
							[119.26094, -5.51321],
							[119.26124, -5.51233],
							[119.2604, -5.51127],
							[119.25942, -5.51142],
							[119.25961, -5.51196],
							[119.25919, -5.51245],
							[119.25942, -5.51344],
							[119.25913, -5.5144],
							[119.26053, -5.51904],
							[119.26015, -5.52069],
							[119.25926, -5.52127],
							[119.25943, -5.52154],
							[119.25825, -5.5223],
							[119.25814, -5.5227],
							[119.25957, -5.52484],
							[119.26051, -5.52391],
							[119.26204, -5.52465],
							[119.26258, -5.52431],
							[119.26305, -5.52371],
							[119.26265, -5.52296],
							[119.26366, -5.52184],
							[119.26493, -5.52359],
							[119.26538, -5.52323],
							[119.2652, -5.52201],
							[119.26567, -5.52176],
							[119.26588, -5.52243],
							[119.26773, -5.52327],
							[119.26816, -5.52397],
							[119.26777, -5.52447],
							[119.26644, -5.52403],
							[119.26628, -5.5243],
							[119.26666, -5.52476],
							[119.26769, -5.52504],
							[119.26848, -5.52421],
							[119.26861, -5.52342],
							[119.26829, -5.52163],
							[119.26713, -5.52105],
							[119.26762, -5.51859],
							[119.26661, -5.51707],
							[119.26772, -5.51675],
							[119.26766, -5.51608],
							[119.26821, -5.51627],
							[119.26851, -5.51586],
							[119.27078, -5.51629],
							[119.27145, -5.51453],
							[119.27321, -5.51579],
							[119.27251, -5.51682],
							[119.27278, -5.51751],
							[119.27476, -5.51803],
							[119.27431, -5.51847],
							[119.27471, -5.51896],
							[119.27436, -5.51952],
							[119.27381, -5.51932],
							[119.27306, -5.52016],
							[119.27347, -5.52075],
							[119.27392, -5.52133],
							[119.27584, -5.51998],
							[119.27589, -5.52029],
							[119.2751, -5.5207],
							[119.27567, -5.52126],
							[119.27563, -5.52175],
							[119.27588, -5.52173],
							[119.27556, -5.52224],
							[119.27625, -5.5222],
							[119.27715, -5.52333],
							[119.27849, -5.52343],
							[119.27869, -5.5238],
							[119.27846, -5.52418],
							[119.27884, -5.52478],
							[119.28006, -5.52544],
							[119.27802, -5.52458],
							[119.27771, -5.52391],
							[119.27723, -5.52416],
							[119.27601, -5.52383],
							[119.27582, -5.52433],
							[119.27502, -5.52389],
							[119.27465, -5.52627],
							[119.27493, -5.52659],
							[119.27655, -5.52657],
							[119.27685, -5.52686],
							[119.27644, -5.52758],
							[119.27515, -5.52758],
							[119.27351, -5.52597],
							[119.27277, -5.52686],
							[119.2727, -5.52813],
							[119.27195, -5.52906],
							[119.27038, -5.52864],
							[119.27001, -5.52925],
							[119.26918, -5.52965],
							[119.26924, -5.53042],
							[119.26983, -5.53128],
							[119.27175, -5.5324],
							[119.27408, -5.52996],
							[119.2749, -5.53077],
							[119.27525, -5.53057],
							[119.27575, -5.53108],
							[119.27623, -5.53073],
							[119.27653, -5.53156],
							[119.27728, -5.53075],
							[119.2797, -5.5311],
							[119.27952, -5.53185],
							[119.27996, -5.53225],
							[119.27937, -5.53234],
							[119.2787, -5.53186],
							[119.27854, -5.53208],
							[119.28, -5.53273],
							[119.2837, -5.53295],
							[119.28381, -5.53258],
							[119.28464, -5.53217],
							[119.2853, -5.53111],
							[119.28877, -5.53039],
							[119.28882, -5.53009],
							[119.28799, -5.52938],
							[119.28739, -5.5304],
							[119.28617, -5.5306],
							[119.28619, -5.53],
							[119.28583, -5.52985],
							[119.28467, -5.53102],
							[119.28439, -5.52954],
							[119.28576, -5.5286],
							[119.28554, -5.52815],
							[119.28609, -5.52812],
							[119.28619, -5.52762],
							[119.2852, -5.52752],
							[119.28512, -5.52716],
							[119.28699, -5.52702],
							[119.28576, -5.52643],
							[119.28553, -5.52561],
							[119.28591, -5.52558],
							[119.28619, -5.52487],
							[119.28671, -5.52455],
							[119.28702, -5.52518],
							[119.28865, -5.52513],
							[119.2886, -5.52422],
							[119.2893, -5.52401],
							[119.29036, -5.52423],
							[119.29061, -5.52546],
							[119.29118, -5.52525],
							[119.29251, -5.52564],
							[119.29194, -5.52617],
							[119.29145, -5.5262],
							[119.29102, -5.52758],
							[119.2901, -5.5276],
							[119.29063, -5.52786],
							[119.2919, -5.52757],
							[119.29166, -5.52921],
							[119.28999, -5.52896],
							[119.29028, -5.52949],
							[119.29195, -5.5301],
							[119.2958, -5.52973],
							[119.29652, -5.52924],
							[119.29632, -5.52874],
							[119.29715, -5.52832],
							[119.30182, -5.52719],
							[119.30303, -5.52618],
							[119.30361, -5.52452],
							[119.30471, -5.5248],
							[119.3053, -5.52267],
							[119.30609, -5.52117],
							[119.3064, -5.51924]
						]
					],
					[
						[
							[119.25679, -5.4968],
							[119.25569, -5.49794],
							[119.2556, -5.49838],
							[119.25616, -5.4984],
							[119.25659, -5.49726],
							[119.25695, -5.49707],
							[119.25679, -5.4968]
						]
					],
					[
						[
							[119.25782, -5.49536],
							[119.25751, -5.49517],
							[119.2573, -5.49543],
							[119.25679, -5.49635],
							[119.25694, -5.49668],
							[119.2577, -5.49666],
							[119.25782, -5.49536]
						]
					],
					[
						[
							[119.25834, -5.49122],
							[119.25849, -5.49328],
							[119.25784, -5.49417],
							[119.25843, -5.49462],
							[119.25875, -5.49458],
							[119.25886, -5.49319],
							[119.25956, -5.49271],
							[119.25977, -5.49172],
							[119.259, -5.49105],
							[119.25834, -5.49122]
						]
					],
					[
						[
							[119.29295, -5.46554],
							[119.29238, -5.46656],
							[119.29367, -5.46675],
							[119.29408, -5.46648],
							[119.29403, -5.46605],
							[119.29431, -5.46592],
							[119.29415, -5.46568],
							[119.29379, -5.46583],
							[119.29373, -5.46536],
							[119.29342, -5.46543],
							[119.29284, -5.4631],
							[119.29273, -5.46178],
							[119.29322, -5.45964],
							[119.29121, -5.45791],
							[119.29024, -5.45769],
							[119.28914, -5.45828],
							[119.28937, -5.46023],
							[119.28896, -5.46145],
							[119.28503, -5.46119],
							[119.28395, -5.46156],
							[119.28389, -5.46067],
							[119.28358, -5.46039],
							[119.28245, -5.46123],
							[119.28245, -5.45996],
							[119.28116, -5.45938],
							[119.28117, -5.45805],
							[119.27979, -5.4571],
							[119.27912, -5.45593],
							[119.27829, -5.45665],
							[119.27687, -5.4559],
							[119.27695, -5.45542],
							[119.27644, -5.45528],
							[119.27588, -5.45601],
							[119.2761, -5.45757],
							[119.27737, -5.45849],
							[119.27762, -5.45938],
							[119.27854, -5.45974],
							[119.27974, -5.46089],
							[119.27899, -5.46172],
							[119.27812, -5.46174],
							[119.2777, -5.4629],
							[119.27785, -5.46336],
							[119.28042, -5.46446],
							[119.2807, -5.46406],
							[119.28167, -5.46433],
							[119.2822, -5.46406],
							[119.28327, -5.46511],
							[119.28518, -5.46476],
							[119.2868, -5.46487],
							[119.28717, -5.46592],
							[119.28798, -5.46624],
							[119.29123, -5.46601],
							[119.29154, -5.46526],
							[119.29295, -5.46554]
						]
					],
					[
						[
							[119.27073, -5.46314],
							[119.27064, -5.46322],
							[119.27057, -5.46329],
							[119.2705, -5.46338],
							[119.27044, -5.4635],
							[119.27036, -5.46366],
							[119.2703, -5.46382],
							[119.27026, -5.46391],
							[119.27026, -5.46394],
							[119.27027, -5.46396],
							[119.27029, -5.46399],
							[119.27033, -5.46401],
							[119.27038, -5.46402],
							[119.2704, -5.46402],
							[119.27041, -5.46401],
							[119.27044, -5.46397],
							[119.27046, -5.46393],
							[119.27048, -5.4639],
							[119.27051, -5.46389],
							[119.27053, -5.46387],
							[119.27055, -5.46386],
							[119.27058, -5.46383],
							[119.2706, -5.46378],
							[119.27065, -5.46363],
							[119.27068, -5.46354],
							[119.2707, -5.46348],
							[119.27072, -5.46344],
							[119.27075, -5.46341],
							[119.27077, -5.46339],
							[119.27079, -5.46336],
							[119.27081, -5.46331],
							[119.27083, -5.46326],
							[119.27084, -5.46321],
							[119.27083, -5.46317],
							[119.27082, -5.46315],
							[119.27078, -5.46314],
							[119.27075, -5.46314],
							[119.27073, -5.46314]
						]
					],
					[
						[
							[119.2709, -5.46306],
							[119.27054, -5.46407],
							[119.27075, -5.46416],
							[119.27123, -5.46372],
							[119.27137, -5.464],
							[119.27168, -5.46388],
							[119.27207, -5.46305],
							[119.27154, -5.46236],
							[119.2709, -5.46264],
							[119.2709, -5.46306]
						]
					],
					[
						[
							[119.23466, -5.45974],
							[119.23653, -5.45769],
							[119.23715, -5.45789],
							[119.23726, -5.4568],
							[119.23788, -5.45638],
							[119.23782, -5.45603],
							[119.2389, -5.45445],
							[119.23914, -5.44809],
							[119.23869, -5.44796],
							[119.2383, -5.44727],
							[119.2374, -5.44699],
							[119.23508, -5.44752],
							[119.23438, -5.44827],
							[119.23389, -5.45324],
							[119.23321, -5.45525],
							[119.23309, -5.45695],
							[119.23388, -5.4576],
							[119.23394, -5.45852],
							[119.23241, -5.46131],
							[119.23327, -5.46097],
							[119.23466, -5.45974]
						]
					],
					[
						[
							[119.22148, -5.44151],
							[119.222, -5.44164],
							[119.22585, -5.43847],
							[119.22923, -5.43768],
							[119.23073, -5.43617],
							[119.2306, -5.43495],
							[119.22937, -5.43436],
							[119.22786, -5.4344],
							[119.22537, -5.43574],
							[119.22432, -5.43651],
							[119.22254, -5.43874],
							[119.22151, -5.44071],
							[119.22148, -5.44151]
						]
					],
					[
						[
							[119.19013, -5.40012],
							[119.19601, -5.39692],
							[119.197, -5.39574],
							[119.19712, -5.39458],
							[119.1965, -5.39404],
							[119.19558, -5.3939],
							[119.19361, -5.3946],
							[119.19173, -5.3967],
							[119.19013, -5.40012]
						]
					]
				]
			}
		},
		{
			"type": "Feature",
			"properties": {
				"slug": "takalar--laikang",
				"nama": "Laikang",
				"kabkota": "takalar",
				"osm": "relation/19558505",
				"pusat": [-5.556978240343348, 119.46974137339056]
			},
			"geometry": {
				"type": "Polygon",
				"coordinates": [
					[
						[119.48793, -5.51154],
						[119.48833, -5.51311],
						[119.48796, -5.51431],
						[119.48753, -5.51405],
						[119.48736, -5.51477],
						[119.48788, -5.51552],
						[119.48715, -5.51537],
						[119.48635, -5.51564],
						[119.48684, -5.51583],
						[119.48739, -5.51674],
						[119.48726, -5.5177],
						[119.48678, -5.51775],
						[119.48658, -5.51735],
						[119.48558, -5.51738],
						[119.48562, -5.51797],
						[119.48396, -5.51954],
						[119.48332, -5.51948],
						[119.4825, -5.51887],
						[119.48202, -5.51949],
						[119.4813, -5.51946],
						[119.48034, -5.5187],
						[119.47937, -5.51954],
						[119.47914, -5.52012],
						[119.47739, -5.52065],
						[119.47703, -5.52152],
						[119.47765, -5.5226],
						[119.47721, -5.52303],
						[119.47608, -5.5228],
						[119.47561, -5.52203],
						[119.47473, -5.52246],
						[119.47466, -5.52186],
						[119.47373, -5.52236],
						[119.47355, -5.52178],
						[119.47281, -5.5217],
						[119.47248, -5.52221],
						[119.47188, -5.52149],
						[119.47148, -5.52234],
						[119.46983, -5.52221],
						[119.46934, -5.52257],
						[119.46826, -5.52206],
						[119.46848, -5.52319],
						[119.46827, -5.5244],
						[119.46666, -5.52282],
						[119.46597, -5.52347],
						[119.46542, -5.52309],
						[119.46499, -5.52385],
						[119.46356, -5.52412],
						[119.46192, -5.52205],
						[119.46146, -5.52203],
						[119.46083, -5.52146],
						[119.46056, -5.52152],
						[119.46053, -5.52241],
						[119.45993, -5.52236],
						[119.45897, -5.52286],
						[119.45661, -5.52266],
						[119.45508, -5.52366],
						[119.45451, -5.52369],
						[119.45385, -5.52305],
						[119.45378, -5.52181],
						[119.45332, -5.52097],
						[119.45266, -5.5209],
						[119.45219, -5.52224],
						[119.45269, -5.52339],
						[119.45233, -5.52503],
						[119.45235, -5.52721],
						[119.44891, -5.52804],
						[119.44812, -5.52789],
						[119.44668, -5.52679],
						[119.44632, -5.52702],
						[119.44584, -5.5295],
						[119.44389, -5.53245],
						[119.44225, -5.53307],
						[119.44066, -5.53232],
						[119.43888, -5.53432],
						[119.43927, -5.53463],
						[119.43484, -5.53915],
						[119.4312, -5.54212],
						[119.42992, -5.54258],
						[119.4251, -5.54686],
						[119.42443, -5.5472],
						[119.4201, -5.54656],
						[119.41971, -5.54938],
						[119.42004, -5.552],
						[119.41849, -5.55637],
						[119.41808, -5.55959],
						[119.41849, -5.56088],
						[119.41986, -5.56297],
						[119.42254, -5.56518],
						[119.42348, -5.56661],
						[119.42431, -5.56895],
						[119.42403, -5.57207],
						[119.42507, -5.57609],
						[119.42575, -5.57709],
						[119.43025, -5.58125],
						[119.43024, -5.582],
						[119.42979, -5.58199],
						[119.43005, -5.58237],
						[119.43116, -5.58251],
						[119.43204, -5.58386],
						[119.4327, -5.58377],
						[119.433, -5.58407],
						[119.43321, -5.5864],
						[119.43578, -5.58748],
						[119.43719, -5.5885],
						[119.43873, -5.5904],
						[119.43997, -5.59309],
						[119.44012, -5.59607],
						[119.4406, -5.59676],
						[119.4413, -5.5966],
						[119.45005, -5.60028],
						[119.45485, -5.60084],
						[119.45595, -5.60161],
						[119.45739, -5.60334],
						[119.45838, -5.60542],
						[119.46004, -5.60648],
						[119.46403, -5.60639],
						[119.46756, -5.60733],
						[119.46866, -5.60701],
						[119.47005, -5.60741],
						[119.47293, -5.60728],
						[119.47703, -5.60617],
						[119.48385, -5.60548],
						[119.48774, -5.60463],
						[119.48927, -5.60375],
						[119.4888, -5.6018],
						[119.48819, -5.60133],
						[119.48797, -5.60162],
						[119.48626, -5.60032],
						[119.48523, -5.59899],
						[119.48454, -5.59688],
						[119.48334, -5.59639],
						[119.48312, -5.5958],
						[119.48318, -5.59397],
						[119.48453, -5.59082],
						[119.48758, -5.58807],
						[119.48764, -5.58641],
						[119.48626, -5.58467],
						[119.48561, -5.58424],
						[119.48446, -5.58467],
						[119.48359, -5.58692],
						[119.48253, -5.58824],
						[119.48215, -5.58961],
						[119.48114, -5.59054],
						[119.47965, -5.59097],
						[119.4792, -5.59162],
						[119.47772, -5.592],
						[119.4758, -5.59328],
						[119.47446, -5.59375],
						[119.47289, -5.59323],
						[119.47077, -5.5932],
						[119.46936, -5.59222],
						[119.46887, -5.59221],
						[119.4693, -5.59183],
						[119.46865, -5.59094],
						[119.46911, -5.59028],
						[119.46882, -5.59004],
						[119.46914, -5.58843],
						[119.47021, -5.58686],
						[119.46871, -5.58589],
						[119.46776, -5.58567],
						[119.46781, -5.58537],
						[119.46731, -5.58507],
						[119.46627, -5.58488],
						[119.46621, -5.58572],
						[119.46515, -5.58644],
						[119.4638, -5.58376],
						[119.46219, -5.58305],
						[119.46063, -5.58183],
						[119.45997, -5.58193],
						[119.45956, -5.58118],
						[119.45975, -5.57972],
						[119.45931, -5.57914],
						[119.45984, -5.57723],
						[119.46079, -5.57532],
						[119.46231, -5.57453],
						[119.4636, -5.57316],
						[119.46841, -5.57059],
						[119.46921, -5.56918],
						[119.46994, -5.5696],
						[119.4712, -5.56892],
						[119.47257, -5.56681],
						[119.47343, -5.56404],
						[119.47825, -5.56404],
						[119.4785, -5.563],
						[119.4803, -5.56274],
						[119.48043, -5.56197],
						[119.47927, -5.56145],
						[119.47927, -5.56094],
						[119.48081, -5.56042],
						[119.48006, -5.55672],
						[119.48053, -5.55553],
						[119.48273, -5.5557],
						[119.48439, -5.55654],
						[119.48436, -5.55822],
						[119.48371, -5.55873],
						[119.48418, -5.55876],
						[119.48447, -5.55935],
						[119.48649, -5.56067],
						[119.48823, -5.55965],
						[119.48822, -5.55819],
						[119.48959, -5.55779],
						[119.49031, -5.55883],
						[119.49289, -5.55985],
						[119.49313, -5.55922],
						[119.49442, -5.55869],
						[119.49602, -5.55888],
						[119.49828, -5.5597],
						[119.50063, -5.55893],
						[119.50242, -5.5588],
						[119.50327, -5.55762],
						[119.50327, -5.55615],
						[119.50451, -5.55382],
						[119.50459, -5.5528],
						[119.50417, -5.55259],
						[119.50352, -5.55053],
						[119.50217, -5.54917],
						[119.5013, -5.54684],
						[119.50183, -5.5459],
						[119.5034, -5.5464],
						[119.50478, -5.545],
						[119.50574, -5.54521],
						[119.50646, -5.54405],
						[119.50618, -5.54331],
						[119.50664, -5.54144],
						[119.50699, -5.5411],
						[119.50641, -5.53912],
						[119.50769, -5.53558],
						[119.50936, -5.5354],
						[119.50987, -5.5347],
						[119.51012, -5.53491],
						[119.50749, -5.52633],
						[119.50506, -5.52357],
						[119.48793, -5.51154]
					]
				]
			}
		},
		{
			"type": "Feature",
			"properties": {
				"slug": "takalar--mangarabombang",
				"nama": "Mangarabombang",
				"kabkota": "takalar",
				"osm": "relation/15636403",
				"pusat": [-5.498392268041234, 119.45920644329901]
			},
			"geometry": {
				"type": "Polygon",
				"coordinates": [
					[
						[119.42242, -5.4667],
						[119.42164, -5.46726],
						[119.42254, -5.4696],
						[119.42248, -5.47507],
						[119.42173, -5.47915],
						[119.42055, -5.48235],
						[119.42116, -5.48266],
						[119.41959, -5.48703],
						[119.41954, -5.48872],
						[119.41914, -5.48965],
						[119.41825, -5.48999],
						[119.41756, -5.49082],
						[119.41402, -5.49193],
						[119.41414, -5.49258],
						[119.41926, -5.49469],
						[119.42191, -5.49644],
						[119.42381, -5.49844],
						[119.42865, -5.50543],
						[119.43227, -5.51294],
						[119.43492, -5.52113],
						[119.4357, -5.52559],
						[119.43604, -5.53106],
						[119.43486, -5.53626],
						[119.43487, -5.53699],
						[119.43522, -5.53732],
						[119.43576, -5.5373],
						[119.4382, -5.5344],
						[119.43888, -5.53432],
						[119.44066, -5.53232],
						[119.44225, -5.53307],
						[119.44389, -5.53245],
						[119.44584, -5.5295],
						[119.44632, -5.52702],
						[119.44668, -5.52679],
						[119.44812, -5.52789],
						[119.44891, -5.52804],
						[119.45235, -5.52721],
						[119.45233, -5.52503],
						[119.45269, -5.52339],
						[119.45219, -5.52224],
						[119.45266, -5.5209],
						[119.45332, -5.52097],
						[119.45378, -5.52181],
						[119.45385, -5.52305],
						[119.45451, -5.52369],
						[119.45508, -5.52366],
						[119.45661, -5.52266],
						[119.45897, -5.52286],
						[119.45993, -5.52236],
						[119.46053, -5.52241],
						[119.46056, -5.52152],
						[119.46083, -5.52146],
						[119.46146, -5.52203],
						[119.46192, -5.52205],
						[119.46356, -5.52412],
						[119.46499, -5.52385],
						[119.46542, -5.52309],
						[119.46597, -5.52347],
						[119.46666, -5.52282],
						[119.46827, -5.5244],
						[119.46848, -5.52319],
						[119.46826, -5.52206],
						[119.46934, -5.52257],
						[119.46983, -5.52221],
						[119.47148, -5.52234],
						[119.47188, -5.52149],
						[119.47248, -5.52221],
						[119.47281, -5.5217],
						[119.47355, -5.52178],
						[119.47373, -5.52236],
						[119.47466, -5.52186],
						[119.47473, -5.52246],
						[119.47561, -5.52203],
						[119.47608, -5.5228],
						[119.47721, -5.52303],
						[119.47765, -5.5226],
						[119.47703, -5.52152],
						[119.47739, -5.52065],
						[119.47914, -5.52012],
						[119.47937, -5.51954],
						[119.48034, -5.5187],
						[119.4813, -5.51946],
						[119.48202, -5.51949],
						[119.4825, -5.51887],
						[119.48332, -5.51948],
						[119.48396, -5.51954],
						[119.48562, -5.51797],
						[119.48558, -5.51738],
						[119.48658, -5.51735],
						[119.48678, -5.51775],
						[119.48726, -5.5177],
						[119.48739, -5.51674],
						[119.48684, -5.51583],
						[119.48635, -5.51564],
						[119.48715, -5.51537],
						[119.48788, -5.51552],
						[119.48736, -5.51457],
						[119.48753, -5.51405],
						[119.48796, -5.51431],
						[119.48833, -5.51311],
						[119.48793, -5.51154],
						[119.48666, -5.51101],
						[119.48712, -5.50972],
						[119.48785, -5.50126],
						[119.48671, -5.49914],
						[119.48527, -5.49751],
						[119.48486, -5.49635],
						[119.48582, -5.49342],
						[119.48675, -5.49195],
						[119.48627, -5.49025],
						[119.48517, -5.48974],
						[119.48514, -5.48889],
						[119.48405, -5.48906],
						[119.48403, -5.48863],
						[119.48321, -5.48765],
						[119.48286, -5.48836],
						[119.48155, -5.48811],
						[119.48247, -5.48745],
						[119.48145, -5.48673],
						[119.48141, -5.48619],
						[119.48056, -5.48625],
						[119.48032, -5.48669],
						[119.48, -5.48582],
						[119.47939, -5.48601],
						[119.47909, -5.48561],
						[119.47844, -5.48558],
						[119.47789, -5.48501],
						[119.47822, -5.48451],
						[119.47697, -5.48441],
						[119.47691, -5.48378],
						[119.47611, -5.48368],
						[119.47578, -5.48296],
						[119.47473, -5.48267],
						[119.47297, -5.48324],
						[119.47106, -5.48267],
						[119.47036, -5.48204],
						[119.46997, -5.48062],
						[119.46932, -5.47983],
						[119.46869, -5.47938],
						[119.46785, -5.47971],
						[119.46744, -5.47944],
						[119.46757, -5.47898],
						[119.46851, -5.47873],
						[119.46859, -5.47847],
						[119.46812, -5.47718],
						[119.46655, -5.47638],
						[119.46543, -5.47649],
						[119.46334, -5.47557],
						[119.46068, -5.47566],
						[119.45861, -5.47429],
						[119.45789, -5.47308],
						[119.45715, -5.47405],
						[119.45609, -5.47351],
						[119.45558, -5.47357],
						[119.45532, -5.47467],
						[119.45441, -5.47522],
						[119.45403, -5.47489],
						[119.45427, -5.47444],
						[119.45381, -5.47225],
						[119.45338, -5.4719],
						[119.453, -5.47212],
						[119.45209, -5.47391],
						[119.45111, -5.47381],
						[119.45085, -5.47289],
						[119.45209, -5.46949],
						[119.45159, -5.46755],
						[119.45095, -5.46762],
						[119.45035, -5.46845],
						[119.44927, -5.47102],
						[119.44716, -5.47163],
						[119.44708, -5.47209],
						[119.44768, -5.4733],
						[119.44741, -5.47436],
						[119.44708, -5.47449],
						[119.44653, -5.47397],
						[119.44581, -5.47404],
						[119.44511, -5.47467],
						[119.44473, -5.47563],
						[119.44342, -5.47537],
						[119.44269, -5.47361],
						[119.44056, -5.47063],
						[119.43811, -5.47015],
						[119.43772, -5.46819],
						[119.43442, -5.46806],
						[119.43143, -5.46839],
						[119.43072, -5.46688],
						[119.42909, -5.46649],
						[119.42854, -5.46661],
						[119.42821, -5.46835],
						[119.42753, -5.46939],
						[119.42697, -5.46959],
						[119.42389, -5.46795],
						[119.42348, -5.4672],
						[119.42242, -5.4667]
					]
				]
			}
		},
		{
			"type": "Feature",
			"properties": {
				"slug": "takalar--mappakasunggu",
				"nama": "Mappakasunggu",
				"kabkota": "takalar",
				"osm": "relation/15636486",
				"pusat": [-5.458783150684932, 119.41127698630139]
			},
			"geometry": {
				"type": "Polygon",
				"coordinates": [
					[
						[119.39662, -5.45701],
						[119.39719, -5.45728],
						[119.39802, -5.45939],
						[119.3995, -5.46135],
						[119.4015, -5.46494],
						[119.40269, -5.46856],
						[119.40337, -5.47194],
						[119.40467, -5.47336],
						[119.40522, -5.47345],
						[119.40608, -5.47508],
						[119.4066, -5.47508],
						[119.40888, -5.47893],
						[119.40906, -5.48076],
						[119.41165, -5.48392],
						[119.41386, -5.48503],
						[119.4158, -5.48924],
						[119.41609, -5.48921],
						[119.41683, -5.48793],
						[119.41689, -5.48618],
						[119.41727, -5.48543],
						[119.41982, -5.48222],
						[119.42055, -5.48235],
						[119.42173, -5.47915],
						[119.42248, -5.47507],
						[119.42254, -5.4696],
						[119.42164, -5.46726],
						[119.42315, -5.46598],
						[119.42365, -5.46458],
						[119.42343, -5.46365],
						[119.41941, -5.4569],
						[119.41895, -5.45474],
						[119.41947, -5.45344],
						[119.42096, -5.45223],
						[119.42382, -5.44811],
						[119.4229, -5.44603],
						[119.4227, -5.44287],
						[119.42333, -5.44008],
						[119.42293, -5.43919],
						[119.422, -5.4384],
						[119.42196, -5.43781],
						[119.42052, -5.43728],
						[119.41629, -5.43726],
						[119.41801, -5.44127],
						[119.41747, -5.4415],
						[119.41693, -5.44252],
						[119.41836, -5.44564],
						[119.41909, -5.44841],
						[119.41676, -5.45046],
						[119.41641, -5.45033],
						[119.41578, -5.45231],
						[119.41619, -5.45243],
						[119.41611, -5.45288],
						[119.41419, -5.45211],
						[119.41406, -5.45232],
						[119.41203, -5.45209],
						[119.41018, -5.45155],
						[119.40792, -5.45173],
						[119.40673, -5.45385],
						[119.40615, -5.45424],
						[119.40472, -5.45437],
						[119.40333, -5.45372],
						[119.40202, -5.45204],
						[119.40114, -5.4482],
						[119.3998, -5.44692],
						[119.39886, -5.44645],
						[119.39488, -5.44569],
						[119.39373, -5.44587],
						[119.39157, -5.44706],
						[119.39081, -5.44849],
						[119.39068, -5.45049],
						[119.39423, -5.45471],
						[119.39644, -5.45624],
						[119.39662, -5.45701]
					]
				]
			}
		},
		{
			"type": "Feature",
			"properties": {
				"slug": "takalar--polombangkeng-selatan",
				"nama": "Polombangkeng Selatan",
				"kabkota": "takalar",
				"osm": "relation/15636402",
				"pusat": [-5.443572575342469, 119.49695454794525]
			},
			"geometry": {
				"type": "Polygon",
				"coordinates": [
					[
						[119.48675, -5.49195],
						[119.48627, -5.49025],
						[119.48517, -5.48974],
						[119.48514, -5.48889],
						[119.48405, -5.48906],
						[119.48403, -5.48863],
						[119.48321, -5.48765],
						[119.48286, -5.48836],
						[119.48155, -5.48811],
						[119.48247, -5.48745],
						[119.48145, -5.48673],
						[119.48141, -5.48619],
						[119.48056, -5.48625],
						[119.48032, -5.48669],
						[119.48, -5.48582],
						[119.47939, -5.48601],
						[119.47909, -5.48561],
						[119.47844, -5.48558],
						[119.47789, -5.48501],
						[119.47822, -5.48451],
						[119.47697, -5.48441],
						[119.47691, -5.48378],
						[119.47611, -5.48368],
						[119.47578, -5.48296],
						[119.47473, -5.48267],
						[119.47297, -5.48324],
						[119.47071, -5.4824],
						[119.46932, -5.47983],
						[119.46846, -5.47935],
						[119.46785, -5.47971],
						[119.46736, -5.4793],
						[119.46858, -5.47862],
						[119.46822, -5.47737],
						[119.46771, -5.47691],
						[119.46637, -5.47634],
						[119.46543, -5.47649],
						[119.46334, -5.47557],
						[119.46068, -5.47566],
						[119.45861, -5.47429],
						[119.45789, -5.47308],
						[119.45715, -5.47405],
						[119.45609, -5.47351],
						[119.45558, -5.47357],
						[119.45532, -5.47467],
						[119.45441, -5.47522],
						[119.45403, -5.47489],
						[119.45427, -5.47444],
						[119.45381, -5.47225],
						[119.45338, -5.4719],
						[119.453, -5.47212],
						[119.45209, -5.47391],
						[119.45111, -5.47381],
						[119.45085, -5.47289],
						[119.45209, -5.46949],
						[119.45159, -5.46755],
						[119.45095, -5.46762],
						[119.45035, -5.46845],
						[119.44927, -5.47102],
						[119.44716, -5.47163],
						[119.44708, -5.47209],
						[119.44768, -5.4733],
						[119.44741, -5.47436],
						[119.44708, -5.47449],
						[119.44653, -5.47397],
						[119.44581, -5.47404],
						[119.44511, -5.47467],
						[119.44473, -5.47563],
						[119.44342, -5.47537],
						[119.44269, -5.47361],
						[119.44056, -5.47063],
						[119.43811, -5.47015],
						[119.43772, -5.46819],
						[119.43442, -5.46806],
						[119.4353, -5.46345],
						[119.43611, -5.46204],
						[119.43599, -5.46008],
						[119.43461, -5.45719],
						[119.43269, -5.45644],
						[119.43194, -5.45562],
						[119.43172, -5.45413],
						[119.43215, -5.45303],
						[119.43264, -5.45267],
						[119.43301, -5.4528],
						[119.4336, -5.45371],
						[119.43605, -5.45571],
						[119.43741, -5.45513],
						[119.43898, -5.4537],
						[119.4408, -5.45461],
						[119.44459, -5.45573],
						[119.44709, -5.4571],
						[119.44833, -5.45705],
						[119.44875, -5.45648],
						[119.45084, -5.45642],
						[119.45107, -5.45591],
						[119.45058, -5.45456],
						[119.4507, -5.45173],
						[119.45136, -5.44912],
						[119.45264, -5.44795],
						[119.45708, -5.44521],
						[119.45981, -5.44307],
						[119.46019, -5.44226],
						[119.46002, -5.44156],
						[119.45643, -5.43826],
						[119.45876, -5.43112],
						[119.46061, -5.4283],
						[119.46217, -5.42709],
						[119.46241, -5.42651],
						[119.46239, -5.42322],
						[119.46157, -5.42246],
						[119.46141, -5.42119],
						[119.46397, -5.41955],
						[119.46525, -5.41739],
						[119.46528, -5.41706],
						[119.46402, -5.41593],
						[119.46379, -5.4147],
						[119.46411, -5.41394],
						[119.46622, -5.41276],
						[119.46668, -5.41099],
						[119.46777, -5.41021],
						[119.4681, -5.40925],
						[119.46765, -5.40551],
						[119.46645, -5.40458],
						[119.46643, -5.40412],
						[119.46749, -5.40326],
						[119.46746, -5.40231],
						[119.46691, -5.40205],
						[119.46588, -5.40233],
						[119.4651, -5.4014],
						[119.46515, -5.40096],
						[119.46652, -5.4001],
						[119.4657, -5.39919],
						[119.46628, -5.39813],
						[119.47073, -5.39897],
						[119.47146, -5.39947],
						[119.47272, -5.40116],
						[119.47591, -5.40405],
						[119.47687, -5.40609],
						[119.47757, -5.40598],
						[119.47854, -5.40438],
						[119.48065, -5.4045],
						[119.48178, -5.40601],
						[119.48313, -5.40554],
						[119.48399, -5.40598],
						[119.48476, -5.40585],
						[119.4851, -5.40509],
						[119.4848, -5.40477],
						[119.48496, -5.40422],
						[119.48551, -5.40412],
						[119.48574, -5.40353],
						[119.48629, -5.40323],
						[119.48625, -5.40254],
						[119.48565, -5.40235],
						[119.48557, -5.40123],
						[119.4863, -5.40026],
						[119.48616, -5.39903],
						[119.48746, -5.39796],
						[119.48841, -5.39817],
						[119.48905, -5.39779],
						[119.4892, -5.39832],
						[119.48972, -5.3983],
						[119.49121, -5.39777],
						[119.4916, -5.39633],
						[119.49226, -5.39571],
						[119.49165, -5.39435],
						[119.49225, -5.39448],
						[119.49274, -5.39365],
						[119.49317, -5.3937],
						[119.4944, -5.39299],
						[119.4936, -5.39144],
						[119.49448, -5.39102],
						[119.49521, -5.39016],
						[119.49741, -5.39023],
						[119.49819, -5.38944],
						[119.49909, -5.3896],
						[119.49948, -5.38886],
						[119.50075, -5.38845],
						[119.50165, -5.38892],
						[119.50286, -5.38781],
						[119.50343, -5.38781],
						[119.50531, -5.38878],
						[119.5057, -5.38999],
						[119.50733, -5.38815],
						[119.5092, -5.38915],
						[119.51022, -5.38935],
						[119.5156, -5.39254],
						[119.51888, -5.3953],
						[119.52038, -5.39731],
						[119.52133, -5.39781],
						[119.52221, -5.39776],
						[119.52264, -5.39809],
						[119.52329, -5.39776],
						[119.52654, -5.39877],
						[119.5282, -5.39849],
						[119.52854, -5.398],
						[119.5292, -5.39788],
						[119.53035, -5.39845],
						[119.53095, -5.39746],
						[119.53129, -5.39788],
						[119.53285, -5.39721],
						[119.53358, -5.39754],
						[119.53336, -5.39663],
						[119.53383, -5.39638],
						[119.53443, -5.39686],
						[119.53513, -5.3967],
						[119.53531, -5.39702],
						[119.535, -5.39767],
						[119.53595, -5.39783],
						[119.53606, -5.39837],
						[119.5372, -5.39798],
						[119.53821, -5.39942],
						[119.53932, -5.39923],
						[119.5387, -5.39834],
						[119.53984, -5.39841],
						[119.54089, -5.39909],
						[119.54131, -5.39876],
						[119.54227, -5.39922],
						[119.54245, -5.39885],
						[119.54609, -5.40144],
						[119.54587, -5.40332],
						[119.54641, -5.4055],
						[119.54671, -5.40935],
						[119.54773, -5.41099],
						[119.55017, -5.41316],
						[119.55153, -5.4139],
						[119.5522, -5.4153],
						[119.5523, -5.41795],
						[119.55344, -5.41913],
						[119.55386, -5.42038],
						[119.55312, -5.42392],
						[119.55764, -5.42609],
						[119.56142, -5.43168],
						[119.56517, -5.4336],
						[119.56579, -5.4342],
						[119.56577, -5.43698],
						[119.56245, -5.44162],
						[119.56185, -5.44134],
						[119.56052, -5.44158],
						[119.55884, -5.44037],
						[119.55811, -5.44058],
						[119.55763, -5.44032],
						[119.55533, -5.44035],
						[119.55486, -5.44061],
						[119.55415, -5.43879],
						[119.55314, -5.43994],
						[119.55288, -5.43989],
						[119.55241, -5.43885],
						[119.552, -5.4389],
						[119.55158, -5.43841],
						[119.55111, -5.4388],
						[119.55077, -5.43871],
						[119.54999, -5.43734],
						[119.55025, -5.43642],
						[119.54999, -5.43604],
						[119.54865, -5.43653],
						[119.54805, -5.43555],
						[119.54586, -5.43502],
						[119.54566, -5.43459],
						[119.54495, -5.43487],
						[119.5443, -5.43419],
						[119.5437, -5.43471],
						[119.5426, -5.43355],
						[119.54257, -5.43307],
						[119.54211, -5.43298],
						[119.54132, -5.43354],
						[119.54022, -5.43311],
						[119.53896, -5.4342],
						[119.5374, -5.43447],
						[119.53652, -5.43498],
						[119.53576, -5.43363],
						[119.53511, -5.43366],
						[119.53487, -5.4332],
						[119.53295, -5.43268],
						[119.53204, -5.4317],
						[119.53104, -5.43158],
						[119.52957, -5.432],
						[119.52986, -5.43269],
						[119.52894, -5.43363],
						[119.52917, -5.43443],
						[119.5287, -5.43469],
						[119.52829, -5.43581],
						[119.52723, -5.43557],
						[119.52522, -5.43971],
						[119.52416, -5.43968],
						[119.52341, -5.44031],
						[119.52189, -5.44023],
						[119.52276, -5.44236],
						[119.52399, -5.44336],
						[119.52374, -5.44494],
						[119.52284, -5.44516],
						[119.52224, -5.44586],
						[119.52148, -5.44614],
						[119.52146, -5.44643],
						[119.52049, -5.44661],
						[119.51988, -5.4473],
						[119.51915, -5.44701],
						[119.51896, -5.4473],
						[119.51631, -5.44788],
						[119.51593, -5.44821],
						[119.51315, -5.44856],
						[119.51079, -5.44937],
						[119.50949, -5.4509],
						[119.50805, -5.45472],
						[119.51123, -5.45596],
						[119.51564, -5.4604],
						[119.51816, -5.46216],
						[119.52119, -5.4681],
						[119.52076, -5.47029],
						[119.52102, -5.47102],
						[119.52586, -5.47753],
						[119.52883, -5.48086],
						[119.52817, -5.48162],
						[119.52741, -5.48171],
						[119.52324, -5.48471],
						[119.52268, -5.48436],
						[119.52249, -5.48493],
						[119.52008, -5.48557],
						[119.51951, -5.48646],
						[119.51853, -5.48657],
						[119.51718, -5.48726],
						[119.51697, -5.48766],
						[119.51633, -5.48748],
						[119.51579, -5.488],
						[119.51507, -5.48795],
						[119.51309, -5.48969],
						[119.51206, -5.4916],
						[119.51161, -5.49185],
						[119.5104, -5.49145],
						[119.5073, -5.49144],
						[119.50647, -5.49096],
						[119.50599, -5.49106],
						[119.50542, -5.49221],
						[119.50358, -5.49167],
						[119.50133, -5.49222],
						[119.50077, -5.49149],
						[119.49972, -5.49145],
						[119.49908, -5.49092],
						[119.49923, -5.49011],
						[119.49892, -5.48943],
						[119.49802, -5.48944],
						[119.49743, -5.48893],
						[119.49671, -5.4892],
						[119.49651, -5.48848],
						[119.49608, -5.48915],
						[119.49561, -5.48925],
						[119.496, -5.48986],
						[119.49569, -5.4902],
						[119.49612, -5.49069],
						[119.496, -5.49148],
						[119.49516, -5.49109],
						[119.49454, -5.49132],
						[119.49422, -5.49074],
						[119.49348, -5.49042],
						[119.49325, -5.49079],
						[119.49285, -5.49062],
						[119.49206, -5.49088],
						[119.49208, -5.49116],
						[119.49275, -5.4913],
						[119.4925, -5.49182],
						[119.49137, -5.49172],
						[119.49075, -5.49234],
						[119.49004, -5.49183],
						[119.48949, -5.49264],
						[119.48898, -5.49249],
						[119.4883, -5.49156],
						[119.48675, -5.49195]
					]
				]
			}
		},
		{
			"type": "Feature",
			"properties": {
				"slug": "takalar--polombangkeng-timur",
				"nama": "Polombangkeng Timur",
				"kabkota": "takalar",
				"osm": "relation/19558482",
				"pusat": [-5.379170790960452, 119.56138675141243]
			},
			"geometry": {
				"type": "Polygon",
				"coordinates": [
					[
						[119.63774, -5.38231],
						[119.63805, -5.38315],
						[119.63775, -5.38372],
						[119.63799, -5.38451],
						[119.63906, -5.3852],
						[119.63975, -5.38498],
						[119.64051, -5.3853],
						[119.64149, -5.3872],
						[119.64217, -5.38765],
						[119.64384, -5.39156],
						[119.64436, -5.39472],
						[119.64593, -5.39659],
						[119.64546, -5.39733],
						[119.64586, -5.39791],
						[119.64607, -5.39938],
						[119.64598, -5.39979],
						[119.64517, -5.40028],
						[119.64566, -5.40424],
						[119.64535, -5.40709],
						[119.64503, -5.40778],
						[119.64329, -5.40824],
						[119.64269, -5.41023],
						[119.64222, -5.41055],
						[119.64224, -5.41138],
						[119.64108, -5.41268],
						[119.64072, -5.41418],
						[119.63973, -5.41388],
						[119.63847, -5.41418],
						[119.63739, -5.41367],
						[119.6369, -5.41388],
						[119.63394, -5.41766],
						[119.63308, -5.41779],
						[119.62855, -5.41711],
						[119.62825, -5.41728],
						[119.62834, -5.41805],
						[119.62712, -5.41907],
						[119.62697, -5.41997],
						[119.62722, -5.42052],
						[119.62776, -5.42067],
						[119.62918, -5.41982],
						[119.63055, -5.42069],
						[119.63209, -5.42063],
						[119.63237, -5.42099],
						[119.63194, -5.42187],
						[119.6304, -5.42227],
						[119.62971, -5.42512],
						[119.63003, -5.42646],
						[119.63066, -5.42727],
						[119.63141, -5.42749],
						[119.63205, -5.42582],
						[119.63385, -5.42407],
						[119.63559, -5.42409],
						[119.63735, -5.42546],
						[119.63731, -5.42627],
						[119.63645, -5.42809],
						[119.63589, -5.42862],
						[119.63658, -5.43118],
						[119.6363, -5.43165],
						[119.63547, -5.43181],
						[119.63422, -5.43154],
						[119.63295, -5.43211],
						[119.63238, -5.43245],
						[119.63165, -5.43437],
						[119.63084, -5.43394],
						[119.63111, -5.4337],
						[119.63079, -5.43323],
						[119.63003, -5.43398],
						[119.62957, -5.43312],
						[119.62916, -5.43312],
						[119.62908, -5.43413],
						[119.62846, -5.43419],
						[119.62754, -5.43486],
						[119.62338, -5.43452],
						[119.62175, -5.43603],
						[119.61743, -5.43722],
						[119.61087, -5.43677],
						[119.60345, -5.43686],
						[119.59923, -5.43725],
						[119.59499, -5.43948],
						[119.59067, -5.44071],
						[119.5869, -5.44113],
						[119.58359, -5.44072],
						[119.58137, -5.44158],
						[119.57685, -5.44411],
						[119.57575, -5.4442],
						[119.57518, -5.44504],
						[119.57324, -5.44656],
						[119.57317, -5.44608],
						[119.57119, -5.44526],
						[119.57083, -5.44482],
						[119.56962, -5.4447],
						[119.56956, -5.44426],
						[119.56835, -5.44485],
						[119.56758, -5.44403],
						[119.56749, -5.44335],
						[119.56581, -5.44355],
						[119.56482, -5.44288],
						[119.56394, -5.44299],
						[119.56252, -5.44262],
						[119.56245, -5.44162],
						[119.56577, -5.43698],
						[119.56579, -5.4342],
						[119.56517, -5.4336],
						[119.56142, -5.43168],
						[119.55764, -5.42609],
						[119.55312, -5.42392],
						[119.55386, -5.42038],
						[119.55344, -5.41913],
						[119.5523, -5.41795],
						[119.5522, -5.4153],
						[119.55153, -5.4139],
						[119.55017, -5.41316],
						[119.54773, -5.41099],
						[119.54671, -5.40935],
						[119.54641, -5.4055],
						[119.54587, -5.40332],
						[119.54609, -5.40144],
						[119.54245, -5.39885],
						[119.54227, -5.39922],
						[119.54131, -5.39876],
						[119.54089, -5.39909],
						[119.53984, -5.39841],
						[119.5387, -5.39834],
						[119.53932, -5.39923],
						[119.53821, -5.39942],
						[119.5372, -5.39798],
						[119.53606, -5.39837],
						[119.53595, -5.39783],
						[119.535, -5.39767],
						[119.53531, -5.39702],
						[119.53513, -5.3967],
						[119.53443, -5.39686],
						[119.53383, -5.39638],
						[119.53336, -5.39663],
						[119.53358, -5.39754],
						[119.53285, -5.39721],
						[119.53129, -5.39788],
						[119.53095, -5.39746],
						[119.53035, -5.39845],
						[119.5292, -5.39788],
						[119.52854, -5.398],
						[119.5282, -5.39849],
						[119.52654, -5.39877],
						[119.52329, -5.39776],
						[119.52264, -5.39809],
						[119.52221, -5.39776],
						[119.52133, -5.39781],
						[119.52038, -5.39731],
						[119.51888, -5.3953],
						[119.5156, -5.39254],
						[119.51022, -5.38935],
						[119.5092, -5.38915],
						[119.50733, -5.38815],
						[119.5057, -5.38999],
						[119.50546, -5.38901],
						[119.50483, -5.3884],
						[119.50377, -5.38783],
						[119.50286, -5.38781],
						[119.50165, -5.38892],
						[119.50075, -5.38845],
						[119.49977, -5.38875],
						[119.49909, -5.3896],
						[119.49819, -5.38944],
						[119.49741, -5.39023],
						[119.49521, -5.39016],
						[119.4935, -5.39168],
						[119.49422, -5.39234],
						[119.4944, -5.39299],
						[119.49317, -5.3937],
						[119.49274, -5.39365],
						[119.49225, -5.39448],
						[119.49165, -5.39435],
						[119.49226, -5.39571],
						[119.4916, -5.39633],
						[119.49121, -5.39777],
						[119.49036, -5.39804],
						[119.48674, -5.39598],
						[119.48694, -5.39554],
						[119.48584, -5.39526],
						[119.48558, -5.39467],
						[119.47635, -5.39463],
						[119.47276, -5.39379],
						[119.4731, -5.39258],
						[119.47261, -5.39163],
						[119.47359, -5.38923],
						[119.47411, -5.38872],
						[119.47506, -5.3887],
						[119.47546, -5.3881],
						[119.47585, -5.38676],
						[119.47523, -5.38472],
						[119.47652, -5.38374],
						[119.47651, -5.38237],
						[119.47731, -5.38072],
						[119.47705, -5.37879],
						[119.47564, -5.3773],
						[119.47573, -5.37518],
						[119.47421, -5.37446],
						[119.47578, -5.37116],
						[119.4786, -5.37102],
						[119.48157, -5.37132],
						[119.48414, -5.3705],
						[119.48494, -5.36989],
						[119.48655, -5.37165],
						[119.48697, -5.37172],
						[119.48728, -5.37145],
						[119.4871, -5.37098],
						[119.48749, -5.3698],
						[119.48588, -5.36866],
						[119.48693, -5.36803],
						[119.49013, -5.36966],
						[119.49111, -5.36913],
						[119.4913, -5.36766],
						[119.49251, -5.36735],
						[119.49515, -5.36124],
						[119.4956, -5.36097],
						[119.49764, -5.3621],
						[119.49982, -5.3626],
						[119.50164, -5.36173],
						[119.50152, -5.36074],
						[119.50265, -5.36087],
						[119.50263, -5.36001],
						[119.50137, -5.35657],
						[119.5013, -5.35124],
						[119.50171, -5.34961],
						[119.50109, -5.34907],
						[119.49812, -5.34853],
						[119.49744, -5.3468],
						[119.4983, -5.3458],
						[119.49906, -5.34561],
						[119.49896, -5.34519],
						[119.50045, -5.34487],
						[119.50001, -5.34401],
						[119.50098, -5.34381],
						[119.50121, -5.34164],
						[119.50048, -5.34054],
						[119.50202, -5.33916],
						[119.50148, -5.33844],
						[119.49967, -5.33826],
						[119.49991, -5.33573],
						[119.50389, -5.33631],
						[119.50617, -5.33612],
						[119.50731, -5.33268],
						[119.5093, -5.32851],
						[119.51194, -5.32575],
						[119.51591, -5.32314],
						[119.51653, -5.32266],
						[119.51667, -5.32211],
						[119.52454, -5.32233],
						[119.53093, -5.32458],
						[119.53117, -5.32504],
						[119.53077, -5.32864],
						[119.53134, -5.32906],
						[119.53285, -5.32917],
						[119.53701, -5.32811],
						[119.53845, -5.32964],
						[119.53944, -5.33008],
						[119.54239, -5.32939],
						[119.54253, -5.32842],
						[119.54389, -5.32821],
						[119.54442, -5.32862],
						[119.54453, -5.32917],
						[119.54516, -5.32898],
						[119.54563, -5.32978],
						[119.54757, -5.33031],
						[119.5492, -5.32977],
						[119.55058, -5.32705],
						[119.55204, -5.32734],
						[119.55246, -5.3267],
						[119.55168, -5.326],
						[119.55162, -5.32521],
						[119.55082, -5.32491],
						[119.54969, -5.32348],
						[119.5496, -5.32272],
						[119.54923, -5.32234],
						[119.54984, -5.32198],
						[119.55179, -5.32251],
						[119.5524, -5.32193],
						[119.55379, -5.32154],
						[119.55442, -5.32156],
						[119.55532, -5.32222],
						[119.55676, -5.32179],
						[119.55773, -5.3228],
						[119.55868, -5.32293],
						[119.55933, -5.32218],
						[119.56009, -5.32212],
						[119.56118, -5.32131],
						[119.56231, -5.32021],
						[119.56296, -5.32043],
						[119.56378, -5.3215],
						[119.56457, -5.32191],
						[119.56419, -5.32296],
						[119.56465, -5.32323],
						[119.56544, -5.32295],
						[119.56619, -5.32207],
						[119.56671, -5.32259],
						[119.57002, -5.32279],
						[119.5706, -5.32231],
						[119.5724, -5.32172],
						[119.57282, -5.321],
						[119.5739, -5.32045],
						[119.57469, -5.32083],
						[119.57593, -5.32074],
						[119.5773, -5.32111],
						[119.57798, -5.32165],
						[119.578, -5.3221],
						[119.57646, -5.32229],
						[119.57645, -5.32285],
						[119.57729, -5.32354],
						[119.57846, -5.32345],
						[119.57964, -5.32469],
						[119.58056, -5.32481],
						[119.58058, -5.32363],
						[119.58288, -5.32461],
						[119.58357, -5.32459],
						[119.58644, -5.32743],
						[119.59146, -5.32882],
						[119.59268, -5.32953],
						[119.59337, -5.32956],
						[119.59424, -5.32837],
						[119.59491, -5.32825],
						[119.5961, -5.32832],
						[119.59745, -5.32956],
						[119.59849, -5.32987],
						[119.6001, -5.32916],
						[119.60103, -5.33192],
						[119.59913, -5.33424],
						[119.59935, -5.33466],
						[119.60203, -5.3362],
						[119.60403, -5.34003],
						[119.60624, -5.34039],
						[119.60867, -5.34302],
						[119.61237, -5.34506],
						[119.61405, -5.34787],
						[119.61471, -5.34765],
						[119.61519, -5.34815],
						[119.61575, -5.3509],
						[119.61685, -5.35204],
						[119.61896, -5.35555],
						[119.61908, -5.35665],
						[119.61667, -5.36261],
						[119.61746, -5.36406],
						[119.6178, -5.36598],
						[119.61735, -5.36733],
						[119.61759, -5.36812],
						[119.62059, -5.37064],
						[119.62184, -5.3713],
						[119.62162, -5.37276],
						[119.62265, -5.37361],
						[119.6307, -5.37654],
						[119.63192, -5.3759],
						[119.63263, -5.37622],
						[119.6337, -5.37763],
						[119.63514, -5.37859],
						[119.63774, -5.38231]
					]
				]
			}
		},
		{
			"type": "Feature",
			"properties": {
				"slug": "takalar--polombangkeng-utara",
				"nama": "Polombangkeng Utara",
				"kabkota": "takalar",
				"osm": "relation/15635604",
				"pusat": [-5.345803815384619, 119.4803061482735]
			},
			"geometry": {
				"type": "Polygon",
				"coordinates": [
					[
						[119.47276, -5.39379],
						[119.47635, -5.39463],
						[119.48558, -5.39467],
						[119.48584, -5.39526],
						[119.48694, -5.39554],
						[119.48674, -5.39598],
						[119.49036, -5.39804],
						[119.4892, -5.39832],
						[119.48905, -5.39779],
						[119.48878, -5.39776],
						[119.48841, -5.39817],
						[119.48766, -5.39791],
						[119.48654, -5.39849],
						[119.48609, -5.39923],
						[119.4863, -5.40026],
						[119.48557, -5.40123],
						[119.48565, -5.40235],
						[119.48625, -5.40254],
						[119.48629, -5.40323],
						[119.48574, -5.40353],
						[119.48551, -5.40412],
						[119.48496, -5.40422],
						[119.4848, -5.40477],
						[119.4851, -5.40509],
						[119.48476, -5.40585],
						[119.48399, -5.40598],
						[119.48313, -5.40554],
						[119.48178, -5.40601],
						[119.48065, -5.4045],
						[119.47854, -5.40438],
						[119.47731, -5.4062],
						[119.47656, -5.40567],
						[119.47527, -5.40327],
						[119.47333, -5.40178],
						[119.47146, -5.39947],
						[119.47073, -5.39897],
						[119.46628, -5.39813],
						[119.45643, -5.39542],
						[119.45608, -5.39546],
						[119.45528, -5.39662],
						[119.4522, -5.39593],
						[119.45013, -5.39629],
						[119.44745, -5.39529],
						[119.44643, -5.39541],
						[119.44513, -5.39507],
						[119.44411, -5.39428],
						[119.44144, -5.39391],
						[119.44001, -5.39199],
						[119.44042, -5.38967],
						[119.44016, -5.38887],
						[119.43945, -5.38868],
						[119.43959, -5.38761],
						[119.44114, -5.38486],
						[119.44283, -5.38432],
						[119.44351, -5.38447],
						[119.44426, -5.38386],
						[119.44742, -5.38319],
						[119.44878, -5.38236],
						[119.44878, -5.38178],
						[119.44972, -5.38089],
						[119.4508, -5.38038],
						[119.45416, -5.37774],
						[119.455, -5.37634],
						[119.4558, -5.3763],
						[119.45711, -5.37558],
						[119.4574, -5.37429],
						[119.45695, -5.37267],
						[119.45561, -5.37151],
						[119.45568, -5.37048],
						[119.45536, -5.37017],
						[119.45379, -5.36922],
						[119.44995, -5.36912],
						[119.4489, -5.36853],
						[119.44833, -5.36777],
						[119.44765, -5.36587],
						[119.4481, -5.36061],
						[119.45001, -5.35692],
						[119.45602, -5.35515],
						[119.45815, -5.35509],
						[119.45873, -5.35292],
						[119.45976, -5.35207],
						[119.46107, -5.35167],
						[119.46191, -5.35087],
						[119.4615, -5.34818],
						[119.46195, -5.34631],
						[119.46377, -5.34379],
						[119.46501, -5.34325],
						[119.4661, -5.34191],
						[119.46649, -5.3404],
						[119.46719, -5.33958],
						[119.46688, -5.33906],
						[119.46715, -5.33862],
						[119.46696, -5.3382],
						[119.46762, -5.33561],
						[119.4705, -5.33276],
						[119.47537, -5.33019],
						[119.47569, -5.32962],
						[119.4747, -5.32706],
						[119.4739, -5.32637],
						[119.47067, -5.32611],
						[119.46867, -5.32632],
						[119.45961, -5.33122],
						[119.45806, -5.33103],
						[119.45658, -5.33045],
						[119.45598, -5.3298],
						[119.45616, -5.32763],
						[119.4554, -5.32617],
						[119.45543, -5.32416],
						[119.45515, -5.32379],
						[119.4554, -5.32245],
						[119.45663, -5.32059],
						[119.45797, -5.32023],
						[119.45925, -5.32036],
						[119.46138, -5.32232],
						[119.46444, -5.3217],
						[119.46686, -5.31966],
						[119.46706, -5.31871],
						[119.46647, -5.31691],
						[119.46436, -5.31395],
						[119.46336, -5.31328],
						[119.46513, -5.31236],
						[119.46747, -5.31236],
						[119.4695, -5.31343],
						[119.46964, -5.31398],
						[119.47077, -5.31517],
						[119.47296, -5.31427],
						[119.47816, -5.31411],
						[119.47875, -5.31345],
						[119.47902, -5.3123],
						[119.47977, -5.31176],
						[119.48174, -5.31166],
						[119.48236, -5.31136],
						[119.48307, -5.31176],
						[119.48449, -5.3151],
						[119.48594, -5.31592],
						[119.48693, -5.31607],
						[119.48747, -5.31565],
						[119.48828, -5.31567],
						[119.48848, -5.31432],
						[119.4888, -5.31406],
						[119.49234, -5.31616],
						[119.49241, -5.31806],
						[119.49101, -5.31988],
						[119.49096, -5.32055],
						[119.49148, -5.32128],
						[119.49376, -5.32114],
						[119.49582, -5.32008],
						[119.49668, -5.32017],
						[119.49766, -5.32154],
						[119.49947, -5.32298],
						[119.50041, -5.32337],
						[119.50282, -5.32334],
						[119.50534, -5.32012],
						[119.50547, -5.31814],
						[119.5053, -5.31639],
						[119.50361, -5.31414],
						[119.50278, -5.31349],
						[119.50241, -5.31243],
						[119.51155, -5.30966],
						[119.51893, -5.30375],
						[119.52161, -5.30119],
						[119.52926, -5.29879],
						[119.53044, -5.30091],
						[119.53519, -5.3047],
						[119.54043, -5.30647],
						[119.54176, -5.30655],
						[119.54249, -5.30614],
						[119.54308, -5.30519],
						[119.54323, -5.3019],
						[119.54358, -5.30082],
						[119.54571, -5.2978],
						[119.54787, -5.29591],
						[119.55019, -5.29554],
						[119.552, -5.29596],
						[119.55314, -5.2958],
						[119.55659, -5.293],
						[119.56033, -5.29118],
						[119.56329, -5.29155],
						[119.56485, -5.29235],
						[119.56968, -5.2927],
						[119.57127, -5.29647],
						[119.57174, -5.30458],
						[119.5724, -5.30976],
						[119.57432, -5.31025],
						[119.5779, -5.31026],
						[119.58089, -5.31154],
						[119.58171, -5.31326],
						[119.58501, -5.3165],
						[119.58603, -5.32004],
						[119.58644, -5.32743],
						[119.58357, -5.32459],
						[119.58288, -5.32461],
						[119.58058, -5.32363],
						[119.58037, -5.32386],
						[119.58062, -5.32455],
						[119.58033, -5.32494],
						[119.57927, -5.32441],
						[119.57846, -5.32345],
						[119.57705, -5.3234],
						[119.57637, -5.32242],
						[119.57784, -5.32219],
						[119.57798, -5.32165],
						[119.57655, -5.32086],
						[119.57469, -5.32083],
						[119.5739, -5.32045],
						[119.57282, -5.321],
						[119.5724, -5.32172],
						[119.5706, -5.32231],
						[119.57002, -5.32279],
						[119.56671, -5.32259],
						[119.56619, -5.32207],
						[119.56544, -5.32295],
						[119.56465, -5.32323],
						[119.56419, -5.32296],
						[119.56457, -5.32191],
						[119.56378, -5.3215],
						[119.56296, -5.32043],
						[119.56231, -5.32021],
						[119.56118, -5.32131],
						[119.56009, -5.32212],
						[119.55933, -5.32218],
						[119.55868, -5.32293],
						[119.55773, -5.3228],
						[119.55676, -5.32179],
						[119.55532, -5.32222],
						[119.5542, -5.32152],
						[119.5524, -5.32193],
						[119.55179, -5.32251],
						[119.55063, -5.32202],
						[119.5495, -5.32213],
						[119.54923, -5.32234],
						[119.54995, -5.3239],
						[119.55082, -5.32491],
						[119.55162, -5.32521],
						[119.55168, -5.326],
						[119.55246, -5.3267],
						[119.55204, -5.32734],
						[119.55058, -5.32705],
						[119.5492, -5.32977],
						[119.54757, -5.33031],
						[119.54662, -5.33023],
						[119.54563, -5.32978],
						[119.54516, -5.32898],
						[119.54453, -5.32917],
						[119.54442, -5.32862],
						[119.54389, -5.32821],
						[119.54253, -5.32842],
						[119.54239, -5.32939],
						[119.53944, -5.33008],
						[119.53845, -5.32964],
						[119.53701, -5.32811],
						[119.53285, -5.32917],
						[119.53134, -5.32906],
						[119.53077, -5.32864],
						[119.53117, -5.32504],
						[119.53093, -5.32458],
						[119.52661, -5.32298],
						[119.52251, -5.3221],
						[119.51667, -5.32211],
						[119.51653, -5.32266],
						[119.51591, -5.32314],
						[119.51194, -5.32575],
						[119.5093, -5.32851],
						[119.50731, -5.33268],
						[119.50617, -5.33612],
						[119.50389, -5.33631],
						[119.49991, -5.33573],
						[119.49967, -5.33826],
						[119.50148, -5.33844],
						[119.50202, -5.33916],
						[119.50048, -5.34054],
						[119.50121, -5.34164],
						[119.50098, -5.34381],
						[119.50001, -5.34401],
						[119.50045, -5.34487],
						[119.49896, -5.34519],
						[119.49906, -5.34561],
						[119.4983, -5.3458],
						[119.49744, -5.3468],
						[119.49812, -5.34853],
						[119.50109, -5.34907],
						[119.50171, -5.34961],
						[119.5013, -5.35124],
						[119.50137, -5.35657],
						[119.50263, -5.36001],
						[119.50265, -5.36087],
						[119.50152, -5.36074],
						[119.50164, -5.36173],
						[119.49982, -5.3626],
						[119.49764, -5.3621],
						[119.4956, -5.36097],
						[119.49515, -5.36124],
						[119.49251, -5.36735],
						[119.4913, -5.36766],
						[119.49111, -5.36913],
						[119.49013, -5.36966],
						[119.48693, -5.36803],
						[119.48588, -5.36866],
						[119.48749, -5.3698],
						[119.4871, -5.37098],
						[119.48728, -5.37145],
						[119.48697, -5.37172],
						[119.48655, -5.37165],
						[119.48494, -5.36989],
						[119.48414, -5.3705],
						[119.48157, -5.37132],
						[119.4786, -5.37102],
						[119.47578, -5.37116],
						[119.47421, -5.37446],
						[119.47573, -5.37518],
						[119.47564, -5.3773],
						[119.47705, -5.37879],
						[119.47731, -5.38072],
						[119.47651, -5.38237],
						[119.47652, -5.38374],
						[119.47523, -5.38472],
						[119.47585, -5.38676],
						[119.47546, -5.3881],
						[119.47506, -5.3887],
						[119.47438, -5.38863],
						[119.47386, -5.38893],
						[119.4728, -5.39085],
						[119.47261, -5.39163],
						[119.4731, -5.39258],
						[119.47276, -5.39379]
					]
				]
			}
		},
		{
			"type": "Feature",
			"properties": {
				"slug": "takalar--sanrobone",
				"nama": "Sanrobone",
				"kabkota": "takalar",
				"osm": "relation/13138441",
				"pusat": [-5.4315165517241395, 119.39333160919549]
			},
			"geometry": {
				"type": "Polygon",
				"coordinates": [
					[
						[119.36602, -5.42191],
						[119.3657, -5.42236],
						[119.36593, -5.42297],
						[119.36649, -5.42412],
						[119.36771, -5.4255],
						[119.37002, -5.42661],
						[119.37331, -5.4301],
						[119.37614, -5.43533],
						[119.37754, -5.43859],
						[119.37859, -5.4425],
						[119.38065, -5.44709],
						[119.38284, -5.45001],
						[119.3838, -5.4506],
						[119.38645, -5.45121],
						[119.3923, -5.45648],
						[119.39406, -5.45703],
						[119.39591, -5.45669],
						[119.39662, -5.45701],
						[119.39644, -5.45624],
						[119.39423, -5.45471],
						[119.39068, -5.45049],
						[119.39081, -5.44849],
						[119.39157, -5.44706],
						[119.39373, -5.44587],
						[119.39488, -5.44569],
						[119.39886, -5.44645],
						[119.40063, -5.44752],
						[119.40114, -5.4482],
						[119.40202, -5.45204],
						[119.40333, -5.45372],
						[119.40472, -5.45437],
						[119.40615, -5.45424],
						[119.40759, -5.45273],
						[119.40792, -5.45173],
						[119.40757, -5.44832],
						[119.40775, -5.44673],
						[119.40876, -5.44394],
						[119.41034, -5.44304],
						[119.41169, -5.4431],
						[119.41257, -5.44354],
						[119.41334, -5.44339],
						[119.41545, -5.44124],
						[119.41778, -5.44062],
						[119.41629, -5.43726],
						[119.41124, -5.43699],
						[119.41061, -5.43653],
						[119.41036, -5.43533],
						[119.4119, -5.43135],
						[119.41291, -5.43053],
						[119.41345, -5.42924],
						[119.41883, -5.41521],
						[119.42, -5.41403],
						[119.42096, -5.41236],
						[119.42096, -5.41129],
						[119.41458, -5.40998],
						[119.40934, -5.40937],
						[119.40861, -5.40834],
						[119.40801, -5.40636],
						[119.4064, -5.4054],
						[119.3999, -5.4052],
						[119.39913, -5.40537],
						[119.39903, -5.40595],
						[119.40053, -5.40877],
						[119.4003, -5.41133],
						[119.39937, -5.41336],
						[119.39734, -5.41502],
						[119.39521, -5.41554],
						[119.39251, -5.4149],
						[119.39024, -5.41487],
						[119.38398, -5.41726],
						[119.38098, -5.41773],
						[119.37966, -5.41731],
						[119.3784, -5.41806],
						[119.37893, -5.42152],
						[119.37857, -5.42228],
						[119.37742, -5.42303],
						[119.37506, -5.42346],
						[119.37368, -5.42482],
						[119.37149, -5.42487],
						[119.3706, -5.4245],
						[119.37003, -5.42364],
						[119.37017, -5.42186],
						[119.36856, -5.42096],
						[119.3669, -5.4191],
						[119.36587, -5.41967],
						[119.36549, -5.4205],
						[119.36602, -5.42191]
					]
				]
			}
		}
	]
}
